pl_name,hostname,sy_snum,pl_rade,pl_bmassj,st_spectype,sy_dist,ra,dec
"Kepler-6 b","Kepler-6",1,14.61653600,0.66800000,,587.03900000,296.8372475,48.2399695
"Kepler-491 b","Kepler-491",1,8.92000000,,,630.78500000,287.1305782,42.3501533
"Kepler-257 b","Kepler-257",1,2.61000000,,,780.25600000,297.3159994,46.0232642
"Kepler-216 b","Kepler-216",1,2.35000000,,,1187.47000000,293.7280695,46.1291139
"Kepler-32 c","Kepler-32",1,2.00000000,0.50000000,,323.84700000,297.8423073,46.5743595
"Kepler-259 c","Kepler-259",1,2.70000000,,,1002.14000000,288.2119707,46.6150461
"Kepler-148 c","Kepler-148",1,3.60000000,,,791.16300000,289.7861626,46.8588176
"Kepler-222 d","Kepler-222",1,3.69000000,,,758.85400000,287.9060885,46.9377479
"Kepler-29 c","Kepler-29",1,2.34000000,0.01415851,,832.53200000,298.3483820,47.4913021
"Kepler-179 b","Kepler-179",1,1.64000000,,,605.68000000,298.6636163,47.7619329
"Kepler-165 c","Kepler-165",1,2.23000000,,,560.88500000,280.6909200,47.8096702
"Kepler-228 c","Kepler-228",1,2.70000000,,,1644.61000000,296.2860853,48.2246328
"Kepler-20 c","Kepler-20",2,2.89400000,0.03492451,,282.56300000,287.6979913,42.3385782
"Kepler-166 d","Kepler-166",1,1.73000000,,,603.53000000,293.1600977,48.8812074
"Kepler-52 b","Kepler-52",1,2.10000000,0.42475750,,321.54200000,286.7380152,49.9757383
"Kepler-197 d","Kepler-197",2,1.22000000,,,330.57500000,295.2264739,50.5592348
"K2-183 d","K2-183",1,2.30000000,,,329.04100000,125.0071770,14.0194586
"K2-187 e","K2-187",1,1.90000000,,,330.91600000,132.5235618,23.1924709
"K2-187 c","K2-187",1,1.40000000,,,330.91600000,132.5235618,23.1924709
"K2-270 b","K2-270",1,1.38000000,,,280.51800000,131.2665588,13.5497322
"Kepler-184 d","Kepler-184",1,2.49000000,,,610.32600000,291.9518784,43.0746172
"Kepler-257 d","Kepler-257",1,4.95000000,,,780.25600000,297.3159994,46.0232642
"K2-280 b","K2-280",1,7.50000000,0.11672965,,391.53700000,291.5953596,-22.2477071
"K2-381 c","K2-381",1,2.00000000,,,145.70100000,288.0267612,-21.0075789
"Kepler-222 c","Kepler-222",1,4.64000000,,,758.85400000,287.9060885,46.9377479
"HATS-36 b","HATS-36",1,12.92000000,,,856.43600000,291.4787013,-23.2028183
"Kepler-229 b","Kepler-229",1,2.20000000,,,826.26500000,286.9994758,48.3757867
"K2-222 b","K2-222",1,2.27500000,0.02359764,"G0",101.32100000,16.4625203,11.7537171
"K2-214 b","K2-214",1,2.51000000,,,300.64000000,14.8759777,4.2277722
"K2-220 b","K2-220",1,2.37000000,,,233.51400000,12.7700071,9.5167694
"K2-216 b","K2-216",1,1.75000000,0.02517069,"K5 V",115.46100000,11.4802354,6.3470302
"K2-212 b","K2-212",1,2.65000000,,,109.21800000,18.4241015,3.0970732
"Kepler-166 c","Kepler-166",1,2.38000000,,,603.53000000,293.1600977,48.8812074
"K2-151 b","K2-151",2,1.49000000,,,69.47980000,19.3047733,9.5012663
"K2-295 b","K2-295",1,10.05447300,0.33500000,"K5 V",232.80100000,19.6101417,6.8167277
"K2-282 b","K2-282",1,2.50000000,,,496.28900000,13.4321524,7.9952914
"K2-283 b","K2-283",1,3.52000000,,,402.91500000,13.1943679,9.6929181
"K2-281 b","K2-281",1,8.18000000,,,458.13900000,16.2274724,7.2692169
"K2-387 b","K2-387",1,7.32200000,,,266.31800000,19.4418282,11.3684915
"Kepler-197 b","Kepler-197",2,1.02000000,,,330.57500000,295.2264739,50.5592348
"K2-156 b","K2-156",1,1.10000000,,,150.21000000,182.6996730,-6.2943552
"K2-157 b","K2-157",1,0.93500000,0.00360000,"G9 V",298.37300000,183.7514959,-5.7820178
"K2-158 b","K2-158",1,2.64000000,,,197.29900000,179.9397081,-5.7216879
"K2-244 b","K2-244",1,1.75000000,,,212.90200000,183.4686492,-3.8318097
"Kepler-108 c","Kepler-108",2,8.18000000,,,338.73200000,294.5589885,46.0623952
"K2-159 b","K2-159",1,2.26000000,,,170.99800000,180.5408896,-3.5809053
"K2-160 b","K2-160",1,3.17824034,,,315.36300000,184.0545174,-3.5530888
"K2-161 b","K2-161",1,6.11721229,,,916.31900000,183.7938491,-3.4956913
"K2-162 b","K2-162",1,1.44000000,,,124.43300000,186.0383865,-1.1114790
"K2-163 b","K2-163",1,2.46610713,,,208.52900000,182.3292517,-0.5393421
"K2-165 b","K2-165",1,1.27443657,,,134.59100000,184.9004881,0.9683270
"K2-165 c","K2-165",1,1.55409035,,,134.59100000,184.9004881,0.9683270
"K2-165 d","K2-165",1,2.64809498,,,134.59100000,184.9004881,0.9683270
"Kepler-477 b","Kepler-477",2,2.07000000,,,,288.0674450,42.3553050
"Kepler-108 b","Kepler-108",2,8.65000000,,,338.73200000,294.5589885,46.0623952
"EPIC 201595106 b","EPIC 201595106",1,1.56500000,0.02413252,,232.10000000,183.7203635,1.9681688
"K2-166 b","K2-166",1,2.19000000,,,476.88200000,185.1880932,2.2823788
"K2-175 b","K2-175",1,2.03803688,,,247.26600000,52.5035514,17.5841081
"K2-176 b","K2-176",1,1.49090097,,,247.30200000,58.2691796,17.9069486
"K2-177 b","K2-177",1,2.11620480,,,492.16700000,55.2296156,20.7360891
"K2-178 b","K2-178",1,3.55790985,,,214.75300000,52.8888524,22.4348186
"Kepler-9 d","Kepler-9",1,1.64000000,,,628.25700000,285.5739904,38.4008192
"K2-183 b","K2-183",1,1.10000000,,,329.04100000,125.0071770,14.0194586
"K2-185 b","K2-185",1,1.15000000,,,268.35700000,130.2596625,14.6902225
"K2-185 c","K2-185",1,2.39000000,,,268.35700000,130.2596625,14.6902225
"K2-263 b","K2-263",1,2.51300000,0.04845382,"G9 V",162.48100000,129.6821253,15.6806039
"K2-186 b","K2-186",1,3.17207779,,,330.73900000,135.3350487,18.8252879
"K2-341 b","K2-341",1,3.21000000,,,421.40800000,130.4971951,19.9166357
"K2-187 b","K2-187",1,1.20000000,,,330.91600000,132.5235618,23.1924709
"K2-188 b","K2-188",1,1.35000000,,,446.82100000,129.8137008,23.3574367
"K2-189 b","K2-189",1,1.40300000,,,242.11300000,203.6214411,-15.0365158
"K2-190 c","K2-190",1,1.09308317,,,160.67900000,205.3630485,-13.1608686
"K2-195 c","K2-195",1,2.57581891,,,315.01400000,199.8315191,-8.5095364
"K2-196 b","K2-196",1,3.59970536,,,584.87700000,200.4562487,-8.4717104
"Kepler-42 b","Kepler-42",1,0.78000000,,"M",40.05950000,292.2196000,44.6173667
"K2-201 b","K2-201",1,1.40006712,,,197.93200000,293.5607117,-23.1312775
"K2-201 c","K2-201",1,3.28568401,,,197.93200000,293.5607117,-23.1312775
"K2-202 b","K2-202",1,2.30165603,,,300.39700000,283.2643203,-22.4070553
"K2-381 b","K2-381",1,1.07500000,,,145.70100000,288.0267612,-21.0075789
"K2-381 d","K2-381",1,1.68900000,,,145.70100000,288.0267612,-21.0075789
"K2-382 b","K2-382",1,2.07200000,,,278.41200000,287.4125267,-19.6269336
"K2-383 b","K2-383",1,1.56400000,,,203.78800000,282.0087650,-18.3795798
"K2-203 b","K2-203",1,1.26549392,,,166.14700000,12.7736909,-1.1958844
"K2-204 b","K2-204",1,3.17214154,,,577.23500000,17.3825067,-0.5177539
"K2-205 b","K2-205",1,1.99552771,,,405.30100000,15.2175909,0.4259660
"K2-206 b","K2-206",1,2.79522879,,,244.44300000,11.2564264,0.5931866
"K2-207 b","K2-207",1,2.60585269,,,363.06400000,11.6996481,0.6406182
"K2-208 b","K2-208",1,1.67462172,,,256.88700000,20.7789809,0.8890076
"K2-209 b","K2-209",1,0.86850263,,,76.49860000,14.6903464,1.3828070
"K2-210 b","K2-210",1,0.86000000,,,176.51000000,17.6412694,1.5784137
"K2-211 b","K2-211",1,1.33162691,,,272.29700000,21.1061587,1.7049101
"K2-213 b","K2-213",1,1.51398464,,,389.70200000,13.1403998,3.5077702
"K2-215 b","K2-215",1,2.12381238,,,403.96400000,18.4700795,6.1238647
"K2-217 b","K2-217",1,3.57854073,,,381.87800000,11.2983678,6.4815879
"K2-218 b","K2-218",1,2.56948149,,,394.08300000,12.8096130,6.8464327
"K2-219 b","K2-219",1,1.34762583,,,325.40000000,12.8452963,8.8675474
"K2-219 c","K2-219",1,1.43839723,,,325.40000000,12.8452963,8.8675474
"K2-219 d","K2-219",1,2.57634456,,,325.40000000,12.8452963,8.8675474
"K2-221 b","K2-221",1,1.67890272,,,318.81000000,16.6550286,10.1897385
"K2-223 b","K2-223",1,0.89000000,,,198.60400000,185.3061830,-10.2820915
"K2-223 c","K2-223",1,1.50000000,,,198.60400000,185.3061830,-10.2820915
"K2-224 b","K2-224",1,1.56000000,,,275.25500000,189.7041426,-10.0605942
"K2-224 c","K2-224",1,2.41000000,,,275.25500000,189.7041426,-10.0605942
"K2-225 b","K2-225",1,3.60929179,,,357.77800000,186.5410958,-9.6248232
"K2-226 b","K2-226",1,1.53899305,,,211.26500000,183.6456643,-9.5626286
"K2-227 b","K2-227",1,1.66551298,,,187.23400000,190.9484237,-8.4784159
"K2-228 b","K2-228",1,1.21000000,,,129.46000000,187.2947047,-6.8342028
"K2-229 b","K2-229",1,1.00000000,,,102.56400000,186.8729195,-6.7218474
"K2-229 c","K2-229",1,2.03000000,,,102.56400000,186.8729195,-6.7218474
"K2-230 b","K2-230",1,1.96000000,,,540.77300000,191.3631170,-6.5760510
"EPIC 229004835 b","EPIC 229004835",1,2.33200000,0.03272206,,121.97100000,186.4860415,-1.4047214
"K2-259 b","K2-259",1,2.32000000,,,416.45700000,186.8026947,1.5668631
"K2-80 d","K2-80",1,2.55211506,,,200.80200000,59.0374860,13.5590288
"EPIC 228836835 b","EPIC 228836835",1,1.10000000,,,150.12400000,189.5748998,-5.2446247
"K2-331 c","K2-331",1,2.72000000,,,211.43000000,132.7376431,13.1702690
"K2-333 b","K2-333",1,6.18000000,,,343.99000000,136.7892752,15.2056765
"K2-334 b","K2-334",1,5.65000000,,,371.82300000,136.4894259,16.3255146
"K2-342 b","K2-342",1,2.03000000,,,208.35700000,133.1218996,21.2386816
"K2-343 c","K2-343",1,2.02000000,,,166.16900000,134.2021746,21.5026882
"K2-344 b","K2-344",1,1.59000000,,,75.16910000,136.3614923,21.6685886
"K2-348 b","K2-348",1,3.26000000,,,201.85600000,130.8783479,24.4229559
"K2-348 c","K2-348",1,2.67000000,,,201.85600000,130.8783479,24.4229559
"K2-352 c","K2-352",1,1.92000000,,,176.05100000,140.4451478,18.4696280
"K2-352 d","K2-352",1,2.23000000,,,176.05100000,140.4451478,18.4696280
"G 9-40 b","G 9-40",1,1.90000000,0.01258541,,27.92760000,134.7188514,21.0747961
"HD 80653 b","HD 80653",1,1.62100000,0.01765103,"G0 V",109.86000000,140.3390845,14.3678691
"Kepler-21 b","Kepler-21",2,1.63900000,0.02359764,,108.52200000,287.3619673,38.7141384
"Kepler-8 b","Kepler-8",1,15.87194400,0.59000000,,1021.87000000,281.2881335,42.4510975
"TOI-4588 b","TOI-4588",1,2.92922558,,,225.18100000,282.0004201,48.5422560
"KOI-984 b","KOI-984",1,4.30000000,,,252.66700000,291.0489438,36.8400772
"Kepler-505 b","Kepler-505",1,2.60000000,,,283.41000000,287.8579530,42.5426758
"Kepler-745 b","Kepler-745",1,2.16000000,,,1780.38000000,291.4994412,37.0592571
"Kepler-262 c","Kepler-262",1,1.64000000,,,613.12900000,290.7287168,37.2526575
"Kepler-748 b","Kepler-748",1,2.52000000,,,1705.99000000,292.2628779,37.2369732
"Kepler-264 b","Kepler-264",1,3.33000000,,,942.17300000,292.0446280,37.3761861
"HD 73344 b","HD 73344",1,2.88400000,0.03297377,"F6 V",35.26000000,129.6894456,23.6852651
"Kepler-1732 b","Kepler-1732",1,4.09903273,,,1289.41000000,292.2910129,37.5807686
"Kepler-263 b","Kepler-263",1,2.67000000,,,754.74700000,292.4698022,37.5677941
"Kepler-261 b","Kepler-261",1,2.18000000,,,317.49900000,291.3647333,37.6092390
"K2-368 d","K2-368",1,1.94800000,,,206.60800000,332.6357627,-11.1661157
"K2-368 c","K2-368",1,1.36100000,,,206.60800000,332.6357627,-11.1661157
"Kepler-1733 b","Kepler-1733",1,3.63582354,,,2080.51000000,291.1384628,37.8592447
"Kepler-754 b","Kepler-754",1,2.01000000,,,1770.27000000,293.2541121,37.8461519
"K2-373 b","K2-373",1,2.06100000,,,229.56700000,123.1361518,13.6884986
"Kepler-753 b","Kepler-753",1,1.91000000,,,274.76700000,291.9032411,37.9023677
"K2-339 b","K2-339",1,1.92000000,,,360.36000000,130.0825420,18.6929046
"Kepler-752 b","Kepler-752",1,2.81000000,,,1232.29000000,292.2681469,37.9556720
"K2-343 b","K2-343",1,1.65000000,,,166.16900000,134.2021746,21.5026882
"Kepler-766 b","Kepler-766",1,3.39000000,,,2297.62000000,293.1845144,37.9698357
"Kepler-771 b","Kepler-771",1,1.82000000,,,1393.85000000,287.4441104,38.0884183
"EPIC 212624936 c","EPIC 212624936",1,2.30000000,,,561.92900000,210.6376171,-10.0236852
"Kepler-773 b","Kepler-773",1,1.43000000,,,547.02600000,290.8846217,38.0575539
"K2-379 b","K2-379",1,2.18100000,,,182.20700000,283.0317641,-27.1807287
"K2-380 b","K2-380",1,2.72900000,,,249.30300000,283.4346389,-26.5387308
"Kepler-767 b","Kepler-767",1,6.64000000,,,2251.03000000,291.5791562,38.0358066
"Kepler-260 b","Kepler-260",1,2.01000000,,,627.36500000,291.9259658,38.0140525
"Kepler-268 b","Kepler-268",1,2.55000000,,,851.87000000,291.9761559,38.0550327
"K2-384 f","K2-384",1,2.22200000,,"M4 V",82.66030000,20.4998403,0.7509701
"K2-384 d","K2-384",1,1.39200000,,"M4 V",82.66030000,20.4998403,0.7509701
"K2-384 c","K2-384",1,1.19100000,,"M4 V",82.66030000,20.4998403,0.7509701
"K2-384 e","K2-384",1,1.34500000,,"M4 V",82.66030000,20.4998403,0.7509701
"K2-385 b","K2-385",1,1.53900000,,,420.81900000,12.6140752,5.8712567
"Kepler-1736 b","Kepler-1736",1,3.87658560,,,1430.00000000,289.7766991,38.2622374
"K2-386 b","K2-386",1,2.32000000,,,428.78500000,18.2999964,7.0130302
"Kepler-774 b","Kepler-774",1,3.17000000,,,917.80400000,291.0318604,38.2118940
"Kepler-772 b","Kepler-772",1,1.82000000,,,1130.21000000,291.4235820,38.2165603
"K2-268 d","K2-268",1,1.49000000,,,327.78300000,133.7094899,11.8482712
"K2-268 f","K2-268",1,2.23000000,,,327.78300000,133.7094899,11.8482712
"K2-268 e","K2-268",1,1.33000000,,,327.78300000,133.7094899,11.8482712
"K2-393 b","K2-393",1,2.35200000,,,265.91400000,348.5159113,-0.0821031
"K2-394 b","K2-394",1,1.69200000,,,98.01520000,71.1100020,16.5185817
"Kepler-119 b","Kepler-119",1,3.60000000,,,701.99600000,295.9463854,42.6588324
"11 UMi b","11 UMi",1,,14.74000000,,125.32100000,229.2745954,71.8239428
"14 And b","14 And",1,,3.55900000,"K0 III",75.43920000,352.8241500,39.2358367
"14 Her b","14 Her",1,,8.90000000,"K0",17.93230000,242.6021014,43.8163621
"16 Cyg B b","16 Cyg B",3,,1.78000000,,21.13970000,295.4656422,50.5168243
"18 Del b","18 Del",2,,9.20700000,"G6 III",76.22200000,314.6078375,10.8391378
"1RXS J160929.1-210524 b","1RXS J160929.1-210524",1,,8.00000000,"K7 V",139.13500000,242.3762343,-21.0831403
"24 Sex b","24 Sex",1,,1.99000000,,72.06910000,155.8684866,-0.9023998
"24 Sex c","24 Sex",1,,0.86000000,,72.06910000,155.8684866,-0.9023998
"2MASS J12073346-3932539 b","2MASS J12073346-3932539",1,15.69257298,5.20000000,"M8",64.30800000,181.8890906,-39.5484399
"2MASS J04414489+2301513 b","2MASS J04414489+2301513",1,,7.50000000,"M8.5",,70.4371079,23.0308544
"47 UMa b","47 UMa",1,,2.53000000,,13.79670000,164.8647611,40.4304931
"47 UMa c","47 UMa",1,,0.54000000,,13.79670000,164.8647611,40.4304931
"47 UMa d","47 UMa",1,,1.64000000,,13.79670000,164.8647611,40.4304931
"4 UMa b","4 UMa",1,,7.90200000,"K1 III",73.46030000,130.0528099,64.3280504
"Kepler-770 b","Kepler-770",1,2.30000000,,,930.45700000,286.4904589,38.3748720
"51 Peg b","51 Peg",1,,0.61000000,,15.46140000,344.3675399,20.7690958
"55 Cnc b","55 Cnc",2,,0.86839311,"G8 V",12.58550000,133.1468373,28.3298154
"55 Cnc c","55 Cnc",2,,0.17808352,"G8 V",12.58550000,133.1468373,28.3298154
"55 Cnc d","55 Cnc",2,,3.82000000,"G8 V",12.58550000,133.1468373,28.3298154
"55 Cnc e","55 Cnc",2,1.87500000,0.02513923,,12.58550000,133.1468373,28.3298154
"55 Cnc f","55 Cnc",2,,0.15259807,"G8 V",12.58550000,133.1468373,28.3298154
"61 Vir b","61 Vir",1,,0.01600000,"G5 V",8.50332000,199.5964550,-18.3157745
"61 Vir c","61 Vir",1,,0.05700000,"G5 V",8.50332000,199.5964550,-18.3157745
"61 Vir d","61 Vir",1,,0.07200000,"G5 V",8.50332000,199.5964550,-18.3157745
"6 Lyn b","6 Lyn",1,,1.88100000,"K0 IV",54.65990000,97.6960311,58.1611753
"70 Vir b","70 Vir",1,,7.41600000,,17.90110000,202.1064898,13.7763085
"7 CMa b","7 CMa",1,,1.85000000,,19.81010000,99.1712760,-19.2561808
"81 Cet b","81 Cet",1,,3.30700000,"G5 III",101.26000000,39.4243555,-3.3963607
"AB Pic b","AB Pic",1,,13.50000000,"K2 V",50.04750000,94.8039208,-58.0541184
"BD-08 2823 b","BD-08 2823",1,,0.04000000,,41.33420000,150.1971964,-9.5165689
"BD-08 2823 c","BD-08 2823",1,,0.33000000,"K3 V",41.33420000,150.1971964,-9.5165689
"BD-10 3166 b","BD-10 3166",1,,0.59000000,,84.40690000,164.6191243,-10.7704227
"BD+14 4559 b","BD+14 4559",1,,1.04000000,,49.35200000,318.4010002,14.6893834
"BD-17 63 b","BD-17 63",1,,5.16000000,,34.46030000,7.1413494,-16.2273254
"BD+20 2457 b","BD+20 2457",1,,21.42000000,"K2 II",1539.71000000,154.1867820,19.8912626
"BD+20 2457 c","BD+20 2457",1,,12.47000000,"K2 II",1539.71000000,154.1867820,19.8912626
"BD+48 738 b","BD+48 738",1,,0.91000000,"K0 III",871.49300000,40.7102869,49.5869395
"bet Pic b","bet Pic",1,,8.70000000,"A6 V",19.74420000,86.8212337,-51.0661480
"CoRoT-10 b","CoRoT-10",1,10.87000000,2.75000000,"K1 V",338.38600000,291.0636813,0.7460143
"CoRoT-11 b","CoRoT-11",1,16.03000000,2.33000000,"F6 V",655.03700000,280.6872998,5.9376586
"CoRoT-12 b","CoRoT-12",1,16.14000000,0.91700000,,1126.37000000,100.7656871,-1.2964437
"CoRoT-13 b","CoRoT-13",1,9.92000000,1.30800000,"G0 V",1148.93000000,102.7211432,-5.0864557
"CoRoT-14 b","CoRoT-14",1,12.22000000,7.60000000,"F9 V",1744.60000000,103.4242023,-5.5360385
"CoRoT-17 b","CoRoT-17",1,11.43000000,2.43000000,"G2 V",1176.12000000,278.6992360,-6.6122880
"CoRoT-18 b","CoRoT-18",1,14.68000000,3.47000000,"G9 V",764.88900000,98.1724172,-0.0316045
"CoRoT-19 b","CoRoT-19",1,14.46000000,1.11000000,"F9 V",790.66300000,97.0335983,-0.1707293
"CoRoT-1 b","CoRoT-1",1,16.70000000,1.03000000,"G0 V",787.90900000,102.0798591,-3.1021394
"CoRoT-20 b","CoRoT-20",1,,4.30000000,,844.06100000,97.7204249,0.2268931
"CoRoT-23 b","CoRoT-23",1,11.77000000,2.80000000,"G0 V",1060.97000000,279.7826586,4.3577516
"CoRoT-2 b","CoRoT-2",2,16.43200000,3.47000000,,213.28300000,291.7770457,1.3836634
"CoRoT-3 b","CoRoT-3",1,11.32000000,21.66000000,"F3 V",768.77100000,292.0552827,0.1218359
"CoRoT-4 b","CoRoT-4",1,13.34000000,0.72000000,,726.41200000,102.1946233,-0.6727861
"CoRoT-5 b","CoRoT-5",1,15.55800000,0.46700000,"F9 V",882.47200000,101.2772396,0.8152163
"CoRoT-6 b","CoRoT-6",1,13.06800000,2.96000000,"F9 V",645.29400000,281.0725563,6.6632062
"CoRoT-7 b","CoRoT-7",1,1.68135000,0.01282637,,159.90600000,100.9561682,-1.0630076
"Kepler-24 c","Kepler-24",1,2.51400000,0.03143206,,1156.81000000,290.4132621,38.3437283
"CoRoT-7 c","CoRoT-7",1,,0.02642922,,159.90600000,100.9561682,-1.0630076
"CoRoT-8 b","CoRoT-8",1,6.39000000,0.22000000,"K1 V",322.03700000,291.5885696,1.4262972
"CoRoT-9 b","CoRoT-9",2,11.94879400,0.84000000,,412.98000000,280.7866461,6.2040783
"CT Cha b","CT Cha",1,24.66000000,17.00000000,,190.72000000,166.0375038,-76.4553693
"DP Leo b","DP Leo",2,,6.05000000,,305.68400000,169.3162193,17.9615717
"eps Eri b","eps Eri",1,,1.00000000,,3.20260000,53.2284306,-9.4581715
"eps Tau b","eps Tau",1,,7.19000000,"K0 III",47.52852000,67.1546573,19.1802782
"gam1 Leo b","gam1 Leo",2,,8.78000000,,39.88830000,154.9932080,19.8413890
"gam Cep b","gam Cep",2,,6.60000000,"K1 III-IV",14.10240000,354.8358233,77.6331009
"GJ 1214 b","GJ 1214",1,2.73300000,0.02646082,,14.64270000,258.8313991,4.9606795
"GJ 3021 b","GJ 3021",2,,3.37000000,"G6 V",17.55590000,4.0634323,-79.8514218
"GJ 317 b","GJ 317",1,,1.68800000,"M3.5 V",15.19680000,130.2445254,-23.4528090
"GJ 3634 b","GJ 3634",1,,0.02600000,"M2.5",20.37790000,164.6433493,-31.1443383
"GJ 433 b","GJ 433",1,,0.01901331,,9.06456000,173.8619194,-32.5436302
"GJ 436 b","GJ 436",1,4.17000000,0.07000000,,9.75321000,175.5505363,26.7030669
"GJ 649 b","GJ 649",1,,0.25800000,"M1.0",10.37960000,254.5363221,25.7419719
"GJ 667 C b","GJ 667 C",3,,,,7.24396000,259.7510609,-34.9977651
"GJ 667 C c","GJ 667 C",3,,0.01200000,"M1.5 V",7.24396000,259.7510609,-34.9977651
"GJ 674 b","GJ 674",1,,0.03500000,"M2.5",4.54896000,262.1700476,-46.8989826
"GJ 676 A b","GJ 676 A",2,,5.79200000,,16.02720000,262.5448903,-51.6377777
"GJ 832 b","GJ 832",1,,0.99000000,"M2/3 V",4.96435000,323.3912616,-49.0125169
"GJ 849 b","GJ 849",1,,0.89300000,"M3.5",8.80058000,332.4229938,-4.6408317
"GJ 179 b","GJ 179",1,,0.82000000,"M3.5 V",12.35600000,73.0245495,6.4752347
"GJ 581 b","GJ 581",1,,0.06450021,"M3.0 V",6.29810000,229.8564725,-7.7226935
"GJ 581 c","GJ 581",1,,0.02142666,"M3.0 V",6.29810000,229.8564725,-7.7226935
"GJ 581 e","GJ 581",1,,0.00780295,"M3.0 V",6.29810000,229.8564725,-7.7226935
"GJ 86 b","GJ 86",2,,4.42000000,,10.78360000,32.6224785,-50.8209945
"GJ 876 b","GJ 876",1,,2.27560000,,4.67517000,343.3239737,-14.2665958
"GJ 876 c","GJ 876",1,,0.71420000,,4.67517000,343.3239737,-14.2665958
"GJ 876 d","GJ 876",1,,0.02100000,,4.67517000,343.3239737,-14.2665958
"GJ 876 e","GJ 876",1,,0.04600000,,4.67517000,343.3239737,-14.2665958
"GQ Lup b","GQ Lup",1,33.60000000,20.00000000,"K7e V",151.16900000,237.3003643,-35.6515055
"GSC 06214-00210 b","GSC 06214-00210",1,,16.00000000,"K7",108.50000000,245.4776921,-20.7193398
"HAT-P-12 b","HAT-P-12",1,10.74900000,0.21100000,"K4",142.75100000,209.3886452,43.4933100
"HAT-P-13 b","HAT-P-13",1,14.25800000,0.85100000,,246.81000000,129.8823772,47.3519076
"HAT-P-13 c","HAT-P-13",1,,14.28000000,,246.81000000,129.8823772,47.3519076
"HAT-P-14 b","HAT-P-14",2,15.91678000,3.44000000,,222.66300000,260.1161719,38.2421682
"HAT-P-15 b","HAT-P-15",1,11.88154000,1.94000000,,192.51600000,66.2481420,39.4606020
"HAT-P-16 b","HAT-P-16",3,14.68376472,,"F8",226.63700000,9.5730343,42.4630961
"HAT-P-17 b","HAT-P-17",1,11.76945000,0.58000000,,92.38310000,324.5359781,30.4881882
"Kepler-123 b","Kepler-123",1,2.94000000,,,1021.66000000,296.9985853,42.7819633
"Kepler-769 b","Kepler-769",1,2.92000000,,,1169.57000000,292.7130925,38.3581685
"HAT-P-17 c","HAT-P-17",1,,3.40000000,,92.38310000,324.5359781,30.4881882
"HAT-P-18 b","HAT-P-18",1,11.15300000,0.19700000,"K2",161.40000000,256.3463760,33.0123251
"HAT-P-19 b","HAT-P-19",1,11.29865255,0.27700000,,202.07800000,9.5165832,34.7114025
"HAT-P-1 b","HAT-P-1",2,14.78467100,0.52500000,,158.97900000,344.4453632,38.6749190
"HAT-P-20 b","HAT-P-20",1,9.71800000,7.24600000,"K3",71.03740000,111.9164295,24.3361185
"HAT-P-21 b","HAT-P-21",1,12.44199000,4.87000000,,277.27800000,171.2749348,41.0280207
"HAT-P-22 b","HAT-P-22",2,12.89035000,2.47000000,,81.76470000,155.6814593,50.1287115
"HAT-P-23 b","HAT-P-23",1,15.33400000,2.09000000,"G0",364.81300000,306.1239076,16.7621462
"HAT-P-24 b","HAT-P-24",2,14.57170000,0.75000000,,415.34400000,108.8251171,14.2626064
"HAT-P-25 b","HAT-P-25",1,12.72221500,0.56900000,,300.38400000,48.4354731,25.1973548
"HAT-P-26 b","HAT-P-26",1,7.06167000,0.07000000,,141.83700000,213.1565508,4.0594175
"HAT-P-27 b","HAT-P-27",2,11.43000000,0.62000000,,199.17300000,222.7673221,5.9473626
"HAT-P-28 b","HAT-P-28",1,13.58500000,0.62600000,"G3",401.31900000,13.0009159,34.7284020
"HAT-P-29 b","HAT-P-29",2,13.11453000,0.88000000,,313.57600000,33.1310921,51.7787754
"HAT-P-2 b","HAT-P-2",1,,8.62000000,"F8",127.77400000,245.1514324,41.0479601
"HAT-P-30 b","HAT-P-30",2,16.14096000,0.83000000,,213.98500000,123.9498431,5.8368669
"HAT-P-31 b","HAT-P-31",1,12.21781000,2.27000000,,344.05000000,271.5376722,26.4266061
"HAT-P-32 b","HAT-P-32",2,22.19382000,0.68000000,,289.20500000,31.0427614,46.6878512
"HAT-P-33 b","HAT-P-33",2,20.73665000,0.92000000,,396.11000000,113.1842383,33.8350214
"HAT-P-34 b","HAT-P-34",1,13.41717300,3.33000000,,249.32500000,303.1954355,18.1047776
"Kepler-1735 b","Kepler-1735",1,1.19429134,,,245.30300000,281.0503476,47.1882005
"HAT-P-35 b","HAT-P-35",3,14.93038800,1.05600000,,506.96500000,123.2507030,4.7870288
"HAT-P-36 b","HAT-P-36",1,14.31389300,1.84820000,,294.41900000,188.2662048,44.9153672
"HAT-P-37 b","HAT-P-37",1,13.20400000,1.16900000,,390.59400000,284.2960393,51.2691212
"HAT-P-3 b","HAT-P-3",2,10.53646000,0.65000000,,134.55400000,206.0940142,48.0285650
"HAT-P-4 b","HAT-P-4",2,14.28000000,0.67100000,,320.45100000,229.9912200,36.2295450
"HAT-P-5 b","HAT-P-5",1,13.56289000,0.98000000,,303.33600000,274.4055335,36.6214617
"HAT-P-6 b","HAT-P-6",1,16.58932000,1.32000000,,275.35800000,354.7740917,42.4659866
"HAT-P-8 b","HAT-P-8",3,15.69260000,1.28000000,,211.55300000,343.0414932,35.4471778
"HAT-P-9 b","HAT-P-9",1,15.61413700,0.74900000,,455.20300000,110.1685157,37.1405946
"HD 100655 b","HD 100655",2,,1.61000000,,137.17800000,173.7653631,20.4415410
"Kepler-765 b","Kepler-765",1,2.43000000,,,1076.28000000,283.1846044,47.1557114
"HD 100777 b","HD 100777",1,,1.23000000,"G8 V",49.53360000,173.9646303,-4.7555425
"HD 10180 c","HD 10180",1,,0.04160000,,38.96070000,24.4731133,-60.5114881
"HD 10180 d","HD 10180",1,,0.03780000,,38.96070000,24.4731133,-60.5114881
"HD 10180 e","HD 10180",1,,0.08050000,,38.96070000,24.4731133,-60.5114881
"HD 10180 f","HD 10180",1,,0.07220000,,38.96070000,24.4731133,-60.5114881
"HD 10180 g","HD 10180",1,,0.07320000,,38.96070000,24.4731133,-60.5114881
"HD 10180 h","HD 10180",1,,0.20660000,,38.96070000,24.4731133,-60.5114881
"HD 101930 b","HD 101930",2,,0.25000000,,30.02740000,175.8756080,-58.0053798
"HD 102117 b","HD 102117",1,,0.17000000,,39.57920000,176.2097267,-58.7040134
"HD 102195 b","HD 102195",1,,0.41000000,,29.33860000,176.4254063,2.8209912
"Kepler-763 d","Kepler-763",1,1.67000000,,,962.45900000,292.1445534,47.1573604
"HD 102272 b","HD 102272",1,,4.94000000,,347.09700000,176.5980316,14.1240201
"HD 102329 b","HD 102329",1,,8.16000000,,217.10700000,176.6941567,3.4742143
"HD 102956 b","HD 102956",2,,0.96000000,,121.89000000,177.8436988,57.6406584
"HD 103197 b","HD 103197",1,,0.09000000,,57.14630000,178.2201971,-50.2927911
"HD 104067 b","HD 104067",1,,0.19538845,,20.36320000,179.7923543,-20.3556058
"HD 104985 b","HD 104985",1,,5.55900000,"G9 III",100.57600000,181.3157854,76.9053359
"HD 106252 b","HD 106252",1,,10.00000000,"G0",38.18500000,183.3730583,10.0404302
"HD 106270 b","HD 106270",1,,10.13000000,,93.80800000,183.4049258,-9.5135645
"HD 10647 b","HD 10647",1,,0.94000000,"F9 V",17.33570000,25.6233526,-53.7412852
"HD 10697 b","HD 10697",1,,5.74300000,,33.12050000,26.2324076,20.0826974
"HD 107148 b","HD 107148",2,,0.21000000,,49.41560000,184.8059773,-3.3199927
"HD 108147 b","HD 108147",1,,0.26100000,,38.92000000,186.4409852,-64.0223492
"HD 108863 b","HD 108863",1,,2.41400000,,164.74200000,187.5826081,21.9480993
"HD 108874 b","HD 108874",1,,1.42000000,,59.51750000,187.6126029,22.8794399
"HD 108874 c","HD 108874",1,,0.99000000,"G5",59.51750000,187.6126029,22.8794399
"HD 109246 b","HD 109246",1,,0.86000000,,67.83490000,188.0271840,74.4893379
"HD 109749 b","HD 109749",2,,0.27000000,"G3 V",63.08210000,189.3173489,-40.8121458
"HD 110014 b","HD 110014",1,,11.09000000,"K2 III",100.75800000,189.8111935,-7.9956702
"HD 111232 b","HD 111232",1,,7.96500000,,28.95710000,192.2159553,-68.4246679
"HD 113538 b","HD 113538",1,,0.36000000,"K9 V",16.28170000,196.2339330,-52.4463502
"HD 113538 c","HD 113538",1,,0.93000000,"K9 V",16.28170000,196.2339330,-52.4463502
"HD 114386 b","HD 114386",1,,1.14000000,,27.92430000,197.6652124,-35.0561807
"HD 114729 b","HD 114729",2,,0.82500000,,37.80630000,198.1833997,-31.8746756
"HD 114783 b","HD 114783",1,,1.10000000,"K0",21.06280000,198.1818436,-2.2649921
"HD 11506 b","HD 11506",1,,4.80000000,"G0 V",51.26100000,28.2106607,-19.5073960
"HD 11506 c","HD 11506",1,,0.40000000,"G0 V",51.26100000,28.2106607,-19.5073960
"HD 116029 b","HD 116029",2,,1.40000000,,123.24500000,200.1646905,24.6484725
"HD 117207 b","HD 117207",1,,1.92600000,,32.35470000,202.3368806,-35.5713041
"HD 117618 b","HD 117618",1,,0.17400000,,37.77810000,203.1066418,-47.2719049
"HD 118203 b","HD 118203",1,12.77823800,2.14000000,,92.25890000,203.5099560,53.7281876
"HD 11964 b","HD 11964",2,,0.62200000,,33.53690000,29.2884252,-10.2434693
"HD 11964 c","HD 11964",2,,0.07880000,,33.53690000,29.2884252,-10.2434693
"HD 11977 b","HD 11977",1,,6.54000000,,67.93310000,28.7347403,-67.6469871
"HD 121504 b","HD 121504",1,,1.51000000,,41.65920000,209.3199062,-56.0404085
"HD 125595 b","HD 125595",1,,0.02000000,,28.19890000,215.3434326,-40.3942443
"HD 125612 b","HD 125612",2,,2.97400000,,57.62070000,215.2227183,-17.4818147
"HD 125612 c","HD 125612",2,,0.04900000,,57.62070000,215.2227183,-17.4818147
"HD 125612 d","HD 125612",2,,7.17800000,,57.62070000,215.2227183,-17.4818147
"Kepler-744 b","Kepler-744",1,1.62000000,,,449.96400000,296.4960493,47.1827848
"HD 126525 b","HD 126525",1,,0.23700000,,37.65060000,216.8852514,-51.9329118
"HD 126614 b","HD 126614",3,,0.33900000,,73.09610000,216.7005171,-5.1784093
"HD 12661 b","HD 12661",1,,2.43000000,,37.84780000,31.1423525,25.4135632
"HD 12661 c","HD 12661",1,,1.81200000,,37.84780000,31.1423525,25.4135632
"HD 128311 b","HD 128311",1,,1.76900000,,16.32920000,219.0032292,9.7454368
"HD 128311 c","HD 128311",1,,3.78900000,,16.32920000,219.0032292,9.7454368
"HD 129445 b","HD 129445",1,,1.60000000,"G6 V",67.43860000,221.5104196,-68.7629901
"HD 130322 b","HD 130322",1,,1.15000000,,31.87660000,221.8857975,-0.2820782
"HD 131496 b","HD 131496",1,,1.80000000,,131.84900000,223.3461495,18.2352618
"Kepler-764 b","Kepler-764",1,1.64000000,,,1047.84000000,297.3931183,47.1645814
"HD 13189 b","HD 13189",1,,10.95000000,,497.82300000,32.4173964,32.3164548
"HD 132406 b","HD 132406",1,,5.94000000,,70.78320000,224.2276121,53.3809615
"HD 132563 b","HD 132563",3,,1.49000000,,105.15500000,224.5892892,44.0428571
"HD 134060 b","HD 134060",1,,0.03180000,"G3 IV",24.01250000,227.6847587,-61.4223747
"HD 134060 c","HD 134060",1,,0.09220000,"G3 IV",24.01250000,227.6847587,-61.4223747
"HD 134987 b","HD 134987",1,,1.61000000,,26.18040000,228.3675397,-25.3096721
"HD 134987 c","HD 134987",1,,0.82000000,"G5 V",26.18040000,228.3675397,-25.3096721
"HD 136352 b","HD 136352",1,1.66400000,0.01485078,,14.68200000,230.4401147,-48.3188174
"HD 136352 c","HD 136352",1,2.91600000,0.03536499,,14.68200000,230.4401147,-48.3188174
"HD 136352 d","HD 136352",1,2.56200000,0.02775082,,14.68200000,230.4401147,-48.3188174
"Kepler-112 b","Kepler-112",1,2.36000000,,,513.20600000,296.9811361,43.2097025
"HD 136418 b","HD 136418",1,,2.14000000,,105.16800000,229.7756438,41.7324230
"HD 137388 b","HD 137388",1,,0.20000000,,40.48410000,233.9150820,-80.2044169
"HD 13808 b","HD 13808",1,,0.03523896,"K2 V",28.23050000,33.1780708,-53.7437591
"HD 13808 c","HD 13808",1,,0.03133751,"K2 V",28.23050000,33.1780708,-53.7437591
"HD 13931 b","HD 13931",1,,2.20000000,,47.39630000,34.1979991,43.7722065
"HD 139357 b","HD 139357",1,,19.87100000,,112.09000000,233.8173564,53.9221505
"HD 141937 b","HD 141937",1,,11.30000000,"G1 V",33.36220000,238.0735585,-18.4359716
"HD 142022 A b","HD 142022 A",2,,4.44000000,,34.28020000,242.5481731,-84.2317494
"HD 142245 b","HD 142245",3,,3.07000000,,97.23050000,238.2342443,15.4306118
"HD 142415 b","HD 142415",1,,1.67000000,,35.53180000,239.4189890,-60.2006948
"Kepler-267 b","Kepler-267",1,1.98000000,,,264.99300000,299.8305655,47.1575741
"HD 142 b","HD 142",2,,1.24900000,,26.18530000,1.5836771,-49.0753625
"HD 143361 b","HD 143361",1,,3.53200000,,68.51460000,240.4588405,-44.4350575
"HD 145377 b","HD 145377",1,,6.02000000,,53.48840000,242.9019658,-27.0781199
"HD 145457 b","HD 145457",1,,2.79400000,,135.29200000,242.5162215,26.7429068
"HD 1461 b","HD 1461",1,,0.02026240,"G0 V",23.45340000,4.6762645,-8.0536206
"HD 1461 c","HD 1461",1,,0.01758802,"G0 V",23.45340000,4.6762645,-8.0536206
"HD 147018 b","HD 147018",1,,2.12000000,"G9 V",40.42560000,245.7490012,-61.6901291
"HD 147018 c","HD 147018",1,,6.56000000,"G9 V",40.42560000,245.7490012,-61.6901291
"HD 147513 b","HD 147513",2,,1.21000000,,12.90320000,246.0057894,-39.1929661
"HD 148156 b","HD 148156",1,,0.85000000,,57.12890000,247.0723035,-46.3175085
"HD 148427 b","HD 148427",1,,1.20000000,"K0 III- IV",71.34990000,247.1171311,-13.3996231
"HD 149026 b","HD 149026",1,8.29466000,0.38000000,,75.86430000,247.6229827,38.3475349
"HD 149143 b","HD 149143",1,,1.33000000,"G0",73.28010000,248.2126715,2.0844547
"HD 1502 b","HD 1502",1,,2.75000000,,190.95300000,4.8214389,14.0546830
"HD 152079 b","HD 152079",1,,2.66100000,,87.88880000,253.3732313,-46.3333582
"HD 152581 b","HD 152581",1,,1.86900000,,165.76000000,253.4316451,11.9736828
"HD 153950 b","HD 153950",1,,2.95000000,,48.45490000,256.1292826,-43.3103753
"HD 154345 b","HD 154345",1,,1.18600000,"G8",18.28400000,255.6524619,47.0855544
"HD 154672 b","HD 154672",1,,5.37000000,,63.04840000,257.5206970,-56.4498041
"HD 154857 b","HD 154857",1,,2.45000000,,63.44820000,257.8161940,-56.6810380
"HD 155358 b","HD 155358",1,,0.99000000,,43.61970000,257.3930947,33.3549277
"HD 155358 c","HD 155358",1,,0.82000000,"G0",43.61970000,257.3930947,33.3549277
"HD 156279 b","HD 156279",1,,9.43200000,,36.19450000,258.0966686,63.3527828
"HD 156411 b","HD 156411",1,,0.74000000,"F8 IV/V",56.86550000,259.9639522,-48.5502313
"HD 156668 b","HD 156668",1,,0.01300000,,24.33230000,259.4183491,29.2281610
"HD 156846 b","HD 156846",2,,10.67000000,,47.73320000,260.1423366,-19.3343650
"HD 158038 b","HD 158038",1,,1.53000000,,94.86250000,261.4395312,27.3030721
"HD 159868 b","HD 159868",1,,2.21800000,,55.85030000,264.7466665,-43.1462347
"HD 160691 b","HD 160691",1,,4.30000000,"G3 IV-V",15.59810000,266.0361585,-51.8348751
"HD 160691 c","HD 160691",1,,4.40000000,"G3 IV-V",15.59810000,266.0361585,-51.8348751
"HD 160691 d","HD 160691",1,,,"G3 IV-V",15.59810000,266.0361585,-51.8348751
"HD 160691 e","HD 160691",1,,7.00000000,"G3 IV-V",15.59810000,266.0361585,-51.8348751
"HD 16141 b","HD 16141",2,,0.26000000,,37.78610000,38.8323674,-3.5624887
"HD 16175 b","HD 16175",1,,5.10000000,,59.85900000,39.2577379,42.0624526
"HD 162020 b","HD 162020",1,,9.84000000,,30.82480000,267.6599252,-40.3184646
"HD 163607 b","HD 163607",1,,0.78360000,,67.78550000,268.4181383,56.3924701
"HD 163607 c","HD 163607",1,,2.20100000,,67.78550000,268.4181383,56.3924701
"HD 16417 b","HD 16417",2,,0.06960000,"G1 V",25.39360000,39.2441029,-34.5790905
"HD 164509 b","HD 164509",2,,0.44300000,"G5",53.11190000,270.3800811,0.1044685
"HD 164604 b","HD 164604",1,,13.20000000,"K3.5 V",39.36330000,270.7787177,-28.5608343
"HD 164922 b","HD 164922",1,,0.36497499,,22.00160000,270.6304652,26.3104077
"HD 167042 b","HD 167042",1,,1.39700000,"K1 IV",49.66330000,272.6326268,54.2876184
"HD 168443 b","HD 168443",1,,7.62800000,,39.62450000,275.0159879,-9.5966905
"HD 168443 c","HD 168443",1,,17.30600000,,39.62450000,275.0159879,-9.5966905
"HD 168746 b","HD 168746",1,,0.27000000,,41.56810000,275.4573269,-11.9229757
"HD 1690 b","HD 1690",1,,8.79000000,,752.61500000,5.3055886,-8.2811442
"HD 169830 b","HD 169830",1,,2.53100000,,37.60480000,276.9561859,-29.8167919
"HD 169830 c","HD 169830",1,,7.66900000,,37.60480000,276.9561859,-29.8167919
"HD 170469 b","HD 170469",2,,0.66000000,,60.17800000,277.2955423,11.6954244
"HD 17092 b","HD 17092",1,,10.13000000,,228.42200000,41.5924261,49.6530375
"Kepler-762 b","Kepler-762",1,12.68000000,,,1898.26000000,291.2756631,47.3295107
"HD 171028 b","HD 171028",1,,2.62000000,,111.65900000,278.0643694,6.9456827
"HD 171238 b","HD 171238",1,,8.80000000,"G8 V",44.81130000,278.6818389,-28.0727849
"HD 17156 b","HD 17156",1,12.26262489,3.26000000,,78.08630000,42.4366123,71.7530882
"HD 173416 b","HD 173416",1,,1.84100000,"G8",132.18400000,280.9005676,36.5568570
"HD 175167 b","HD 175167",1,,14.80000000,,71.08630000,285.0033888,-69.9450664
"HD 175541 b","HD 175541",1,,0.59800000,,129.60300000,283.9203211,4.2649344
"HD 177830 b","HD 177830",2,,1.69000000,,62.76740000,286.3363574,25.9204327
"HD 177830 c","HD 177830",2,,0.15000000,,62.76740000,286.3363574,25.9204327
"HD 178911 B b","HD 178911 B",3,,8.03000000,,40.97270000,287.2632091,34.6006972
"HD 179079 b","HD 179079",1,,0.08100000,"G5 IV",69.71160000,287.7903733,-2.6387703
"HD 179949 b","HD 179949",1,,0.91600000,,27.45730000,288.8890182,-24.1797939
"HD 180902 b","HD 180902",2,,1.68500000,,104.57700000,289.8239604,-23.5582432
"HD 181342 b","HD 181342",1,,2.54000000,,120.39100000,290.2674078,-23.6196996
"HD 181433 b","HD 181433",1,,0.02271666,,26.87620000,291.2873731,-66.4677838
"HD 181433 c","HD 181433",1,,0.74096586,,26.87620000,291.2873731,-66.4677838
"HD 181433 d","HD 181433",1,,0.65101166,,26.87620000,291.2873731,-66.4677838
"HD 181720 b","HD 181720",1,,0.40000000,,60.20460000,290.7212224,-32.9208401
"HD 183263 b","HD 183263",1,,3.47100000,,54.19550000,292.1022982,8.3579183
"HD 183263 c","HD 183263",1,,9.31000000,,54.19550000,292.1022982,8.3579183
"HD 185269 b","HD 185269",3,,1.01000000,,51.99170000,294.2987668,28.4995140
"HD 187085 b","HD 187085",1,,0.83600000,,45.89930000,297.3915731,-37.7809929
"HD 187123 b","HD 187123",1,,0.52300000,,45.95480000,296.7428786,34.4189900
"HD 187123 c","HD 187123",1,,1.99000000,,45.95480000,296.7428786,34.4189900
"HD 18742 b","HD 18742",1,,3.40000000,,162.68500000,45.0443115,-20.8027024
"HD 188015 b","HD 188015",2,,1.50000000,,50.67060000,298.0191857,28.0999769
"HD 189733 b","HD 189733",2,12.66617000,1.13000000,,19.76380000,300.1821223,22.7097759
"HD 190360 b","HD 190360",2,,1.68959095,"G7 IV-V",16.00690000,300.9092476,29.8945410
"HD 190360 c","HD 190360",2,,0.08243442,"G7 IV-V",16.00690000,300.9092476,29.8945410
"HD 190647 b","HD 190647",1,,1.98500000,,54.47380000,301.8318167,-35.5395236
"HD 190984 b","HD 190984",1,,3.10000000,"F8 V",148.18700000,302.8779827,-64.6202728
"HD 192263 b","HD 192263",1,,0.56000000,,19.63590000,303.4990864,-0.8657574
"HD 192310 b","HD 192310",1,,0.05320000,,8.79687000,303.8284712,-27.0337556
"HD 192310 c","HD 192310",1,,0.07600000,,8.79687000,303.8284712,-27.0337556
"HD 192699 b","HD 192699",1,,2.09600000,,71.86270000,304.0248392,4.5805708
"HD 195019 b","HD 195019",2,,3.98000000,,37.66810000,307.0792427,18.7692509
"HD 196050 b","HD 196050",3,,4.70000000,"G3 V",50.67420000,309.4637796,-60.6347649
"HD 196885 A b","HD 196885 A",2,,2.58000000,,34.16920000,309.9664609,11.2500236
"HD 197037 b","HD 197037",2,,0.79000000,"F7 V",33.19440000,309.8869681,42.2475930
"HD 19994 b","HD 19994",3,,1.37000000,"F8 V",22.52420000,48.1943193,-1.1963955
"HD 20003 b","HD 20003",1,,0.03670000,"G8 V",41.83160000,46.9090081,-72.3219221
"Kepler-1713 b","Kepler-1713",1,1.71673535,,,295.29300000,287.3456737,43.3783894
"Kepler-781 b","Kepler-781",1,2.89000000,,,1064.47000000,287.6535874,47.4147762
"HD 20003 c","HD 20003",1,,0.04540000,"G8 V",41.83160000,46.9090081,-72.3219221
"HD 200964 b","HD 200964",1,,1.59900000,,72.59220000,316.6664183,3.8033357
"HD 200964 c","HD 200964",1,,1.21400000,,72.59220000,316.6664183,3.8033357
"HD 202206 c","HD 202206",2,,17.90000000,"G6 V",45.96650000,318.7405221,-20.7897284
"HD 2039 b","HD 2039",1,,6.29000000,,85.69220000,6.0851069,-56.6499880
"HD 204313 b","HD 204313",1,,4.61500000,,47.79450000,322.0510568,-21.7274194
"HD 204313 c","HD 204313",1,,0.05400000,,47.79450000,322.0510568,-21.7274194
"HD 204941 b","HD 204941",2,,0.23000000,,28.71650000,323.0966714,-20.9579570
"HD 205739 b","HD 205739",1,,1.37000000,,92.50870000,324.5351273,-31.7378373
"HD 206610 b","HD 206610",1,,2.03600000,,147.19200000,325.8537599,-7.4082451
"Kepler-783 c","Kepler-783",1,2.33153725,,,516.09000000,291.0628615,47.4847890
"HD 20781 b","HD 20781",2,,0.00610000,"K0 V",35.97150000,50.0139757,-28.7841175
"HD 20781 c","HD 20781",2,,0.01680000,"K0 V",35.97150000,50.0139757,-28.7841175
"HD 20782 b","HD 20782",2,,1.48780000,,35.98640000,50.0166232,-28.8543535
"HD 20794 b","HD 20794",1,,0.00676466,"G6 V",6.00278000,49.9997666,-43.0666533
"HD 20794 d","HD 20794",1,,0.00937613,"G6 V",6.00278000,49.9997666,-43.0666533
"HD 208487 b","HD 208487",1,,0.46000000,"G2 V",45.14700000,329.3332489,-37.7641354
"HD 20868 b","HD 20868",1,,1.25000000,,47.72230000,50.1794053,-33.7296900
"HD 209458 b","HD 209458",1,15.58051000,0.73000000,,48.30160000,330.7950219,18.8842419
"HD 210277 b","HD 210277",1,,1.29000000,,21.29850000,332.3748117,-7.5505962
"HD 210702 b","HD 210702",1,,1.51500000,"K1 IV",54.19630000,332.9638643,16.0404806
"HD 212301 b","HD 212301",2,,0.51000000,,54.23040000,336.8803957,-77.7183219
"HD 212771 b","HD 212771",1,,2.39000000,,111.15500000,336.7624130,-17.2641046
"HD 213240 b","HD 213240",2,,5.58000000,,40.87070000,337.7506266,-49.4341037
"HD 215152 b","HD 215152",1,,0.00572319,"K3 V",21.59740000,340.8380941,-6.4020685
"HD 215152 c","HD 215152",1,,0.00541170,"K3 V",21.59740000,340.8380941,-6.4020685
"HD 215497 b","HD 215497",1,,0.02000000,,40.54680000,341.6527140,-56.5997984
"HD 215497 c","HD 215497",1,,0.35000000,"K3 V",40.54680000,341.6527140,-56.5997984
"HD 216435 b","HD 216435",1,,1.26000000,,32.98340000,343.4094703,-48.5986332
"HD 216437 b","HD 216437",1,,4.20000000,"G1 V",26.69020000,343.6639631,-70.0733957
"HD 216770 b","HD 216770",1,,0.57000000,,36.66250000,343.9748751,-26.6595286
"HD 21693 b","HD 21693",1,,0.02590000,"G8 V",33.25500000,51.8040469,-58.3232726
"HD 21693 c","HD 21693",1,,0.05470000,"G8 V",33.25500000,51.8040469,-58.3232726
"HD 217107 b","HD 217107",1,,1.44600000,"G",20.06190000,344.5647243,-2.3954489
"HD 217107 c","HD 217107",1,,4.37000000,"G",20.06190000,344.5647243,-2.3954489
"HD 217786 b","HD 217786",2,,13.85200000,,55.48470000,345.7838088,-0.4303594
"HD 218566 b","HD 218566",1,,0.20000000,,28.82740000,347.2974170,-2.2611645
"91 Aqr b","91 Aqr",3,,3.20000000,"K0 III",44.03040000,348.9745031,-9.0878076
"HD 219828 b","HD 219828",1,,0.06000000,,73.11400000,349.6947029,18.6457524
"HD 220773 b","HD 220773",1,,1.45000000,"F9",50.51030000,351.6144715,8.6428871
"HD 221287 b","HD 221287",1,,3.09000000,,55.92310000,352.8362230,-58.2097540
"HD 222582 b","HD 222582",2,,8.37000000,,42.15860000,355.4640788,-5.9862379
"HD 224693 b","HD 224693",1,,0.70000000,"G2 V",93.50150000,359.9749837,-22.4279999
"HD 22781 b","HD 22781",1,,13.65000000,"K1",32.60340000,55.2065581,31.8258855
"HD 23079 b","HD 23079",1,,2.66000000,"F9.5 V",33.45910000,54.9281897,-52.9162344
"HD 23127 b","HD 23127",1,,1.52700000,,93.85550000,54.8491271,-60.0772290
"HD 231701 b","HD 231701",1,,1.13000000,"F8 V",108.87700000,293.0176220,16.4743566
"HD 23596 b","HD 23596",2,,11.91400000,,52.00180000,57.0018601,40.5307308
"HD 240210 b","HD 240210",1,,5.21000000,"K3 III",372.40500000,347.6219227,57.0294818
"HD 240237 b","HD 240237",1,,15.89000000,,933.37700000,348.9259334,58.0432233
"Kepler-1738 b","Kepler-1738",1,2.82472883,,,1302.87000000,296.1313474,47.4388098
"HD 25171 b","HD 25171",2,,0.91500000,,55.61460000,58.9574779,-65.1863239
"HD 2638 b","HD 2638",3,,0.42000000,,54.96210000,7.4990038,-5.7649600
"HD 27442 b","HD 27442",2,,1.56000000,,18.27040000,64.1205476,-59.3028771
"HD 27894 b","HD 27894",1,,0.61900000,,43.82140000,65.1975693,-59.4096776
"HD 28185 b","HD 28185",1,,5.85000000,,39.38090000,66.6100461,-10.5510754
"HD 28254 b","HD 28254",2,,3.80000000,"G5 V",55.28840000,66.2108141,-50.6228081
"HD 285968 b","HD 285968",1,,0.02600000,"M2 V",9.47045000,70.7353853,18.9533580
"HD 28678 b","HD 28678",1,,1.54200000,,189.90800000,67.8560643,4.5752495
"HD 290327 b","HD 290327",1,,2.43000000,,56.43300000,80.8399887,-2.2780391
"HD 30177 b","HD 30177",1,,8.25000000,"G8 V",55.58670000,70.4770964,-58.0208085
"HD 30562 b","HD 30562",1,,1.22000000,,26.15970000,72.1529519,-5.6751152
"HD 30856 b","HD 30856",2,,1.54700000,,131.19900000,72.5745099,-24.3689282
"HD 31253 b","HD 31253",1,,0.62000000,,58.14380000,73.6822877,12.3520103
"HD 31527 b","HD 31527",1,,0.03290000,"G2 V",38.44730000,73.9096193,-23.2413163
"HD 31527 c","HD 31527",1,,0.04450000,"G2 V",38.44730000,73.9096193,-23.2413163
"HD 31527 d","HD 31527",1,,0.03720000,"G2 V",38.44730000,73.9096193,-23.2413163
"HD 32518 b","HD 32518",1,,2.84900000,"K1 III",122.11500000,77.4037569,69.6391355
"HD 330075 b","HD 330075",1,,0.48000000,,45.29890000,237.4054997,-49.9639199
"HD 33142 b","HD 33142",1,,1.26000000,"K0 III",121.37500000,76.8980559,-13.9863374
"HD 33283 b","HD 33283",2,,0.32900000,"G3/G5 V",89.86230000,77.0044889,-26.7976689
"HD 33564 b","HD 33564",1,,9.10000000,"F6 V",20.95310000,80.6378979,79.2318488
"HD 34445 b","HD 34445",1,,0.82000000,,46.09070000,79.4207483,7.3527156
"HD 3651 b","HD 3651",1,,0.22800000,,11.13360000,9.8387218,21.2488844
"HD 37124 b","HD 37124",1,,0.67500000,"G4 V",31.66340000,84.2599947,20.7289784
"HD 37124 c","HD 37124",1,,0.65200000,"G4 V",31.66340000,84.2599947,20.7289784
"HD 37124 d","HD 37124",1,,0.69600000,"G4 V",31.66340000,84.2599947,20.7289784
"HD 37605 b","HD 37605",1,,2.69000000,"K0",46.78640000,85.0074276,6.0595116
"HD 38529 b","HD 38529",2,,0.65000000,,42.35380000,86.6451363,1.1675866
"HD 38529 c","HD 38529",2,,10.38000000,,42.35380000,86.6451363,1.1675866
"HD 38801 b","HD 38801",1,,9.69800000,,91.43490000,86.9963141,-8.3280256
"Kepler-1737 b","Kepler-1737",1,5.39500000,,,,297.0148111,47.4864170
"HD 39091 b","HD 39091",1,,14.10000000,,18.27020000,84.2992798,-80.4646041
"HD 40307 b","HD 40307",1,,0.01260000,"K2.5 V",12.93630000,88.5172191,-60.0237289
"HD 40307 c","HD 40307",1,,0.02080000,"K2.5 V",12.93630000,88.5172191,-60.0237289
"HD 40307 d","HD 40307",1,,0.02990000,"K2.5 V",12.93630000,88.5172191,-60.0237289
"HD 40979 b","HD 40979",3,,4.67000000,,34.08830000,91.1253346,44.2597855
"HD 41004 A b","HD 41004 A",2,,2.54000000,,36.69117000,89.9566041,-48.2394189
"HD 41004 B b","HD 41004 B",2,,18.37000000,"M2 V",41.55040000,89.9565956,-48.2394114
"HD 4113 b","HD 4113",3,,1.70300000,,41.87270000,10.8027515,-37.9831248
"HD 4203 b","HD 4203",1,,2.23000000,,81.37950000,11.1722288,20.4483925
"HD 4208 b","HD 4208",1,,0.81000000,,34.19370000,11.1125532,-26.5150392
"Kepler-272 c","Kepler-272",1,1.79000000,,,889.60800000,299.1275257,47.5938319
"HD 4308 b","HD 4308",1,,0.05000000,,22.01580000,11.1652594,-65.6527159
"HD 4313 b","HD 4313",1,,1.92700000,,136.30800000,11.4181301,7.8450492
"HD 43197 b","HD 43197",1,,0.55300000,,62.41120000,93.3993231,-29.8971929
"HD 43691 b","HD 43691",3,,2.55000000,"G0",85.60090000,94.8946124,41.0920773
"HD 44219 b","HD 44219",1,,0.58000000,"G3 V",52.90510000,95.0599971,-10.7250799
"HD 45184 b","HD 45184",1,,0.03840000,"G1.5 V",21.95320000,96.1820205,-28.7806402
"HD 45350 b","HD 45350",1,,1.79000000,,46.87330000,97.1902262,38.9627315
"HD 45364 b","HD 45364",1,,0.18930000,"K0 V",34.35400000,96.4105736,-31.4810037
"HD 45364 c","HD 45364",1,,0.54900000,"K0 V",34.35400000,96.4105736,-31.4810037
"HD 45652 b","HD 45652",1,,0.43300000,"G8/K0",34.85410000,97.3058709,10.9336212
"HD 46375 b","HD 46375",2,,0.22600000,,29.55290000,98.3030763,5.4625071
"HD 47186 b","HD 47186",1,,0.07000000,,37.45740000,99.0367212,-27.6234285
"HD 47186 c","HD 47186",1,,0.35061000,,37.45740000,99.0367212,-27.6234285
"HD 47536 b","HD 47536",1,,7.32000000,"K1 III",122.53600000,99.4489580,-32.3394531
"HD 48265 b","HD 48265",1,,1.52500000,,90.54460000,100.0073683,-48.5418284
"HD 49674 b","HD 49674",1,,0.10000000,,43.03990000,102.8773483,40.8672284
"HD 50499 b","HD 50499",1,,1.63600000,,46.28450000,103.0080750,-33.9152670
"HD 50554 b","HD 50554",1,,4.95400000,,31.16640000,103.6782730,24.2451409
"HD 51608 b","HD 51608",1,,0.04020000,"G7 V",35.05530000,103.7137102,-55.2600189
"HD 51608 c","HD 51608",1,,0.04500000,"G7 V",35.05530000,103.7137102,-55.2600189
"Kepler-273 b","Kepler-273",1,1.50000000,,,713.96400000,291.3021458,47.6976573
"HD 52265 b","HD 52265",1,,1.21000000,,29.98030000,105.0746449,-5.3668142
"HD 5319 b","HD 5319",1,,1.55600000,,121.40500000,13.7558096,0.7893425
"HD 5891 b","HD 5891",1,,7.63000000,,283.50200000,15.1383168,20.2923139
"HD 59686 A b","HD 59686 A",2,,6.92000000,"K2 III",89.27210000,112.9518629,17.0857195
"HD 60532 b","HD 60532",1,,1.06000000,,25.97160000,113.5130656,-22.2958661
"HD 60532 c","HD 60532",1,,2.51000000,,25.97160000,113.5130656,-22.2958661
"HD 62509 b","HD 62509",1,,2.30000000,,,116.3288240,28.0261270
"HD 63454 b","HD 63454",1,,0.25000000,,37.68940000,114.8406393,-78.2791464
"HD 63765 b","HD 63765",1,,0.53000000,,32.53760000,116.9582617,-54.2653450
"HD 6434 b","HD 6434",1,,0.49000000,,42.35800000,16.1663441,-39.4904909
"Kepler-1739 b","Kepler-1739",1,2.43056832,,,783.66600000,296.2320536,47.6788626
"HD 65216 b","HD 65216",3,,1.29500000,,35.12050000,118.4209646,-63.6466892
"HD 66428 b","HD 66428",1,,10.94600000,,53.28170000,120.8691654,-1.1636019
"HD 6718 b","HD 6718",1,,2.40000000,"G5 V",51.34440000,16.9536005,-8.2336165
"HD 68988 b","HD 68988",1,,1.97000000,,60.84470000,124.5935429,61.4608518
"HD 69830 b","HD 69830",1,,0.03210000,,12.55910000,124.6010091,-12.6364246
"HD 69830 c","HD 69830",1,,0.03710000,,12.55910000,124.6010091,-12.6364246
"HD 69830 d","HD 69830",1,,0.05700000,,12.55910000,124.6010091,-12.6364246
"HD 70573 b","HD 70573",1,,6.10000000,"G1-1.5 V",59.18200000,125.7079153,1.8591088
"HD 70642 b","HD 70642",1,,1.99300000,,29.27600000,125.3661079,-39.7044432
"HD 7199 b","HD 7199",1,,0.27000000,,36.15310000,17.6979344,-66.1886947
"HD 72659 b","HD 72659",1,,2.85100000,"G2 V",51.89490000,128.5128072,-1.5686323
"HD 73267 b","HD 73267",1,,4.15800000,,50.40930000,129.0735123,-34.4594469
"HD 73526 b","HD 73526",1,,3.08000000,,97.23960000,129.3183310,-41.3184231
"HD 73526 c","HD 73526",1,,2.25000000,,97.23960000,129.3183310,-41.3184231
"HD 73534 b","HD 73534",1,,1.11200000,,83.33210000,129.8153421,12.9599703
"HD 74156 b","HD 74156",1,,1.67500000,,57.60300000,130.6047813,4.5772338
"HD 74156 c","HD 74156",1,,8.66500000,,57.60300000,130.6047813,4.5772338
"HD 7449 b","HD 7449",2,,8.17400000,,38.66200000,18.6214650,-5.0479716
"HD 75289 b","HD 75289",2,,0.49000000,,29.11580000,131.9181715,-41.7377748
"HD 75898 b","HD 75898",1,,2.55000000,"F8 V",78.05050000,133.4611999,33.0566885
"HD 76700 b","HD 76700",1,,0.21000000,,60.88310000,133.4782248,-66.8004747
"HD 7924 b","HD 7924",1,,0.02000000,,16.99220000,20.4956562,76.7101475
"HD 79498 b","HD 79498",2,,1.34000000,"G5",48.94890000,138.7885794,23.3748792
"HD 80606 b","HD 80606",2,11.56766808,4.16410000,,66.47110000,140.6569501,50.6037764
"HD 81040 b","HD 81040",1,,7.24000000,"G2/G3",34.43410000,140.9455027,20.3646078
"HD 81688 b","HD 81688",1,,1.65400000,"K0 III-IV",85.71830000,142.1665753,45.6009241
"HD 82886 b","HD 82886",1,,2.33000000,,127.06100000,143.9383526,34.7805902
"HD 82943 b","HD 82943",1,,1.68100000,,27.59020000,143.7114034,-12.1302976
"HD 82943 c","HD 82943",1,,1.95900000,,27.59020000,143.7114034,-12.1302976
"HD 83443 b","HD 83443",1,,0.40200000,"K0 V",40.89910000,144.2994103,-43.2727210
"HD 8535 b","HD 8535",2,,0.68000000,"G0 V",55.44010000,20.9054804,-41.2701007
"HD 85390 b","HD 85390",1,,0.09900000,,33.52250000,147.5105663,-49.7905254
"HD 8574 b","HD 8574",1,,2.03000000,,44.82640000,21.3033807,28.5660169
"HD 86081 b","HD 86081",2,,1.48000000,"F8",103.93600000,149.0243714,-3.8083543
"HD 86226 b","HD 86226",1,,0.45000000,"G1 V",45.68300000,149.1235154,-24.0991859
"HD 86264 b","HD 86264",1,,9.80800000,,67.81070000,149.2409308,-15.8953993
"HD 8673 b","HD 8673",2,,13.24800000,,37.86190000,21.5378455,34.5793389
"HD 87883 b","HD 87883",1,,6.31000000,"K0",18.29120000,152.1794175,34.2419984
"HD 88133 b","HD 88133",1,,0.28450000,,73.61230000,152.5319349,18.1857284
"Kepler-782 b","Kepler-782",1,3.21000000,,,446.84400000,288.8682460,47.7594700
"HD 89307 b","HD 89307",1,,2.11000000,,32.01040000,154.5874958,12.6209392
"HD 89744 b","HD 89744",2,,8.35000000,,38.63640000,155.5433193,41.2289354
"HD 90156 b","HD 90156",1,,0.05700000,,21.94960000,155.9801144,-29.6451030
"HD 92788 b","HD 92788",1,,3.76000000,"G6 V",34.65380000,160.7021351,-2.1847173
"HD 93083 b","HD 93083",1,,0.45100000,"K2 IV-V",28.51590000,161.0866672,-33.5776794
"HD 9446 b","HD 9446",1,,0.70000000,"G5 V",50.35030000,23.3350424,29.2649187
"HD 9446 c","HD 9446",1,,1.82000000,"G5 V",50.35030000,23.3350424,29.2649187
"HD 95089 b","HD 95089",1,,1.26000000,,136.95700000,164.6987480,1.7290087
"HD 96063 b","HD 96063",1,,1.27000000,,140.06500000,166.1853484,-2.5132966
"HD 96127 b","HD 96127",1,,3.80000000,"K2 III",587.65900000,166.4415020,44.3015500
"HD 96167 b","HD 96167",2,,0.71700000,,85.30060000,166.3125657,-10.2913450
"HD 97658 b","HD 97658",1,2.12000000,0.02611472,"K1 V",21.56180000,168.6376584,25.7105962
"HD 98219 b","HD 98219",1,,1.96400000,,113.70400000,169.4475218,-23.9754880
"HD 99109 b","HD 99109",1,,0.44000000,,54.79010000,171.0715576,-1.5297610
"HD 99492 b","HD 99492",2,,0.08023197,"K2 V",18.20380000,171.6896870,3.0071331
"HD 99706 b","HD 99706",1,,1.23000000,,146.60000000,172.1261621,43.9662025
"HIP 12961 b","HIP 12961",1,,0.36000000,,23.37100000,41.6800749,-23.0860048
"HIP 14810 b","HIP 14810",1,,3.90000000,"G5",50.48000000,47.8092750,21.0971302
"HIP 14810 c","HIP 14810",1,,1.31000000,"G5",50.48000000,47.8092750,21.0971302
"HIP 14810 d","HIP 14810",1,,0.59000000,"G5",50.48000000,47.8092750,21.0971302
"Kepler-746 b","Kepler-746",1,1.11000000,,,,290.6822097,37.3551593
"HIP 5158 b","HIP 5158",1,,1.42000000,,51.60260000,16.5094891,-22.4536134
"GJ 1148 b","GJ 1148",1,,0.30425070,,11.01430000,175.4326081,42.7515862
"HIP 57274 b","HIP 57274",1,,0.02000000,,25.86180000,176.1705487,30.9576484
"HIP 57274 c","HIP 57274",1,,0.40902369,"K4 V",25.86180000,176.1705487,30.9576484
"HIP 57274 d","HIP 57274",1,,0.52670000,"K4 V",25.86180000,176.1705487,30.9576484
"HIP 70849 b","HIP 70849",2,,4.50000000,"K7 V",24.05720000,217.3270762,-46.4646840
"iot Dra b","iot Dra",1,,11.82000000,"K2 III",31.32832000,231.2323227,58.9661403
"HIP 78530 b","HIP 78530",1,,23.00000000,"B9 V",136.75900000,240.4810052,-21.9804920
"HIP 79431 b","HIP 79431",1,,2.10000000,"M3 V",14.53240000,243.1742467,-18.8764247
"HR 810 b","HR 810",1,,2.27000000,,17.31810000,40.6417178,-50.7993484
"HR 8799 b","HR 8799",1,13.00000000,7.00000000,"A5 V",41.24410000,346.8701486,21.1340376
"HR 8799 c","HR 8799",1,13.00000000,10.00000000,"A5 V",41.24410000,346.8701486,21.1340376
"HR 8799 d","HR 8799",1,13.00000000,10.00000000,"A5 V",41.24410000,346.8701486,21.1340376
"HR 8799 e","HR 8799",1,13.11453000,10.00000000,"A5",41.24410000,346.8701486,21.1340376
"kap CrB b","kap CrB",1,,1.52200000,"K0 III-IV",30.06510000,237.8080012,35.6558818
"xi Aql b","xi Aql",1,,1.94100000,"K0 III",56.18580000,298.5624491,8.4611051
"Lupus-TR-3 b","Lupus-TR-3",1,9.97600000,0.81000000,,773.40900000,232.5774696,-42.9799461
"MOA-2007-BLG-192L b","MOA-2007-BLG-192L",1,,0.03929793,,2160.00000000,272.0158333,-27.1500750
"MOA-2007-BLG-400L b","MOA-2007-BLG-400L",1,,1.70000000,,6890.00000000,272.4249167,-29.2241528
"MOA-2008-BLG-310L b","MOA-2008-BLG-310L",1,,0.07360000,,7700.00000000,268.5605420,-34.7780528
"MOA-2009-BLG-266L b","MOA-2009-BLG-266L",1,,0.03270000,,3040.00000000,267.0081250,-35.0054111
"MOA-2009-BLG-319L b","MOA-2009-BLG-319L",1,,0.21200000,,7050.00000000,271.7422080,-26.8196917
"MOA-2009-BLG-387L b","MOA-2009-BLG-387L",1,,2.60000000,,5690.00000000,268.4616250,-33.9903333
"BD-13 2130 b","BD-13 2130",1,,9.78000000,,925.21400000,114.2884692,-13.9066703
"OGLE-2005-BLG-071L b","OGLE-2005-BLG-071L",1,,3.80000000,,3200.00000000,267.5407080,-34.6731944
"OGLE-2005-BLG-169L b","OGLE-2005-BLG-169L",1,,0.04440000,,4100.00000000,271.5221670,-30.7326389
"OGLE-2005-BLG-390L b","OGLE-2005-BLG-390L",1,,0.01700000,,6600.00000000,268.5799580,-30.3773056
"OGLE-2006-BLG-109L b","OGLE-2006-BLG-109L",1,,0.72700000,,1510.00000000,268.1437920,-30.0877778
"OGLE-2006-BLG-109L c","OGLE-2006-BLG-109L",1,,0.27000000,,1510.00000000,268.1437920,-30.0877778
"OGLE-2007-BLG-368L b","OGLE-2007-BLG-368L",1,,0.06000000,,5900.00000000,269.1081670,-32.2374167
"OGLE-2003-BLG-235L b","OGLE-2003-BLG-235L",1,,2.60000000,"K V",5800.00000000,271.3181250,-28.8950000
"OGLE2-TR-L9 b","OGLE2-TR-L9",1,18.04600000,4.50000000,,1627.63000000,166.9798793,-61.1462496
"OGLE-TR-10 b","OGLE-TR-10",1,14.01100000,0.62000000,,1344.97000000,267.8677483,-29.8764758
"OGLE-TR-111 b","OGLE-TR-111",1,11.42197100,,,1068.33000000,163.3241150,-61.4056976
"OGLE-TR-113 b","OGLE-TR-113",1,12.25100000,1.26000000,,566.45900000,163.1010355,-61.4468591
"OGLE-TR-132 b","OGLE-TR-132",1,13.45000000,1.18000000,,2012.62000000,162.6440933,-61.9572476
"OGLE-TR-182 b","OGLE-TR-182",1,12.66600000,1.01000000,,2501.75000000,167.3279228,-61.0952624
"OGLE-TR-211 b","OGLE-TR-211",1,15.24400000,1.03000000,,1515.26000000,160.0598236,-62.4555353
"OGLE-TR-56 b","OGLE-TR-56",1,15.27800000,1.39000000,,,269.1479583,-29.5392222
"Kepler-743 b","Kepler-743",2,1.21000000,,,278.98700000,295.5742300,42.8064255
"PSR B1257+12 b","PSR B1257+12",1,,0.00006293,,600.00000000,195.0149029,12.6823534
"PSR B1257+12 c","PSR B1257+12",1,,0.01352925,,600.00000000,195.0149029,12.6823534
"PSR B1257+12 d","PSR B1257+12",1,,0.01227071,,600.00000000,195.0149029,12.6823534
"PSR B1620-26 b","PSR B1620-26",2,,2.50000000,,,245.9092617,-26.5315944
"Qatar-1 b","Qatar-1",1,12.81188700,1.29400000,,185.61500000,303.3818697,65.1623313
"Qatar-2 b","Qatar-2",1,14.05600000,2.49400000,,181.37400000,207.6554928,-6.8040714
"rho CrB b","rho CrB",1,,1.09491472,"G0",17.46710000,240.2600639,33.3001861
"SWEEPS-4 b","SWEEPS-4",1,9.07900000,3.80000000,,,269.7246667,-29.1890556
"SWEEPS-11 b","SWEEPS-11",1,12.66600000,9.70000000,,,269.7583333,-29.1981944
"tau Boo b","tau Boo",2,,4.32000000,,15.65210000,206.8134593,17.4571647
"TrES-1 b","TrES-1",2,12.66617000,0.84000000,,159.65800000,286.0408755,36.6325360
"TrES-3 b","TrES-3",1,14.97500000,1.91000000,,231.33700000,268.0291106,37.5463268
"TrES-4 b","TrES-4",2,18.04649000,0.78000000,,515.98000000,268.3043361,37.2117397
"TrES-5 b","TrES-5",1,13.38354600,1.79000000,,360.31300000,305.2219454,59.4489033
"ups And b","ups And",2,,0.68760000,"F8 V",13.40540000,24.1983534,41.4038147
"ups And c","ups And",2,,1.98100000,"F8 V",13.40540000,24.1983534,41.4038147
"ups And d","ups And",2,,4.13200000,"F8 V",13.40540000,24.1983534,41.4038147
"USco CTIO 108 b","USco CTIO 108",1,,14.00000000,"M7",144.01900000,241.4752653,-18.3124167
"V0391 Peg b","V0391 Peg",1,,3.20000000,,1195.98000000,331.0504119,26.4188227
"WASP-10 b","WASP-10",1,12.10600000,3.15000000,,140.99800000,348.9930457,31.4627508
"WASP-11 b","WASP-11",3,12.44199000,0.79000000,,124.73000000,47.3689472,30.6733817
"WASP-12 b","WASP-12",3,22.02564708,,,427.24600000,97.6366450,29.6722662
"WASP-13 b","WASP-13",1,13.67498000,0.36000000,,227.53700000,140.1029654,33.8823291
"WASP-14 b","WASP-14",3,15.46842000,8.84000000,,161.99700000,218.2766247,21.8946875
"WASP-15 b","WASP-15",1,15.80469000,0.54000000,,282.09100000,208.9280111,-32.1597118
"WASP-16 b","WASP-16",1,13.67498000,1.24000000,,194.13400000,214.6830109,-20.2754374
"WASP-17 b","WASP-17",1,20.96083000,0.78000000,,405.90800000,239.9622479,-28.0617941
"WASP-18 b","WASP-18",2,13.89913607,10.20000000,,123.48300000,24.3544618,-45.6777937
"WASP-19 b","WASP-19",1,15.86070769,1.15400000,,268.32500000,148.4167672,-45.6591078
"WASP-1 b","WASP-1",2,16.62300000,0.85400000,,393.07200000,5.1669536,31.9899732
"Kepler-747 b","Kepler-747",1,5.27000000,,,3347.16000000,288.4165196,41.0298175
"WASP-21 b","WASP-21",1,11.99000000,0.30000000,"G3 V",258.42600000,347.4928024,18.3961597
"WASP-22 b","WASP-22",1,13.78707000,0.67000000,,317.65200000,52.8180374,-23.8197924
"WASP-24 b","WASP-24",3,15.46842000,1.24000000,,322.11400000,227.2154975,2.3432860
"WASP-25 b","WASP-25",1,13.80946422,0.56400000,,211.41600000,195.3597581,-27.5222273
"WASP-26 b","WASP-26",2,13.56289000,0.85000000,,252.75900000,4.6030424,-15.2674044
"WASP-28 b","WASP-28",1,13.66374747,0.88900000,,348.49400000,353.6162694,-1.5799849
"WASP-29 b","WASP-29",1,8.63093000,0.23000000,,87.59530000,357.8791976,-39.9071215
"WASP-2 b","WASP-2",2,12.11692900,0.93100000,,153.24200000,307.7255587,6.4293305
"WASP-31 b","WASP-31",1,17.36300000,0.47800000,,383.82900000,169.4388603,-19.0547781
"WASP-32 b","WASP-32",1,10.76064000,2.63000000,,275.99400000,3.9617073,1.2005122
"WASP-33 b","WASP-33",2,17.85593700,2.09300000,,121.94400000,36.7127375,37.5504441
"WASP-34 b","WASP-34",1,11.20900000,0.56000000,,132.09600000,165.3993679,-23.8609457
"WASP-35 b","WASP-35",1,14.57170000,0.71000000,,202.21800000,76.0818912,-6.2297801
"WASP-36 b","WASP-36",2,14.87434300,2.36100000,,386.34600000,131.5803897,-8.0269855
"WASP-37 b","WASP-37",1,13.00200000,1.80000000,,392.79100000,221.9438866,1.0650227
"WASP-38 b","WASP-38",1,13.78707000,3.44000000,,136.24000000,243.9597194,10.0324103
"WASP-39 b","WASP-39",1,14.33631100,0.28100000,,213.98200000,217.3266477,-3.4444994
"WASP-3 b","WASP-3",3,15.91678000,2.43000000,,231.16100000,278.6317411,35.6614312
"WASP-41 b","WASP-41",1,12.32990000,0.85000000,,163.37100000,190.6188034,-30.6398176
"WASP-43 b","WASP-43",1,10.42400000,1.78000000,,86.74670000,154.9081869,-9.8064431
"WASP-44 b","WASP-44",1,12.32990000,0.87000000,"G8 V",364.51200000,3.9032733,-11.9382645
"WASP-45 b","WASP-45",2,10.60371400,0.96400000,,211.19600000,5.2377567,-35.9984650
"WASP-46 b","WASP-46",1,13.15936600,1.91000000,"G6 V",375.31000000,318.7370122,-55.8718634
"WASP-48 b","WASP-48",1,16.81350000,0.80000000,,454.14400000,291.1623865,55.4730273
"WASP-4 b","WASP-4",1,15.12091496,1.20000000,,267.20600000,353.5629149,-42.0617794
"WASP-50 b","WASP-50",1,13.06969400,1.46880000,,184.84800000,43.6880738,-10.8980242
"WASP-5 b","WASP-5",1,12.18400000,1.58000000,,309.13700000,359.3490277,-41.2772202
"WASP-6 b","WASP-6",1,12.54284940,0.46700000,,197.11900000,348.1571282,-22.6741248
"WASP-7 b","WASP-7",1,14.90797000,0.96000000,,162.30300000,311.0427558,-39.2254856
"WASP-8 b","WASP-8",2,12.66617000,2.54000000,,89.96060000,359.9008737,-35.0313349
"XO-1 b","XO-1",1,12.77826000,0.83000000,,163.55300000,240.5492745,28.1696248
"XO-2 N b","XO-2 N",2,,0.59400000,"G8 V",154.27300000,117.0267691,50.2251472
"XO-3 b","XO-3",1,14.79585452,13.27000000,,213.05300000,65.4695814,57.8172095
"XO-4 b","XO-4",1,14.01125000,1.42000000,,272.65500000,110.3880285,58.2681094
"XO-5 b","XO-5",1,12.78000000,1.19000000,,276.21100000,116.7163868,39.0944695
"11 Com b","11 Com",2,,15.46400000,"G8 III",93.18460000,185.1787793,17.7932516
"alf Ari b","alf Ari",1,,1.80000000,,20.21019000,31.7932860,23.4624210
"CoRoT-16 b","CoRoT-16",1,13.11000000,0.53500000,"G5 V",732.40900000,278.5246658,-6.0026026
"FU Tau b","FU Tau",1,,16.00000000,"M7.25",,65.8974962,25.0506711
"HD 106515 A b","HD 106515 A",2,,18.90000000,"G5 V",34.09150000,183.7762699,-7.2575413
"HD 166724 b","HD 166724",1,,3.53000000,"K0 IV-V",45.13420000,273.4988604,-42.5757218
"HD 180314 b","HD 180314",1,,22.70700000,,122.36200000,288.7094401,31.8604391
"HD 196067 b","HD 196067",2,,11.40000000,"G0 V",39.93460000,310.4364195,-75.3514992
"HD 220689 b","HD 220689",1,,1.11800000,,46.87780000,351.4707282,-20.6167923
"HD 27631 b","HD 27631",1,,1.49400000,,50.28620000,64.9392168,-41.9606604
"HD 38283 b","HD 38283",1,,0.40000000,,38.06150000,84.2605324,-73.6998131
"HD 65216 c","HD 65216",3,,2.03000000,,35.12050000,118.4209646,-63.6466892
"HD 98649 b","HD 98649",1,,9.70000000,"G3/G5 V",42.17270000,170.2147665,-23.2181063
"HIP 5158 c","HIP 5158",1,,15.04000000,,51.60260000,16.5094891,-22.4536134
"Kepler-471 b","Kepler-471",1,14.96000000,,,1249.41000000,299.0975167,43.4975851
"HN Peg b","HN Peg",1,11.77680000,21.99870000,"G0 V",18.11860000,326.1315705,14.7714524
"HU Aqr AB b","HU Aqr",2,,5.90000000,,,316.9921976,-5.2948694
"HU Aqr AB c","HU Aqr",2,,4.50000000,,,316.9921976,-5.2948694
"LkCa 15 b","LkCa 15",1,,,,158.15200000,69.8241791,22.3508662
"NN Ser c","NN Ser",2,,9.71000000,"WD",515.81800000,238.2337015,12.9120871
"NN Ser d","NN Ser",2,,2.19000000,"WD",515.81800000,238.2337015,12.9120871
"nu Oph b","nu Oph",1,,21.54800000,"K0 III",46.21070000,269.7566013,-9.7741342
"nu Oph c","nu Oph",1,,23.69300000,"K0 III",46.21070000,269.7566013,-9.7741342
"NY Vir b","NY Vir",2,,2.66000000,,544.02400000,204.7005847,-2.0303873
"Oph 11 b","Oph 11",1,,14.00000000,"M9",,245.6049610,-24.0872219
"Kepler-749 b","Kepler-749",1,3.10000000,,,721.02700000,299.8973341,43.9040667
"Ross 458 c","Ross 458",2,14.01125000,6.00000000,,11.50940000,195.1912147,12.3755996
"SR 12 AB c","SR 12 AB",2,,13.00000000,,,246.8312363,-24.6946687
"tau Gem b","tau Gem",1,,20.60000000,"K2 III",112.53700000,107.7847232,30.2449545
"WASP-23 b","WASP-23",1,10.78300000,0.88400000,,207.49000000,101.1275033,-42.7622296
"KOI-55 b","KOI-55",1,0.75900000,0.00140000,"B",1231.02000000,296.3561853,41.0927315
"KOI-55 c","KOI-55",1,0.86700000,0.00210000,"B",1231.02000000,296.3561853,41.0927315
"MOA-2010-BLG-477L b","MOA-2010-BLG-477L",1,,1.50000000,,2300.00000000,271.5310060,-31.4544773
"HD 142 c","HD 142",2,,10.90100000,,26.18530000,1.5836771,-49.0753625
"HATS-1 b","HATS-1",1,14.59400000,1.85500000,,283.97100000,175.5252399,-23.3548451
"WASP-78 b","WASP-78",1,21.63337000,1.11000000,,754.25800000,63.7562662,-22.1163901
"Kepler-750 b","Kepler-750",1,3.07000000,,,1296.02000000,289.0968274,44.0043640
"WASP-79 b","WASP-79",1,17.14974047,0.85000000,"F5",246.69000000,66.3709016,-30.6004362
"KELT-1 b","KELT-1",1,12.44200000,27.23000000,,268.43000000,0.3620995,39.3837953
"KELT-2 A b","KELT-2 A",2,15.13215000,1.70000000,,134.05800000,92.6640226,30.9571333
"Kepler-36 b","Kepler-36",1,1.49800000,0.01205047,,527.95600000,291.2501859,49.2318073
"GJ 3470 b","GJ 3470",1,4.57000000,0.04373407,,29.42140000,119.7735021,15.3912090
"BD+20 274 b","BD+20 274",1,,4.20000000,"K5 III",1322.51000000,25.9203179,21.0052692
"HD 219415 b","HD 219415",1,,1.00000000,"K0 III",165.18400000,348.7243579,56.7303001
"Pr0201 b","Pr0201",1,,0.54000000,,180.64000000,130.4324005,20.2268164
"Pr0211 b","Pr0211",2,,1.88000000,,182.71400000,130.5477440,19.2769570
"HD 77338 b","HD 77338",1,,0.06000000,,45.93500000,135.3022475,-25.5282343
"HD 207832 b","HD 207832",3,,0.56000000,"G5 V",58.92910000,328.1517893,-26.0271749
"HD 207832 c","HD 207832",3,,0.73000000,,58.92910000,328.1517893,-26.0271749
"HAT-P-39 b","HAT-P-39",2,17.60900000,0.59900000,,697.00400000,113.7582526,17.8300283
"HAT-P-40 b","HAT-P-40",1,17.03768000,0.48000000,,464.46900000,335.5129199,45.4573423
"HAT-P-41 b","HAT-P-41",2,22.97845000,1.19000000,,348.18500000,297.3226523,4.6724124
"HD 5608 b","HD 5608",2,,1.16800000,"K0 IV",58.11050000,14.5594349,33.9505774
"75 Cet b","75 Cet",2,,2.47900000,"G3 III",82.96130000,38.0391598,-1.0350269
"omi UMa b","omi UMa",2,,3.65100000,"G4 II-III",54.91490000,127.5649503,60.7177048
"omi CrB b","omi CrB",1,,1.12000000,"K0 III",84.78830000,230.0350768,29.6160222
"WASP-42 b","WASP-42",1,12.57649800,0.52700000,,177.29100000,192.9812030,-42.0736165
"Kepler-751 b","Kepler-751",1,2.46000000,,,760.43000000,294.8438103,44.0776872
"WASP-47 b","WASP-47",1,12.86000000,1.17673560,,264.78000000,331.2030920,-12.0190670
"WASP-49 b","WASP-49",2,12.44199000,0.37000000,,194.55300000,91.0897193,-16.9653901
"WASP-55 b","WASP-55",2,14.72860064,0.58600000,,297.46200000,203.7581951,-17.5034961
"WASP-61 b","WASP-61",1,15.80469000,2.68000000,,488.66000000,75.2996637,-26.0541438
"WASP-62 b","WASP-62",1,14.79588000,0.52000000,,175.63100000,87.1398205,-63.9883286
"WASP-63 b","WASP-63",1,15.80469000,0.37000000,,290.68400000,94.3363562,-38.3233826
"WASP-66 b","WASP-66",1,15.69260000,2.35000000,,500.25800000,158.2250301,-34.9899074
"WASP-67 b","WASP-67",1,12.89035000,0.43000000,,189.46900000,295.7438485,-19.9497314
"HAT-P-38 b","HAT-P-38",1,9.24700000,0.26700000,,255.20600000,35.3834942,32.2460441
"Kepler-46 c","Kepler-46",1,,0.37600000,,777.06000000,289.2687388,42.6041819
"Kepler-47 b","Kepler-47",2,3.05000000,0.00651292,,1025.02000000,295.2978883,46.9204303
"Kepler-47 c","Kepler-47",2,4.65000000,0.00997389,,1025.02000000,295.2978883,46.9204303
"eps CrB b","eps CrB",1,,6.70000000,"K2 III",69.86830000,239.3965057,26.8776171
"WTS-1 b","WTS-1",1,16.70000000,4.01000000,"F6 V",2346.01000000,293.9850284,36.2962939
"WASP-54 b","WASP-54",2,17.71022000,0.59000000,,251.30300000,205.4542456,-0.1281712
"WASP-56 b","WASP-56",2,10.53646000,0.45000000,,321.08400000,183.3660401,23.0556870
"WASP-57 b","WASP-57",1,11.76945000,0.64400000,,398.27600000,223.8199788,-2.0576866
"HD 4732 b","HD 4732",2,,1.98600000,"K0 IV",54.78410000,12.3085089,-24.1369079
"HD 4732 c","HD 4732",2,,3.36500000,"K0 IV",54.78410000,12.3085089,-24.1369079
"HD 37605 c","HD 37605",1,,3.19000000,"K0",46.78640000,85.0074276,6.0595116
"HD 40307 f","HD 40307",1,,0.01640000,"K2.5 V",12.93630000,88.5172191,-60.0237289
"HD 40307 g","HD 40307",1,,0.02230000,"K2.5 V",12.93630000,88.5172191,-60.0237289
"HD 66141 b","HD 66141",1,,6.00000000,"K2 III",68.15090000,120.5662825,2.3350265
"HD 208527 b","HD 208527",1,,9.90000000,"M1 III",312.20200000,329.0999413,21.2399220
"HD 220074 b","HD 220074",1,,16.64000000,,324.54000000,350.0599827,61.9701062
"WASP-52 b","WASP-52",1,14.24000000,0.46000000,"K2 V",174.81800000,348.4947931,8.7610793
"WASP-58 b","WASP-58",2,16.02887000,0.97000000,,290.40400000,274.7012534,45.1722194
"WASP-59 b","WASP-59",1,8.68700000,0.86300000,"K5 V",115.93600000,349.6229547,24.8892770
"WASP-60 b","WASP-60",1,9.86392000,0.55000000,,431.05200000,356.6667136,31.1559115
"WASP-77 A b","WASP-77 A",2,,1.66540000,,105.16600000,37.1555223,-7.0606675
"GJ 676 A d","GJ 676 A",2,,0.01200000,,16.02720000,262.5448903,-51.6377777
"GJ 676 A e","GJ 676 A",2,,0.02100000,,16.02720000,262.5448903,-51.6377777
"kap And b","kap And",1,15.91675259,17.30000000,"B9 IVn",50.01770000,355.1025974,44.3338511
"BD-06 1339 b","BD-06 1339",1,,0.02700000,"K7/M0 V",20.26950000,88.2511811,-5.9963378
"BD-06 1339 c","BD-06 1339",1,,0.17000000,"K7/M0 V",20.26950000,88.2511811,-5.9963378
"HD 103774 b","HD 103774",2,,0.36700000,"F5 V",56.40890000,179.2310729,-12.1079951
"HD 109271 b","HD 109271",1,,0.05400000,"G5 V",55.87160000,188.3973970,-11.6215204
"HD 109271 c","HD 109271",1,,0.07600000,"G5 V",55.87160000,188.3973970,-11.6215204
"MOA-2010-BLG-073L b","MOA-2010-BLG-073L",1,,11.00000000,,2800.00000000,272.5472580,-26.5229319
"HD 219077 b","HD 219077",1,,9.62000000,,29.18640000,348.5319387,-62.7018297
"OGLE-2012-BLG-0026L b","OGLE-2012-BLG-0026L",1,,0.14500000,,4019.00000000,263.5779170,-27.1427500
"OGLE-2012-BLG-0026L c","OGLE-2012-BLG-0026L",1,,0.86000000,,4019.00000000,263.5779170,-27.1427500
"Kepler-68 d","Kepler-68",2,,0.74900000,,144.16600000,291.0323102,49.0402129
"WASP-64 b","WASP-64",2,14.24700000,1.27100000,"G7",369.92600000,101.1149223,-32.8583878
"WASP-72 b","WASP-72",1,14.45961000,2.30000000,,434.75400000,41.0400779,-30.1690785
"WASP-80 b","WASP-80",1,11.19779100,0.53800000,,49.78760000,303.1667996,-2.1444369
"WASP-71 b","WASP-71",1,13.22662000,1.39000000,,362.71500000,29.2634506,0.7588247
"OGLE-2011-BLG-0251L b","OGLE-2011-BLG-0251L",1,,0.53000000,"M",2570.00000000,264.5590830,-27.1361389
"HD 159868 c","HD 159868",1,,0.76800000,,55.85030000,264.7466665,-43.1462347
"PH1 b","PH1",4,6.18000000,0.53100000,"F",1033.16000000,298.2150641,39.9550863
"HD 222155 b","HD 222155",1,,2.12000000,,50.60780000,354.5025617,48.9960191
"HD 24040 b","HD 24040",1,,3.86000000,,46.62240000,57.5962104,17.4752873
"ome Ser b","ome Ser",2,,0.73600000,"G8 III",76.75560000,237.5732422,2.1963040
"HD 2952 b","HD 2952",1,,0.89600000,"K0 III",110.10300000,8.2938367,54.8948177
"HD 120084 b","HD 120084",1,,6.40000000,"G7 III",103.04400000,205.6619890,78.0646376
"Kepler-19 c","Kepler-19",1,,0.04121700,,218.56200000,290.4209694,37.8516556
"BD+15 2940 b","BD+15 2940",1,,1.11000000,"K0",426.42000000,240.0956400,15.5467507
"HD 233604 b","HD 233604",1,,6.57500000,"K5",847.05800000,137.4535054,53.5682016
"HD 95086 b","HD 95086",1,,5.00000000,,86.22790000,164.2621032,-68.6672917
"KELT-3 b","KELT-3",2,17.48604000,1.94000000,,210.25200000,148.6431193,40.3879446
"Kepler-116 b","Kepler-116",1,3.42000000,,,955.16800000,294.7420605,43.5367842
"GJ 163 b","GJ 163",1,,0.03335116,,15.12850000,62.3228353,-53.3711768
"GJ 163 c","GJ 163",1,,0.02139509,,15.12850000,62.3228353,-53.3711768
"GJ 163 d","GJ 163",1,,0.09250228,,15.12850000,62.3228353,-53.3711768
"DENIS-P J082303.1-491201 b","DENIS-P J082303.1-491201",1,,28.50000000,"L1.5",,125.7620668,-49.2003008
"HIP 63242 b","HIP 63242",1,,9.18000000,"G8",156.45600000,194.3824825,-65.6463263
"GJ 667 C e","GJ 667 C",3,,0.00800000,"M1.5 V",7.24396000,259.7510609,-34.9977651
"GJ 667 C f","GJ 667 C",3,,0.00800000,"M1.5 V",7.24396000,259.7510609,-34.9977651
"GJ 667 C g","GJ 667 C",3,,0.01400000,"M1.5 V",7.24396000,259.7510609,-34.9977651
"GJ 504 b","GJ 504",1,,4.00000000,"G0 V",17.52990000,199.1923480,9.4249781
"Kepler-78 b","Kepler-78",2,1.20100000,0.00528587,,124.37600000,293.7419543,44.4482521
"GJ 328 b","GJ 328",1,,2.51000000,"M0.0",20.52660000,133.7819507,1.5420011
"HD 203030 b","HD 203030",1,14.45958510,11.00000000,"G8 V",39.25030000,319.7432238,26.2305846
"CHXR 73 b","CHXR 73",1,,12.56900000,"M3.5",190.37400000,166.6193985,-77.6258725
"DH Tau b","DH Tau",1,,11.00000000,"M0.5",134.84600000,67.4231674,26.5493897
"CFBDSIR J145829+101343 b","CFBDSIR J145829+101343",1,,10.50000000,,,224.6208333,10.2286111
"2MASS J01225093-2439505 b","2MASS J01225093-2439505",1,,24.50000000,"M3.5 V",33.82810000,20.7128012,-24.6646128
"WD 0806-661 b","WD 0806-661",1,12.10569916,7.00000000,,19.24440000,121.7275683,-66.3058835
"POTS-1 b","POTS-1",1,10.54800000,2.31000000,"K5 V",747.95900000,203.6087259,-66.5811639
"HATS-2 b","HATS-2",1,12.57647635,1.37000000,,341.92500000,176.7388264,-22.5630097
"HATS-3 b","HATS-3",1,15.48000000,1.07100000,"F",411.21100000,312.4574879,-24.4286938
"PSR J1719-1438 b","PSR J1719-1438",1,,1.20000000,,1200.00000000,259.7919708,-14.6336000
"RR Cae b","RR Cae",2,,4.20000000,"M",21.19160000,65.2733756,-48.6542601
"WASP-65 b","WASP-65",1,12.46400000,1.55000000,"G6",273.70300000,133.3242982,8.5230171
"WASP-75 b","WASP-75",2,14.23500000,1.07000000,"F9",294.00100000,342.3858995,-10.6754686
"HD 113337 b","HD 113337",3,,3.25900000,,36.18000000,195.4438496,63.6103280
"MOA-2011-BLG-293L b","MOA-2011-BLG-293L",1,,4.80000000,,7720.00000000,268.9139580,-28.4768472
"HAT-P-42 b","HAT-P-42",1,14.34800000,1.04400000,,405.23800000,135.3443583,6.0970828
"HAT-P-43 b","HAT-P-43",1,13.63000000,,,528.82500000,128.9256885,10.2065866
"OGLE-2012-BLG-0358L b","OGLE-2012-BLG-0358L",1,,1.85000000,,1760.00000000,265.6948750,-24.2610000
"ROXs 42 B b","ROXs 42 B",2,,9.00000000,"M0",143.59000000,247.8125493,-24.5455770
"WISEP J121756.91+162640.2 A b","WISEP J121756.91+162640.2 A",1,10.46800000,22.00000000,"T8.5",,184.4871250,16.4445000
"MOA-2008-BLG-379L b","MOA-2008-BLG-379L",1,,4.10000000,"K",3300.00000000,269.7060000,-30.1969306
"HD 13908 b","HD 13908",1,,0.86500000,"F8 V",79.55150000,34.5609102,65.5941901
"HD 13908 c","HD 13908",1,,5.13000000,"F8 V",79.55150000,34.5609102,65.5941901
"HD 159243 b","HD 159243",1,,1.13000000,"G0 V",73.30550000,263.3395365,5.7008254
"HD 159243 c","HD 159243",1,,1.90000000,"G0 V",73.30550000,263.3395365,5.7008254
"HIP 91258 b","HIP 91258",1,,1.09000000,,45.88460000,279.2211173,61.7015065
"ROXs 12 b","ROXs 12",2,,16.00000000,"M0",136.65000000,246.6167993,-25.4466950
"HD 106906 b","HD 106906",1,,11.00000000,"F5 V",103.02900000,184.4713308,-55.9755805
"OGLE-2012-BLG-0406L b","OGLE-2012-BLG-0406L",1,,2.73000000,,4970.00000000,268.3257080,-30.4711667
"Kepler-93 c","Kepler-93",1,,3.00000000,,95.91150000,291.4181275,38.6723124
"Kepler-94 c","Kepler-94",1,,9.83600000,,191.90400000,281.1947316,47.4972606
"Kepler-48 e","Kepler-48",1,,2.06700000,,306.73800000,299.1393094,40.9489390
"Kepler-25 d","Kepler-25",2,,0.22600000,,243.24900000,286.6383905,39.4879038
"KOI-142 c","KOI-142",1,,0.67400000,,376.86300000,291.1481028,40.6694130
"Kepler-97 c","Kepler-97",1,,1.08000000,,400.90700000,287.3265292,48.6733443
"Kepler-407 c","Kepler-407",1,,12.60000000,,338.36800000,286.0363025,49.6145027
"MOA-2011-BLG-322L b","MOA-2011-BLG-322L",1,,11.60000000,,7560.00000000,271.2233330,-27.2209444
"CoRoT-27 b","CoRoT-27",1,11.28700000,10.39000000,"G2",1010.28000000,278.4958319,5.5383811
"WASP-103 b","WASP-103",1,17.12700000,1.49000000,"F8 V",375.64700000,249.3148604,7.1833758
"KELT-6 b","KELT-6",1,14.57170000,0.52000000,,240.72600000,195.9818362,30.6401450
"NGC 2682 YBP 1194 b","NGC 2682 YBP 1194",1,,0.32000000,"G5 V",872.92000000,132.7533077,11.8146537
"NGC 2682 YBP 1514 b","NGC 2682 YBP 1514",1,,0.40000000,"G5 V",914.22100000,132.7531307,11.8865128
"HD 154857 c","HD 154857",1,,2.58000000,"G5 V",63.44820000,257.8161940,-56.6810380
"UZ For b","UZ For",2,,6.30000000,,,53.8694682,-25.7393857
"UZ For c","UZ For",2,,7.70000000,,,53.8694682,-25.7393857
"Kepler-413 b","Kepler-413",2,4.34700000,0.21100000,,847.53600000,288.5106679,51.1624235
"HAT-P-49 b","HAT-P-49",1,17.82231000,2.20000000,,350.35100000,305.4413294,26.6926759
"WTS-2 b","WTS-2",1,15.27786700,1.12000000,"K2 V",,293.7327826,36.8154936
"HD 4203 c","HD 4203",1,,2.17000000,,81.37950000,11.1722288,20.4483925
"WASP-8 c","WASP-8",2,,9.45000000,,89.96060000,359.9008737,-35.0313349
"WASP-68 b","WASP-68",2,14.79588000,1.08000000,,226.39900000,305.0957239,-19.3147271
"WASP-73 b","WASP-73",1,15.91678000,2.86000000,,316.67800000,319.9496969,-58.1489328
"WASP-88 b","WASP-88",1,16.36514000,0.42000000,,523.75600000,309.5112337,-48.4620833
"WASP-95 b","WASP-95",1,13.78707000,1.44000000,,137.54400000,337.4578243,-48.0030988
"WASP-96 b","WASP-96",1,13.45000000,0.48000000,"G8",352.46400000,1.0465696,-47.3606352
"WASP-97 b","WASP-97",1,12.77826000,1.36000000,,151.06800000,24.6051389,-55.7720006
"WASP-98 b","WASP-98",2,12.82309600,0.92200000,,281.74200000,58.4290113,-34.3282716
"WASP-99 b","WASP-99",1,11.43318000,2.43000000,,158.66000000,39.8976689,-50.0081934
"WASP-100 b","WASP-100",2,14.90797000,1.26000000,,364.41100000,68.9598159,-64.0270390
"WASP-101 b","WASP-101",1,16.02887000,0.51000000,,201.22400000,98.3511016,-23.4860860
"CoRoT-25 b","CoRoT-25",1,12.11000000,0.27000000,"F9",1103.48000000,280.6296561,6.5138223
"CoRoT-26 b","CoRoT-26",1,14.12000000,0.52000000,"G5",1045.18000000,279.7504991,6.9697828
"MOA-bin-1L b","MOA-bin-1L",1,,3.70000000,,5100.00000000,261.7925000,-29.7939722
"HAT-P-44 b","HAT-P-44",1,13.92200000,0.35200000,,347.85000000,213.1438604,47.0147826
"HAT-P-45 b","HAT-P-45",1,15.98400000,0.89200000,,298.64000000,274.3732697,-3.3810594
"HAT-P-46 b","HAT-P-46",1,14.39200000,0.49300000,,290.73600000,270.4441831,-2.9709800
"HAT-P-44 c","HAT-P-44",1,,4.00000000,,347.85000000,213.1438604,47.0147826
"HD 285507 b","HD 285507",1,,0.98000000,,45.02930000,61.7556630,15.3349441
"GU Psc b","GU Psc",1,14.17900000,11.30000000,"M3",47.55010000,18.1464850,17.0650029
"HATS-5 b","HATS-5",1,10.22300000,0.23700000,"G",246.38400000,67.2228465,-21.4820568
"bet Cnc b","bet Cnc",2,,7.80000000,"K4 III",89.04720000,124.1286379,9.1853306
"mu Leo b","mu Leo",1,,2.40000000,"K2 III",32.60810000,148.1898673,26.0067142
"bet UMi b","bet UMi",1,,6.10000000,"K4 III",38.77472000,222.6764950,74.1555480
"GJ 687 b","GJ 687",1,,0.05411698,,4.54939000,264.1041731,68.3336741
"Kapteyn c","Kapteyn",1,,0.02200000,,3.93305000,77.9586613,-45.0430198
"HIP 105854 b","HIP 105854",1,,8.20000000,"K2 III",78.63810000,321.5962275,-37.8294782
"CoRoT-24 b","CoRoT-24",1,3.70000000,0.01800000,"K1 V",591.55500000,101.9225430,-3.7192892
"CoRoT-24 c","CoRoT-24",1,5.00000000,0.08800000,"K1 V",591.55500000,101.9225430,-3.7192892
"OGLE-2008-BLG-355L b","OGLE-2008-BLG-355L",1,,4.60000000,,6800.00000000,269.7867080,-30.7594722
"Kepler-419 c","Kepler-419",1,,7.30000000,,1011.36000000,295.4179125,51.1847629
"HATS-4 b","HATS-4",1,11.43300000,1.32300000,"G",416.45900000,94.1120914,-22.5468824
"OGLE-2013-BLG-0341L B b","OGLE-2013-BLG-0341L B",2,,0.00522000,,911.00000000,268.0312080,-29.8461111
"XO-2 S b","XO-2 S",2,,0.26000000,"G8 V",151.39800000,117.0309753,50.2169068
"XO-2 S c","XO-2 S",2,,1.38000000,"G8 V",151.39800000,117.0309753,50.2169068
"HD 150706 b","HD 150706",1,,2.71000000,"G0 V",28.26970000,247.8255687,79.7894032
"CoRoT-22 b","CoRoT-22",1,4.88000000,0.03800000,"G3 V",627.15800000,280.6671392,6.2191669
"Kepler-412 b","Kepler-412",1,15.03126900,0.94100000,,1086.24000000,286.1103053,43.6809612
"WASP-117 b","WASP-117",1,11.88154000,0.30000000,,157.96300000,36.7758112,-50.2844247
"GJ 15 A b","GJ 15 A",2,,0.00953340,"M1",3.56228000,4.6126677,44.0247296
"WASP-104 b","WASP-104",2,12.74500000,1.27200000,"G8",185.93200000,160.6023689,7.4350768
"WASP-106 b","WASP-106",1,12.10569916,1.93000000,,352.18100000,166.4296276,-5.0794854
"HD 14067 b","HD 14067",1,,15.30000000,"G9 III",142.02400000,34.2933480,23.7676546
"HIP 67851 b","HIP 67851",1,,1.15000000,"K0 III",64.11810000,208.4653640,-35.3146536
"HIP 67851 c","HIP 67851",1,,4.97000000,"K0 III",64.11810000,208.4653640,-35.3146536
"HIP 97233 b","HIP 97233",1,,19.18700000,,102.27500000,296.4221207,-0.6968794
"WASP-94 A b","WASP-94 A",2,17.71022000,0.50000000,,211.21100000,313.7832393,-34.1357512
"WASP-94 B b","WASP-94 B",2,,0.61800000,"F9",208.69600000,313.7882932,-34.1357240
"KIC 10001893 b","KIC 10001893",1,,,,1672.94000000,287.3892308,46.9844491
"KIC 10001893 c","KIC 10001893",1,,,,1672.94000000,287.3892308,46.9844491
"KIC 10001893 d","KIC 10001893",1,,,,1672.94000000,287.3892308,46.9844491
"Kepler-424 c","Kepler-424",1,,6.97000000,,698.64600000,298.6249797,48.5774500
"WASP-69 b","WASP-69",1,11.21000000,0.26000000,"K",49.96050000,315.0259661,-5.0948570
"WASP-70 A b","WASP-70 A",2,13.04700000,0.59000000,"G4",222.35500000,315.4771912,-13.4333821
"WASP-84 b","WASP-84",1,10.72000000,0.69200000,"K0",100.58800000,131.1069959,1.8598933
"TYC 1422-614-1 b","TYC 1422-614-1",1,,2.50000000,,672.41000000,154.2777769,19.5584068
"TYC 1422-614-1 c","TYC 1422-614-1",1,,10.00000000,,672.41000000,154.2777769,19.5584068
"OGLE-2008-BLG-092L b","OGLE-2008-BLG-092L",2,,0.18000000,,8100.00000000,267.5407080,-34.6731944
"Kepler-289 d","Kepler-289",1,3.03000000,0.01677006,,704.43800000,297.4653351,42.8828517
"HD 5319 c","HD 5319",1,,1.05300000,,121.40500000,13.7558096,0.7893425
"HD 10442 b","HD 10442",1,,1.48700000,,135.37400000,25.4715240,2.7044193
"HD 75784 b","HD 75784",1,,1.00000000,,85.43210000,133.0992289,13.2330548
"GJ 3293 b","GJ 3293",1,,0.07406475,"M2.5",20.19030000,67.1484425,-25.1713396
"GJ 3293 c","GJ 3293",1,,0.06635623,"M2.5",20.19030000,67.1484425,-25.1713396
"GJ 3341 b","GJ 3341",1,,0.02080000,"M2.5",23.61900000,78.9471415,-31.2948458
"HIP 116454 b","HIP 116454",2,2.46900000,0.03051961,,62.44910000,353.9543517,0.4447043
"HD 564 b","HD 564",1,,0.33000000,"G2/G3 V",51.16590000,2.4694459,-50.2678998
"HD 30669 b","HD 30669",1,,0.47000000,"G9 V",58.08440000,72.1198522,-28.4190757
"Kepler-755 b","Kepler-755",2,1.76000000,,,399.03400000,296.8609348,41.0973178
"HD 108341 b","HD 108341",2,,3.50000000,"K2 V",48.91020000,186.8791724,-71.4224896
"HD 103720 b","HD 103720",1,,0.62000000,"K3 V",45.53520000,179.1713308,-2.7791393
"BD-11 4672 b","BD-11 4672",1,,0.65000000,,27.16650000,278.3688659,-11.6370481
"OGLE-2013-BLG-0102L b","OGLE-2013-BLG-0102L",1,,13.00000000,,3040.00000000,268.0295000,-31.6905833
"BD+49 828 b","BD+49 828",1,,1.60000000,"K0",442.04200000,45.6406187,49.7299481
"HD 145934 b","HD 145934",1,,2.07200000,,227.88100000,243.2912249,13.2394527
"Kepler-445 d","Kepler-445",1,1.25000000,,"M4",127.20100000,298.7363395,46.4991236
"HD 95127 b","HD 95127",1,,10.63000000,,676.57900000,164.8961152,43.8144094
"HD 216536 b","HD 216536",1,,1.05000000,,376.23300000,343.2665641,44.4777303
"OGLE-2014-BLG-0124L b","OGLE-2014-BLG-0124L",1,,0.65000000,,3500.00000000,270.6217083,-28.3962500
"Kepler-1734 b","Kepler-1734",1,3.08851092,,,1482.83000000,294.1631670,41.4517316
"WASP-82 b","WASP-82",1,18.15858000,1.17000000,,275.66400000,72.6605916,1.8938365
"K2-3 b","K2-3",1,2.07800000,0.01607786,"M V",44.07270000,172.3353708,-1.4551364
"K2-3 c","K2-3",1,1.58200000,0.00843222,"M V",44.07270000,172.3353708,-1.4551364
"K2-3 d","K2-3",1,1.45800000,0.00692197,"M V",44.07270000,172.3353708,-1.4551364
"OGLE-2011-BLG-0265L b","OGLE-2011-BLG-0265L",1,,0.88000000,,4380.00000000,269.4488330,-27.3945278
"WASP-20 b","WASP-20",2,15.46839337,,,211.87700000,5.1605621,-23.9357894
"HD 1605 b","HD 1605",1,,0.93400000,"K1 IV",88.80470000,5.1317548,30.9750611
"HD 1605 c","HD 1605",1,,3.62000000,"K1 IV",88.80470000,5.1317548,30.9750611
"HD 1666 b","HD 1666",1,,6.43000000,"F7 V",117.90800000,5.2180424,-19.9314823
"HD 67087 b","HD 67087",1,,3.06000000,"F8 V",76.52170000,121.9155672,31.5511553
"Kepler-265 c","Kepler-265",1,2.63000000,,,1280.25000000,290.5104788,41.2447430
"HD 67087 c","HD 67087",1,,4.85000000,"F8 V",76.52170000,121.9155672,31.5511553
"CoRoT-28 b","CoRoT-28",1,10.70459500,0.48400000,"G8/9 IV",766.18300000,278.6883216,5.5736911
"CoRoT-29 b","CoRoT-29",1,10.08810000,0.85000000,"K0 V",806.50700000,278.9020691,6.4795703
"HAT-P-54 b","HAT-P-54",1,10.58129600,0.76000000,,143.65100000,99.8979924,25.4824005
"HD 100546 b","HD 100546",1,77.34210000,8.50000000,"B9 Vne",109.67700000,173.3555116,-70.1947897
"Kepler-432 c","Kepler-432",2,,2.43000000,,848.02300000,293.2822344,48.2859173
"HATS-6 b","HATS-6",1,11.18658200,0.31900000,"M1 V",169.31800000,88.1468079,-19.0316268
"HD 7924 c","HD 7924",1,,0.02473020,"K0.5 V",16.99220000,20.4956562,76.7101475
"HD 7924 d","HD 7924",1,,0.02026240,"K0.5 V",16.99220000,20.4956562,76.7101475
"VHS J125601.92-125723.9 b","VHS J125601.92-125723.9",2,13.67495645,16.00000000,,,194.0089640,-12.9560310
"Kepler-756 b","Kepler-756",1,1.12000000,,,,290.6079736,41.2010940
"2MASS J02192210-3925225 b","2MASS J02192210-3925225",1,16.14096000,13.90000000,"M6",,34.8427046,-39.4230767
"HATS-9 b","HATS-9",1,13.85000000,,,638.70000000,290.8101704,-20.1663771
"HATS-10 b","HATS-10",1,10.86152100,0.52600000,,534.88900000,294.3068385,-22.2044872
"alf Tau b","alf Tau",2,,6.47000000,"K5 III",20.43320000,68.9801740,16.5092010
"2MASS J19383260+4603591 b","2MASS J19383260+4603591",2,,1.86000000,,396.33200000,294.6359173,46.0664076
"MOA-2010-BLG-328L b","MOA-2010-BLG-328L",1,,0.02900000,,810.00000000,269.4963330,-30.7151750
"MOA-2011-BLG-262L b","MOA-2011-BLG-262L",1,,0.05300000,,7200.00000000,270.0978330,-31.2452583
"HIP 65891 b","HIP 65891",1,,6.10000000,"K0 III",150.29200000,202.6050857,-58.6643937
"HIP 107773 b","HIP 107773",1,,1.98000000,"K1 III",105.18000000,327.5005089,-64.7126993
"KELT-7 b","KELT-7",1,17.93440000,1.39000000,,136.68100000,78.2955912,33.3179532
"HAT-P-55 b","HAT-P-55",1,14.84069045,0.59600000,,511.38800000,264.2735096,25.7311468
"HATS-8 b","HATS-8",1,9.78545700,0.13800000,,794.63700000,294.9416887,-25.7483655
"WASP-74 b","WASP-74",1,15.24424000,0.72000000,,149.21600000,304.5388430,-1.0760033
"WASP-83 b","WASP-83",1,11.65736000,0.30000000,"G8",271.10300000,190.1519558,-19.2843527
"WASP-89 b","WASP-89",1,11.65736000,5.90000000,"K3",290.94600000,313.9000261,-18.9714084
"K2-4 b","K2-4",1,2.10000000,,,231.82800000,174.7455392,-3.9055746
"K2-5 b","K2-5",1,1.91000000,,"K7.5 V",202.94300000,169.3034598,-1.8778254
"K2-5 c","K2-5",1,2.26000000,,"K7.5 V",202.94300000,169.3034598,-1.8778254
"K2-6 b","K2-6",1,2.50000000,,,316.81900000,178.1921152,-1.1984418
"K2-7 b","K2-7",1,4.03523305,,,738.55300000,167.0937488,-1.0658550
"K2-8 b","K2-8",1,3.58000000,,"K3 V",403.51300000,169.7935178,-0.2844389
"K2-9 b","K2-9",1,2.25000000,,"M2.5 V",82.96310000,176.2637240,0.0054085
"K2-19 b","K2-19",1,7.00000000,0.09690764,,289.82700000,174.9602543,0.6035960
"K2-19 c","K2-19",1,4.10000000,0.03460987,,289.82700000,174.9602543,0.6035960
"K2-10 b","K2-10",1,3.77300000,0.07928807,,272.36000000,172.1216476,1.6906217
"K2-11 b","K2-11",1,7.55000000,,,329.30900000,169.0418328,1.9866832
"K2-12 b","K2-12",1,2.44000000,0.01636103,,326.38100000,173.1919022,2.2446794
"K2-13 b","K2-13",1,1.89000000,,,342.39400000,170.1554763,2.5027534
"K2-14 b","K2-14",1,4.81000000,,,364.04800000,178.0568745,2.5941222
"K2-15 b","K2-15",1,2.48000000,,,493.99200000,178.1105741,4.2546649
"K2-16 b","K2-16",1,2.02000000,,"K3 V",334.96700000,175.0972238,4.5574311
"K2-16 c","K2-16",1,2.54000000,,"K3 V",334.96700000,175.0972238,4.5574311
"K2-17 b","K2-17",1,2.23000000,,,125.10600000,178.3296746,6.4123178
"K2-18 b","K2-18",1,2.37000000,0.02806532,,38.02660000,172.5601410,7.5878315
"HAT-P-56 b","HAT-P-56",1,16.92559000,2.31000000,,320.63900000,100.8480137,27.2521823
"HD 219134 b","HD 219134",1,1.60200000,0.01491363,,6.53127000,348.3372026,57.1696255
"HD 219134 c","HD 219134",1,1.51100000,0.01371803,,6.53127000,348.3372026,57.1696255
"HD 219134 d","HD 219134",1,1.61000000,0.05087625,,6.53127000,348.3372026,57.1696255
"HATS-13 b","HATS-13",1,13.58530800,0.54300000,,421.85500000,316.9614798,-26.0967205
"HATS-14 b","HATS-14",1,11.64615100,1.07100000,,513.01100000,313.2154754,-25.6873756
"OGLE-2012-BLG-0563L b","OGLE-2012-BLG-0563L",1,,0.39000000,,1300.00000000,271.4905000,-27.7120000
"51 Eri b","51 Eri",3,,10.90000000,,29.75750000,69.4007424,-2.4738245
"KELT-8 b","KELT-8",1,18.15858000,0.66000000,,197.57200000,283.3054489,24.1272483
"KELT-6 c","KELT-6",1,,3.71000000,,240.72600000,195.9818362,30.6401450
"HD 164595 b","HD 164595",2,,0.05078186,"G2 V",28.25400000,270.1613723,29.5726698
"K2-21 b","K2-21",1,1.84000000,,,83.64480000,340.3037846,-14.4893256
"K2-21 c","K2-21",1,2.49000000,,,83.64480000,340.3037846,-14.4893256
"K2-22 b","K2-22",2,2.30000000,,,243.83600000,169.4827046,2.6190363
"WASP-47 c","WASP-47",1,,1.40641928,,264.78000000,331.2030920,-12.0190670
"WASP-47 d","WASP-47",1,3.65000000,0.04876845,,264.78000000,331.2030920,-12.0190670
"WASP-47 e","WASP-47",1,1.83000000,0.02831717,,264.78000000,331.2030920,-12.0190670
"WASP-41 c","WASP-41",1,,3.18000000,,163.37100000,190.6188034,-30.6398176
"HD 11755 b","HD 11755",1,,5.63000000,,235.04500000,29.7078360,73.1521372
"HD 12648 b","HD 12648",1,,1.96000000,,182.19200000,34.7480718,85.7365329
"HD 24064 b","HD 24064",1,,12.89000000,,300.24700000,59.1510071,74.0800789
"8 UMi b","8 UMi",1,,1.65000000,,162.55200000,224.2016850,74.9009379
"Kepler-453 b","Kepler-453",2,6.20400000,0.05034138,,442.84600000,283.2413322,46.3784691
"HAT-P-57 b","HAT-P-57",3,19.50366000,1.41000000,,279.86000000,274.7434180,10.5971968
"GJ 1132 b","GJ 1132",1,1.19151465,0.00578000,,12.61300000,153.7090696,-47.1549358
"Kepler-757 b","Kepler-757",1,1.36000000,,,1068.68000000,296.6804876,41.3865279
"HAT-P-50 b","HAT-P-50",1,14.43719200,1.35000000,,515.45800000,118.0634379,12.1393474
"HAT-P-51 b","HAT-P-51",1,13.50682174,0.30700000,,440.08900000,21.0651251,32.8107000
"HAT-P-52 b","HAT-P-52",1,11.30988100,0.81800000,,361.15500000,42.7217412,29.0222492
"HAT-P-53 b","HAT-P-53",1,14.77346200,1.48400000,,666.80200000,21.8711012,38.9681137
"HD 175607 b","HD 175607",1,,0.02825410,"G6 V",40.33030000,285.2742901,-66.1943379
"HD 219134 f","HD 219134",1,1.31000000,0.02296825,,6.53127000,348.3372026,57.1696255
"HD 219134 g","HD 219134",1,,0.03400000,"K3 V",6.53127000,348.3372026,57.1696255
"HD 219134 h","HD 219134",1,,0.34000000,"K3 V",6.53127000,348.3372026,57.1696255
"WASP-135 b","WASP-135",1,14.57170000,1.90000000,"G5 V",298.21400000,267.2848846,29.8790428
"LkCa 15 c","LkCa 15",1,,,,158.15200000,69.8241791,22.3508662
"Kepler-758 b","Kepler-758",1,2.48000000,,,1502.32000000,293.0846115,41.1354049
"Kepler-454 c","Kepler-454",2,,4.51000000,,230.86900000,287.4786474,38.2290751
"HD 95872 b","HD 95872",1,,3.74000000,,72.21950000,165.8658796,-22.0943303
"psi1 Dra B b","psi1 Dra B",3,,1.53000000,"G0 V",22.71880000,265.4925754,72.1557114
"Wolf 1061 b","Wolf 1061",1,,0.00600950,"M3.5",4.30592000,247.5748276,-12.6676866
"Wolf 1061 c","Wolf 1061",1,,0.01072901,"M3.5",4.30592000,247.5748276,-12.6676866
"Wolf 1061 d","Wolf 1061",1,,0.02422679,"M3.5",4.30592000,247.5748276,-12.6676866
"KIC 3558849 b","KIC 3558849",1,6.90000000,,,1215.70000000,294.9498381,38.6051867
"KIC 8540376 b","KOI-7892",1,4.10000000,,,1072.30000000,282.3775397,44.6945690
"KIC 8540376 c","KOI-7892",1,2.40000000,,,1072.30000000,282.3775397,44.6945690
"Kepler-759 b","Kepler-759",1,2.27000000,,,1073.48000000,290.1314231,41.3814345
"KIC 10525077 b","KIC 10525077",1,5.50000000,,,1461.15000000,287.3781164,47.7711541
"K2-25 b","K2-25",1,3.44000000,0.07708562,"M4.5 V",44.95650000,63.2739346,15.2477027
"HD 32963 b","HD 32963",1,,0.70000000,,38.07860000,76.9820146,26.3276805
"HD 33844 b","HD 33844",1,,2.01000000,,105.77900000,78.1505649,-14.9509775
"HD 33844 c","HD 33844",1,,1.75000000,"K0 III",105.77900000,78.1505649,-14.9509775
"K2-26 b","K2-26",1,2.67000000,,"M1.0 V",99.05040000,94.2064312,24.5958335
"WASP-76 b","WASP-76",2,20.78145022,0.89400000,"F7",194.45900000,26.6329360,2.7003890
"WASP-90 b","WASP-90",1,18.27067000,0.63000000,"F6",466.43300000,315.5319489,7.0562793
"HD 5583 b","HD 5583",1,,5.78000000,,219.21600000,14.4869460,34.9853306
"BD+15 2375 b","BD+15 2375",1,,1.06100000,,768.04500000,176.4820239,14.6163182
"Pr0211 c","Pr0211",2,,7.79000000,,182.71400000,130.5477440,19.2769570
"HD 143105 b","HD 143105",1,,1.21000000,"F5",46.77890000,238.4023547,68.7199779
"HIP 109600 b","HIP 109600",2,,2.68000000,"G5",66.33610000,333.0270790,29.0662082
"HD 35759 b","HD 35759",1,,3.76000000,"G0",71.24230000,82.8886636,64.3183753
"HIP 109384 b","HIP 109384",1,,1.56000000,"G5",58.95820000,332.4089720,71.3139560
"HD 220842 b","HD 220842",2,,3.18000000,"F8",64.64980000,351.6534162,56.8871415
"HD 12484 b","HD 12484",1,,2.98000000,"F8",48.33670000,30.6115322,2.8158078
"HIP 65407 b","HIP 65407",1,,0.42800000,"K0",61.78040000,201.0876630,48.8847322
"HIP 65407 c","HIP 65407",1,,0.78400000,"K0",61.78040000,201.0876630,48.8847322
"HD 141399 b","HD 141399",1,,0.45100000,"K0",37.01690000,236.7235392,46.9862880
"HD 141399 c","HD 141399",1,,1.33000000,"K0",37.01690000,236.7235392,46.9862880
"HD 141399 d","HD 141399",1,,1.18000000,"K0",37.01690000,236.7235392,46.9862880
"HD 141399 e","HD 141399",1,,0.66000000,"K0",37.01690000,236.7235392,46.9862880
"KELT-4 A b","KELT-4 A",3,19.04409100,0.90200000,"F",218.05000000,157.0626200,25.5731366
"HIP 8541 b","HIP 8541",2,,7.71400000,,155.12100000,27.5271962,-54.4651633
"HIP 74890 b","HIP 74890",1,,2.40000000,"K1 III",78.65620000,229.5714974,-41.4210961
"KELT-14 b","KELT-14",1,19.53728700,1.28400000,"G4",250.12100000,108.3014090,-42.4097623
"KELT-15 b","KELT-15",2,19.50366000,1.31000000,,324.68300000,117.4149764,-52.1204471
"OGLE-2015-BLG-0966L b","OGLE-2015-BLG-0966L",1,,0.06600000,,3300.00000000,268.7542500,-29.0471111
"K2-29 b","K2-29",2,13.33871000,0.73000000,"G7 V",178.47500000,62.6704220,24.4016558
"HATS-17 b","HATS-17",1,8.70939300,1.33800000,"G V",400.33100000,192.1895676,-47.6136789
"MOA-2011-BLG-028L b","MOA-2011-BLG-028L",1,,0.09000000,,7380.00000000,270.8540000,-29.2134167
"TYC 3667-1280-1 b","TYC 3667-1280-1",1,,5.40000000,,477.51600000,12.8875757,58.4261485
"K2-30 b","K2-30",1,11.64615100,0.57900000,"G6 V",333.04200000,52.3420548,22.2993491
"KELT-10 b","KELT-10",1,15.68139100,0.67900000,"G0 V",188.40400000,284.5483823,-47.0033072
"OGLE-2012-BLG-0724L b","OGLE-2012-BLG-0724L",1,,0.47000000,"M V",6700.00000000,268.9682917,-29.8185278
"TRAPPIST-1 b","TRAPPIST-1",1,1.11600000,0.00432309,,,346.6263919,-5.0434618
"TRAPPIST-1 c","TRAPPIST-1",1,1.09700000,0.00411543,,,346.6263919,-5.0434618
"TRAPPIST-1 d","TRAPPIST-1",1,0.78800000,0.00122078,,,346.6263919,-5.0434618
"K2-34 b","K2-34",1,13.75000000,,,348.64600000,127.5787231,22.2359194
"WASP-119 b","WASP-119",1,15.69260000,1.23000000,"G5",302.44800000,55.9336392,-65.1937800
"WASP-124 b","WASP-124",1,13.89916000,0.60000000,"F9",448.63700000,332.7143373,-30.7497189
"WASP-126 b","WASP-126",1,,0.28411415,,216.52600000,63.3747060,-69.2265926
"WASP-129 b","WASP-129",2,10.42437000,1.00000000,"G1",301.46200000,176.2990518,-42.0639575
"WASP-133 b","WASP-133",1,13.56289000,1.16000000,"G4",559.08400000,314.5754375,-35.7966224
"Kepler-539 c","Kepler-539",1,,2.40000000,"G2 V",307.31800000,299.1224639,41.8667953
"HD 191806 b","HD 191806",1,,9.33400000,,65.66680000,302.3687580,52.2767265
"HD 214823 b","HD 214823",2,,18.61000000,,101.36800000,340.0832062,31.7875183
"HD 221585 b","HD 221585",1,,1.61000000,"G8 IV",55.85350000,353.2293802,63.1556146
"Kepler-1647 b","Kepler-1647",2,11.87390000,1.51968033,,1212.45000000,298.1500570,40.6561751
"MOA-2013-BLG-605L b","MOA-2013-BLG-605L",1,,0.01020000,,850.00000000,272.0192570,-29.7315826
"HD 219828 c","HD 219828",1,,16.05400000,,73.11400000,349.6947029,18.6457524
"WASP-120 b","WASP-120",1,15.58048317,,"F5",381.17400000,62.6160813,-45.8982434
"WASP-123 b","WASP-123",2,15.13212395,,"G5",197.99600000,289.4792124,-32.8601244
"HATS-25 b","HATS-25",1,14.12334000,0.61300000,"G",471.15800000,207.9076746,-23.7812403
"HATS-26 b","HATS-26",1,19.61575000,0.65000000,"F",861.84300000,144.9268593,-28.5856004
"HATS-27 b","HATS-27",1,16.81350000,0.53000000,"F",816.98800000,193.5524603,-46.5877159
"HATS-28 b","HATS-28",1,13.38354600,0.67200000,"G",535.38300000,284.3997616,-49.1385126
"HATS-29 b","HATS-29",1,14.02245900,0.65300000,"G",353.89100000,285.0965172,-54.8933408
"HATS-30 b","HATS-30",2,13.17057500,0.70600000,"G",342.14000000,5.6185250,-59.9425892
"Kepler-502 b","Kepler-502",1,4.77000000,,,1591.04000000,291.0801330,43.8601911
"WASP-121 b","WASP-121",1,19.52604438,1.17000000,,269.89800000,107.6002312,-39.0972705
"MOA-2010-BLG-353L b","MOA-2010-BLG-353L",1,,0.27000000,,6430.00000000,271.3039170,-27.2932333
"V830 Tau b","V830 Tau",1,,0.70000000,,130.11100000,68.2918259,24.5619241
"HATS-15 b","HATS-15",1,12.38594500,2.17000000,"G9 V",1139.55000000,311.0920041,-19.4375266
"HATS-16 b","HATS-16",1,14.57170000,3.27000000,"G3 V",757.04400000,358.5588439,-30.0130385
"WASP-157 b","WASP-157",1,11.19000000,,,334.03700000,201.6551525,-8.3176353
"K2-38 b","K2-38",1,1.54000000,0.02296837,"G2 V",192.69000000,240.0333095,-23.1894196
"K2-38 c","K2-38",1,2.29000000,0.02611472,"G2 V",192.69000000,240.0333095,-23.1894196
"HIP 41378 b","HIP 41378",1,2.64000000,0.02170983,,106.28900000,126.6158279,10.0803708
"HIP 41378 c","HIP 41378",1,2.74000000,0.01878372,,106.28900000,126.6158279,10.0803708
"HIP 41378 d","HIP 41378",1,3.65000000,0.02054568,,106.28900000,126.6158279,10.0803708
"HIP 41378 e","HIP 41378",1,5.19000000,0.02397520,,106.28900000,126.6158279,10.0803708
"HIP 41378 f","HIP 41378",1,9.47000000,0.07865880,,106.28900000,126.6158279,10.0803708
"NGC 2682 YBP 401 b","NGC 2682 YBP 401",1,,0.46000000,"F9 V",830.82200000,132.8293081,11.6710271
"WASP-113 b","WASP-113",1,15.79348100,0.47500000,"G1",435.15600000,224.8728589,46.9600996
"WASP-114 b","WASP-114",2,15.00885100,1.76900000,"G0",523.33700000,327.6656953,10.4629385
"OGLE-2015-BLG-0954L b","OGLE-2015-BLG-0954L",1,,3.40000000,,1200.00000000,270.1843330,-28.6608889
"GJ 3998 b","GJ 3998",1,,0.00786588,,18.14590000,259.0020507,11.0561751
"GJ 3998 c","GJ 3998",1,,0.02145812,,18.14590000,259.0020507,11.0561751
"BD+20 594 b","BD+20 594",1,2.57807000,0.07000000,,179.46100000,53.6511231,20.5990205
"Kepler-760 b","Kepler-760",1,3.06000000,,,792.33600000,287.5931997,44.1794278
"KIC 7917485 b","KIC 7917485",1,,11.80000000,"A",1382.89000000,299.4346094,43.6326069
"HD 87646 b","HD 87646",3,,12.40000000,"G",73.58352000,151.6695435,17.8949795
"Proxima Cen b","Proxima Cen",3,,0.00331940,"M5.5 V",1.30119000,217.3934657,-62.6761821
"K2-95 b","K2-95",1,3.31000000,,,179.85400000,129.3625717,18.9766197
"HD 3167 b","HD 3167",1,1.60100000,0.01524093,,47.28990000,8.7401487,4.3807215
"HD 3167 c","HD 3167",1,2.98300000,0.03589987,,47.28990000,8.7401487,4.3807215
"HD 133131 A b","HD 133131 A",2,,1.42000000,"G2 V",51.47360000,225.8984524,-27.8431369
"HD 133131 A c","HD 133131 A",2,,0.42000000,"G2 V",51.47360000,225.8984524,-27.8431369
"HD 133131 B b","HD 133131 B",2,,2.50000000,"G2 V",51.29930000,225.8999745,-27.8415947
"HR 2562 b","HR 2562",1,,22.00000000,"F5 V",34.00710000,102.5042716,-60.2486775
"Kepler-266 b","Kepler-266",1,2.48000000,,,1370.79000000,294.4843821,44.1669355
"KELT-17 b","KELT-17",1,17.09372500,1.31000000,"A",226.50000000,125.6174070,13.7353093
"WASP-92 b","WASP-92",1,16.37634900,0.80500000,"F7",575.88900000,246.6920395,51.0411328
"WASP-93 b","WASP-93",1,17.90077300,1.47000000,"F4",370.28400000,9.4587443,51.2887780
"WASP-118 b","WASP-118",1,16.14096000,0.51400000,"F6",376.65800000,19.5505861,2.7027847
"HD 111998 b","HD 111998",1,,4.80000000,"F6 V",33.22370000,193.2953521,-3.5531133
"HAT-P-65 b","HAT-P-65",1,18.05766791,0.55400000,,738.51900000,315.9054895,11.9893675
"HAT-P-66 b","HAT-P-66",1,17.82231000,0.78300000,"G0",935.45600000,150.5726262,53.9508237
"OGLE-2007-BLG-349L AB c","OGLE-2007-BLG-349L A",2,,0.25170815,"M",2760.00000000,271.3518070,-26.4219437
"HATS-11 b","HATS-11",1,18.03000000,,,944.60300000,289.4007603,-22.3900092
"HATS-12 b","HATS-12",1,7.76000000,,,746.13800000,289.2024020,-19.3559227
"GJ 676 A c","GJ 676 A",2,,13.49200000,,16.02720000,262.5448903,-51.6377777
"OGLE-2015-BLG-0051L b","OGLE-2015-BLG-0051L",1,,0.72000000,,8200.00000000,269.6625370,-28.0316944
"Kepler-56 d","Kepler-56",1,,5.61000000,,912.99400000,293.7583002,41.8718070
"HD 42618 b","HD 42618",1,,0.04530724,"G4 V",24.33580000,93.0032173,6.7819742
"HD 164922 c","HD 164922",1,,0.04090237,,22.00160000,270.6304652,26.3104077
"rho CrB c","rho CrB",1,,0.08634219,"G0",17.46710000,240.2600639,33.3001861
"HATS-18 b","HATS-18",1,14.89676100,1.97950000,,624.36800000,173.9574203,-29.1560639
"OGLE-2012-BLG-0950L b","OGLE-2012-BLG-0950L",1,,0.11000000,"M V",2600.00000000,272.0192570,-29.7315826
"OGLE-2014-BLG-1760L b","OGLE-2014-BLG-1760L",1,,0.93100000,"K",7056.00000000,269.4090000,-28.9620472
"HD 9174 b","HD 9174",1,,1.11000000,"G8 IV",81.48930000,22.5043352,-19.6052945
"Kepler-761 b","Kepler-761",1,2.03000000,,,830.70700000,290.5035990,44.1436249
"HD 68402 b","HD 68402",1,,3.07000000,"G5 IV/V",78.42930000,121.3474609,-74.4100732
"HD 72892 b","HD 72892",1,,5.46800000,,69.73110000,128.7195554,-14.4574311
"HD 128356 b","HD 128356",1,,0.89000000,"K3 V",26.15480000,219.2702793,-25.8031728
"HD 147873 b","HD 147873",2,,5.14000000,"G1 V",109.05500000,246.4380471,-33.5672217
"HD 147873 c","HD 147873",2,,2.30000000,"G1 V",109.05500000,246.4380471,-33.5672217
"HD 165155 b","HD 165155",1,,2.89000000,"G8 V",63.35740000,271.4893395,-29.9172536
"HD 224538 b","HD 224538",1,,6.53100000,,79.06080000,359.7164302,-61.5868613
"2MASS J22362452+4751425 b","2MASS J22362452+4751425",1,,12.50000000,"K7 V",69.57370000,339.1025931,47.8616830
"GJ 536 b","GJ 536",1,,0.02004226,,10.40920000,210.2597264,-2.6522901
"WASP-130 b","WASP-130",1,9.97601000,1.23000000,"G6",172.25600000,203.1060194,-42.4752733
"WASP-131 b","WASP-131",1,13.74221034,0.27300000,,200.07500000,210.1935714,-30.5836084
"WASP-132 b","WASP-132",1,10.09929161,0.42800000,"K4 V",122.91000000,217.6091998,-46.1595160
"WASP-139 b","WASP-139",2,8.96720000,0.11700000,"K0",212.47200000,49.5621730,-41.3020235
"WASP-140 b","WASP-140",2,14.23540549,,"K0",117.59800000,60.3855387,-20.4509991
"WASP-141 b","WASP-141",1,13.56289000,2.69000000,"F9",516.54300000,71.8244347,-17.1151736
"WASP-142 b","WASP-142",1,17.14977000,0.84000000,"F8",730.93300000,140.5063164,-23.9461020
"HATS-31 b","HATS-31",1,18.38276000,0.88000000,,773.97400000,191.7028214,-24.4273897
"HATS-32 b","HATS-32",1,14.00004100,0.92000000,,745.11600000,346.0750861,-21.2720168
"HATS-33 b","HATS-33",1,13.78707000,1.19200000,,248.46000000,294.6336944,-55.3302692
"HATS-34 b","HATS-34",1,16.02887000,0.94100000,,508.84200000,0.7744866,-62.4693167
"Kepler-418 b","Kepler-418",1,13.45000000,1.10000000,,1002.53000000,294.4335228,38.3554729
"HATS-35 b","HATS-35",1,16.40997600,1.22200000,,514.55500000,296.6884420,-63.5656488
"HD 86950 b","HD 86950",1,,3.60000000,"K1 III",209.83900000,150.4066612,-17.3330699
"HD 222076 b","HD 222076",1,,1.56000000,"K0 III",91.15380000,354.5319820,-70.9032461
"WASP-127 b","WASP-127",2,14.69499900,0.16470000,,159.50700000,160.5587646,-3.8349989
"WASP-136 b","WASP-136",1,16.81347105,,"F",275.58700000,0.3257610,-8.9262512
"WASP-138 b","WASP-138",1,12.21781000,1.22000000,,414.23400000,41.6391598,-0.4641252
"K2-101 b","K2-101",1,2.00000000,,,188.33000000,130.3439097,18.9338205
"K2-102 b","K2-102",1,1.30000000,,,188.17500000,130.0558953,19.7787519
"EPIC 211822797 b","EPIC 211822797",1,1.92000000,,,186.19700000,130.4102091,17.6399744
"OGLE-2014-BLG-0676L b","OGLE-2014-BLG-0676L",1,,3.68000000,,2670.00000000,268.1020833,-30.5483889
"XO-6 b","XO-6",1,23.20263000,4.40000000,"F5",235.47900000,94.7929552,73.8275672
"HD 30177 c","HD 30177",1,,4.67000000,"G8 V",55.58670000,70.4770964,-58.0208085
"EPIC 220674823 b","EPIC 220674823",1,1.60600000,0.02372349,"G5 V",244.59000000,13.0800239,10.7947051
"EPIC 220674823 c","EPIC 220674823",1,2.71200000,0.02485618,"G5 V",244.59000000,13.0800239,10.7947051
"K2-107 b","K2-107",1,15.98000000,,,685.20000000,284.9853550,-22.2934206
"WASP-53 b","WASP-53",1,12.03846600,2.13200000,,201.33800000,31.9091639,-20.6618430
"WASP-53 c","WASP-53",1,,16.35000000,,201.33800000,31.9091639,-20.6618430
"WASP-81 b","WASP-81",1,16.01766100,0.72900000,,398.50500000,304.2079924,3.2939492
"TAP 26 b","TAP 26",1,,1.66000000,,121.40200000,64.7154450,17.3878826
"KELT-16 b","KELT-16",2,15.86073500,2.75000000,"F7 V",444.58600000,314.2685227,31.6610186
"TRAPPIST-1 e","TRAPPIST-1",1,0.92000000,0.00217728,,,346.6263919,-5.0434618
"TRAPPIST-1 f","TRAPPIST-1",1,1.04500000,0.00326906,,,346.6263919,-5.0434618
"TRAPPIST-1 g","TRAPPIST-1",1,1.12900000,0.00415633,,,346.6263919,-5.0434618
"TRAPPIST-1 h","TRAPPIST-1",1,0.75500000,0.00102571,,,346.6263919,-5.0434618
"HD 106315 b","HD 106315",1,2.44000000,0.03964383,"F5 V",109.35300000,183.4724742,-0.3934357
"HD 106315 c","HD 106315",1,4.35000000,0.04782431,"F5 V",109.35300000,183.4724742,-0.3934357
"HD 17674 b","HD 17674",1,,0.87000000,"G0 V",44.42640000,42.7684964,30.2865981
"HD 42012 b","HD 42012",1,,1.60000000,"K0",36.79840000,92.4854730,34.1341722
"HD 29021 b","HD 29021",1,,4.47000000,"G5",30.99390000,69.4681379,60.6762985
"HATS-22 b","HATS-22",1,10.68217700,2.74000000,"K V",229.51800000,174.0098693,-29.5433642
"Kepler-474 b","Kepler-474",1,3.06000000,,,841.49600000,292.3215174,43.8811723
"HATS-23 b","HATS-23",1,20.84874000,1.47000000,"G V",639.00400000,286.3667500,-50.0673496
"HATS-24 b","HATS-24",1,15.63655500,2.26000000,,494.18200000,268.8907069,-61.7474000
"Kepler-20 g","Kepler-20",2,,0.06280087,,282.56300000,287.6979913,42.3385782
"NGC 2682 Sand 978 b","NGC 2682 Sand 978",1,,2.18000000,"K4 III",821.91800000,132.8228085,11.7562959
"GJ 3138 b","GJ 3138",1,,0.00560048,"M0",28.47120000,32.2977385,-16.3392495
"GJ 3138 c","GJ 3138",1,,0.01315168,"M0",28.47120000,32.2977385,-16.3392495
"GJ 3138 d","GJ 3138",1,,0.03303653,"M0",28.47120000,32.2977385,-16.3392495
"GJ 3323 b","GJ 3323",1,,0.00635560,"M4",5.37484000,75.4868824,-6.9485133
"GJ 3323 c","GJ 3323",1,,0.00726804,"M4",5.37484000,75.4868824,-6.9485133
"GJ 273 b","GJ 273",1,,0.00909291,"M3.5",5.92153500,111.8520910,5.2258070
"Kepler-768 b","Kepler-768",1,1.79000000,,,784.56000000,294.1156858,38.3934378
"GJ 273 c","GJ 273",1,,0.00371268,"M3.5",5.92153500,111.8520910,5.2258070
"GJ 3293 d","GJ 3293",1,,0.02391215,"M2.5",20.19030000,67.1484425,-25.1713396
"GJ 3293 e","GJ 3293",1,,0.01031998,"M2.5",20.19030000,67.1484425,-25.1713396
"HAT-P-67 b","HAT-P-67",2,23.98721870,0.45000000,,371.68600000,256.6107279,44.7768849
"Kepler-19 d","Kepler-19",1,,0.07079256,,218.56200000,290.4209694,37.8516556
"Kepler-150 f","Kepler-150",1,3.64000000,,,891.09200000,288.2341025,40.5208970
"Qatar-3 b","Qatar-3",1,12.28506400,4.31000000,"G0 V",735.60100000,359.1519716,36.2129562
"Qatar-4 b","Qatar-4",1,12.72221500,6.10000000,"K1 V",329.03600000,4.8592750,44.0275965
"Qatar-5 b","Qatar-5",1,12.40836300,4.32000000,"G2 V",367.65800000,7.0539375,42.0613451
"LHS 1140 b","LHS 1140",1,1.73000000,0.01761957,"M4.5 V",14.98610000,11.2486320,-15.2741085
"HIP 67537 b","HIP 67537",1,,13.55800000,,116.04600000,207.5808445,-39.9008996
"KELT-18 b","KELT-18",2,17.59813000,1.18000000,"F4 V",321.37600000,216.5238248,59.4442735
"KELT-12 b","KELT-12",1,19.95202000,0.95000000,,368.03000000,267.6404906,36.5701761
"KELT-11 b","KELT-11",1,15.13212395,0.20500000,,99.15960000,161.7069053,-9.3993646
"OGLE-2016-BLG-1195L b","OGLE-2016-BLG-1195L",1,,0.00450000,,3910.00000000,268.8479310,-30.2072506
"MOA-2016-BLG-227L b","MOA-2016-BLG-227L",1,,2.80000000,,6500.00000000,271.4737550,-27.7142868
"KELT-9 b","KELT-9",2,21.70058664,2.88000000,"A",204.45500000,307.8598998,39.9389161
"HD 3167 d","HD 3167",1,,0.02296837,,47.28990000,8.7401487,4.3807215
"HD 20794 e","HD 20794",1,,0.01500802,"G8",6.00278000,49.9997666,-43.0666533
"HD 27894 c","HD 27894",1,,0.16200000,"K2 V",43.82140000,65.1975693,-59.4096776
"HD 27894 d","HD 27894",1,,6.49300000,,43.82140000,65.1975693,-59.4096776
"BD+03 2562 b","BD+03 2562",1,,6.40000000,,1070.63000000,177.5647268,2.7601075
"HD 177565 b","HD 177565",1,,0.04750967,,16.91790000,286.7175787,-37.8122394
"MOA-2012-BLG-505L b","MOA-2012-BLG-505L",1,,0.02110000,,7210.00000000,268.1430970,-32.0400925
"TYC 4282-00605-1 b","TYC 4282-00605-1",1,,10.78000000,,464.12800000,343.8721029,62.2391907
"HIP 65426 b","HIP 65426",1,16.81350000,9.00000000,"A2 V",108.87500000,201.1501727,-51.5045384
"WASP-167 b","WASP-167",1,17.71022000,8.00000000,"F1 V",423.55200000,196.0437932,-35.5495292
"K2-113 b","K2-113",1,12.14000000,,,635.72200000,19.4493823,6.8688469
"MXB 1658-298 b","MXB 1658-298",2,,23.70000000,,,255.5272522,-29.9455833
"tau Cet g","tau Cet",1,,0.00550609,,3.60304000,26.0093029,-15.9337987
"tau Cet h","tau Cet",1,,0.00575780,,3.60304000,26.0093029,-15.9337987
"tau Cet f","tau Cet",1,,0.01236510,,3.60304000,26.0093029,-15.9337987
"WASP-91 b","WASP-91",1,11.54527000,1.34000000,"K3",149.94200000,357.8464340,-70.1528621
"WASP-105 b","WASP-105",1,10.76064000,1.80000000,"K2",169.27200000,24.1678686,-50.6593080
"WASP-107 b","WASP-107",1,,0.09600000,,64.74140000,188.3864277,-10.1462141
"YZ Cet b","YZ Cet",1,,0.00220245,"M4.5 V",3.71207000,18.1330792,-16.9962434
"YZ Cet c","YZ Cet",1,,0.00358684,"M4.5 V",3.71207000,18.1330792,-16.9962434
"YZ Cet d","YZ Cet",1,,0.00342952,"M4.5 V",3.71207000,18.1330792,-16.9962434
"MOA-2012-BLG-006L b","MOA-2012-BLG-006L",1,,8.40000000,,5300.00000000,270.4429630,-29.1087780
"CoRoT-32 b","CoRoT-32",1,6.38913000,0.15000000,"G0 VI",576.68300000,100.1951714,9.2573953
"OGLE-2016-BLG-0263L b","OGLE-2016-BLG-0263L",1,,4.10000000,,6500.00000000,269.8954160,-31.8186111
"GJ 625 b","GJ 625",1,,0.00887267,"M2",6.47249000,246.3557854,54.3033625
"HD 208897 b","HD 208897",1,,1.19400000,"K0",67.48720000,329.7490639,19.0201591
"K2-117 c","K2-117",1,2.06000000,,,101.63200000,133.8557342,10.4692176
"K2-118 b","K2-118",1,2.54000000,,,321.72200000,132.1268608,15.6558964
"K2-125 b","K2-125",1,2.18000000,,,124.15600000,204.1418754,-14.9478195
"K2-128 b","K2-128",1,1.42000000,,,114.63700000,204.4376666,-8.5970858
"K2-129 b","K2-129",1,1.04000000,,,27.79570000,289.1485491,-25.6463233
"K2-130 b","K2-130",1,1.25000000,,,118.01100000,290.2705419,-19.6908744
"K2-131 b","K2-131",1,1.69000000,0.02485618,,152.50900000,182.7514040,-9.7652392
"GJ 1148 c","GJ 1148",1,,0.21413963,,11.01430000,175.4326081,42.7515862
"K2-132 b","K2-132",1,14.57170000,0.49000000,,609.81800000,182.1662666,-8.7472172
"K2-133 b","K2-133",1,1.34000000,,"M1.5 V",75.17030000,70.1493775,25.0098135
"K2-133 c","K2-133",1,1.60300000,,"M1.5 V",75.17030000,70.1493775,25.0098135
"K2-133 d","K2-133",1,2.00300000,,"M1.5 V",75.17030000,70.1493775,25.0098135
"WASP-151 b","WASP-151",1,13.30506009,0.31600000,,453.09900000,349.0634651,0.3066895
"WASP-153 b","WASP-153",1,17.37395000,0.39000000,"G0",610.17600000,279.2624729,40.0186905
"WASP-156 b","WASP-156",1,6.15000000,0.13214678,"K3 V",122.06600000,32.7820850,2.4181937
"OGLE-2013-BLG-0132L b","OGLE-2013-BLG-0132L",1,,0.29000000,,3900.00000000,269.7646180,-28.4210281
"OGLE-2013-BLG-1721L b","OGLE-2013-BLG-1721L",1,,0.64000000,,6300.00000000,268.1265560,-30.2926941
"HD 34445 c","HD 34445",1,,0.16800000,"G0 V",46.09070000,79.4207483,7.3527156
"HD 34445 d","HD 34445",1,,0.09700000,"G0 V",46.09070000,79.4207483,7.3527156
"HD 34445 e","HD 34445",1,,0.05290000,"G0 V",46.09070000,79.4207483,7.3527156
"HD 34445 f","HD 34445",1,,0.11900000,"G0 V",46.09070000,79.4207483,7.3527156
"HD 34445 g","HD 34445",1,,0.38000000,"G0 V",46.09070000,79.4207483,7.3527156
"MASCARA-1 b","MASCARA-1",1,17.90074218,,,182.27300000,317.5515264,10.7388967
"GJ 9827 b","GJ 9827",1,1.44000000,0.01346639,"K7 V",29.66100000,351.7717763,-1.2853435
"GJ 9827 c","GJ 9827",1,1.13000000,0.00585221,"K7 V",29.66100000,351.7717763,-1.2853435
"GJ 9827 d","GJ 9827",1,1.98000000,0.00950198,"K7 V",29.66100000,351.7717763,-1.2853435
"KELT-20 b","KELT-20",1,19.51486900,3.38200000,"A2 V",136.42600000,294.6614126,31.2192001
"NGTS-1 b","NGTS-1",1,14.90797000,0.81200000,"M0.5",218.12100000,82.7142134,-36.6309812
"K2-136 b","K2-136",2,1.01400000,0.01352931,,59.24740000,67.4128615,22.8825674
"K2-136 c","K2-136",2,3.00000000,0.05694897,,59.24740000,67.4128615,22.8825674
"K2-136 d","K2-136",2,1.56500000,0.00943906,,59.24740000,67.4128615,22.8825674
"K2-137 b","K2-137",1,0.64000000,,,98.87650000,186.8704260,-6.1952168
"Ross 128 b","Ross 128",1,,0.00440487,"M4",3.37454000,176.9376036,0.7992898
"HD 76920 b","HD 76920",1,,3.13000000,,184.03100000,133.8203530,-67.2653621
"HD 40956 b","HD 40956",1,,2.70000000,,116.59300000,91.6628015,63.4538750
"HD 111591 b","HD 111591",1,,4.40000000,,114.16600000,192.5725483,22.8631285
"HD 113996 b","HD 113996",2,,6.30000000,,116.33400000,196.7948740,27.6244384
"OGLE-2016-BLG-1190L b","OGLE-2016-BLG-1190L",1,,13.38000000,,6770.00000000,269.7179260,-27.6135559
"OGLE-2016-BLG-0613L AB b","OGLE-2016-BLG-0613L AB",2,,4.18000000,,3410.00000000,269.2604060,-28.1161671
"K2-139 b","K2-139",1,9.11000000,,,153.85600000,289.0667070,-17.9107147
"Kepler-80 g","Kepler-80",1,1.13000000,,,369.45100000,296.1125759,39.9787451
"Kepler-90 i","KOI-351",1,1.32000000,,,848.25400000,284.4334642,49.3051239
"K2-18 c","K2-18",1,,0.02362898,,38.02660000,172.5601410,7.5878315
"HD 176986 b","HD 176986",1,,0.01686445,"K2.5 V",27.78430000,285.7739138,-11.0449410
"HD 176986 c","HD 176986",1,,0.03067693,"K2.5 V",27.78430000,285.7739138,-11.0449410
"GJ 3942 b","GJ 3942",1,,0.02246484,"M0",16.92870000,242.2645452,52.9441443
"Kepler-500 b","Kepler-500",1,2.58000000,,,807.48000000,295.9513472,43.8519884
"Kepler-269 b","Kepler-269",1,2.47000000,,,2257.32000000,290.2151459,41.7759810
"PSR J2322-2650 b","PSR J2322-2650",1,,0.79490000,,230.00000000,350.6443481,-26.8495331
"K2-140 b","K2-140",1,13.56286665,0.93000000,"G6 V",347.91700000,188.1373172,-9.6076115
"HD 147379 b","HD 147379",2,,0.06796120,"M0.0 V",10.76430000,244.1725686,67.2392041
"HATS-50 b","HATS-50",1,12.66617000,0.39000000,,756.74200000,300.4280761,-26.0775640
"HATS-51 b","HATS-51",1,15.80469000,0.76800000,,389.57000000,102.8474248,-29.0586551
"HATS-52 b","HATS-52",1,15.49083800,2.24000000,,555.13400000,140.0875894,-31.2692116
"HATS-53 b","HATS-53",1,15.02006000,0.59500000,,585.77000000,176.6283230,-33.8600764
"K2-138 b","K2-138",1,1.51000000,0.00975364,,202.58500000,348.9490311,-10.8497391
"K2-138 c","K2-138",1,2.29900000,0.01985338,,202.58500000,348.9490311,-10.8497391
"K2-138 d","K2-138",1,2.39000000,0.02491898,,202.58500000,348.9490311,-10.8497391
"Kepler-775 b","Kepler-775",1,1.19000000,,,398.67600000,291.4332781,41.7033162
"K2-138 e","K2-138",1,3.39000000,0.04080798,,202.58500000,348.9490311,-10.8497391
"K2-138 f","K2-138",1,2.90400000,0.00512853,,202.58500000,348.9490311,-10.8497391
"KELT-19 A b","KELT-19 A",2,21.40919000,4.07000000,"A8 V",300.27600000,111.5095293,7.6157759
"K2-141 b","K2-141",1,1.51000000,0.01563737,,61.87360000,350.9170464,-1.1891827
"K2-141 c","K2-141",1,7.00000000,0.02517081,,61.87360000,350.9170464,-1.1891827
"HD 238914 b","HD 238914",1,,6.00000000,,519.45200000,279.5842102,59.2538819
"TYC 3318-01333-1 b","TYC 3318-01333-1",1,,3.42000000,,490.61000000,45.5825716,49.7441421
"BD+48 740 b","BD+48 740",1,,1.70000000,,666.58900000,40.7425426,48.9300579
"K2-147 b","K2-147",1,1.47286006,,,90.54940000,293.8330329,-28.4984750
"K2-148 b","K2-148",2,1.33000000,,,124.45800000,14.5176494,-0.1932580
"Kepler-776 b","Kepler-776",1,1.28000000,,,727.90400000,287.2726117,41.6356009
"K2-148 c","K2-148",2,1.73000000,,,124.45800000,14.5176494,-0.1932580
"K2-148 d","K2-148",2,1.64000000,,,124.45800000,14.5176494,-0.1932580
"K2-149 b","K2-149",1,1.64000000,,"M1.0 V",123.67600000,9.8217519,7.2769939
"K2-150 b","K2-150",1,2.00000000,,"M2.5 V",102.48300000,18.3443908,8.9874328
"K2-152 b","K2-152",1,2.29000000,,,108.44900000,181.6324078,-5.8274311
"K2-153 b","K2-153",1,2.00000000,,,143.12500000,183.8088709,2.0208765
"K2-154 b","K2-154",1,1.99000000,,,129.35600000,189.0015173,-2.6696217
"K2-154 c","K2-154",1,2.07000000,,,129.35600000,189.0015173,-2.6696217
"K2-155 b","K2-155",1,1.80000000,,,72.79980000,65.4696140,21.3532633
"K2-155 c","K2-155",1,2.60000000,,,72.79980000,65.4696140,21.3532633
"K2-155 d","K2-155",1,1.90000000,,,72.79980000,65.4696140,21.3532633
"KELT-21 b","KELT-21",1,17.77747400,3.91000000,"A8 V",470.87800000,304.8000322,32.5810446
"HD 215152 d","HD 215152",1,,0.00881289,"K3 V",21.59740000,340.8380941,-6.4020685
"HD 215152 e","HD 215152",1,,0.00905201,"K3 V",21.59740000,340.8380941,-6.4020685
"TCP J05074264+2447555 b","TCP J05074264+2447555",1,,0.06292704,,505.00000000,76.9280000,24.7989611
"Kepler-1654 b","Kepler-1654",1,9.18017100,0.50000000,"G5 V",568.11700000,282.1856949,44.4344617
"UKIRT-2017-BLG-001L b","UKIRT-2017-BLG-001L",1,,1.28000000,,6300.00000000,266.6540830,-29.2113609
"OGLE-2017-BLG-0173L b","OGLE-2017-BLG-0173L",1,,0.01029000,,4705.00000000,267.9706120,-29.2713604
"MOA-2010-BLG-117L b","MOA-2010-BLG-117L",1,,0.54000000,,3500.00000000,271.9569700,-25.3446388
"K2-232 b","K2-232",1,11.20900000,0.39800000,,130.72000000,73.7667927,18.6543230
"K2-231 b","K2-231",1,2.50000000,,,321.21500000,289.0918242,-15.7712178
"HATS-39 b","HATS-39",1,17.59813000,0.63000000,,878.52100000,112.4192251,-29.9379163
"HATS-40 b","HATS-40",1,17.71022000,1.59000000,,1342.29000000,100.5712467,-29.7767800
"HATS-41 b","HATS-41",1,14.90797000,9.70000000,,737.66800000,103.5173558,-27.0504156
"HATS-42 b","HATS-42",1,15.69260000,1.88000000,,800.37700000,108.4523991,-33.4373462
"OGLE-2017-BLG-1522L b","OGLE-2017-BLG-1522L",1,,0.75000000,,7490.00000000,270.3193660,-28.4619713
"HD 158996 b","HD 158996",1,,14.00000000,"K5 III",283.65900000,259.9051092,80.1364033
"KPS-1 b","KPS-1",1,11.54527000,1.09000000,"K1 V",262.70600000,165.1671980,64.9638452
"K2-233 b","K2-233",1,1.31500000,0.00755124,"K3",67.50620000,230.4799011,-20.2317975
"K2-233 c","K2-233",1,1.27200000,0.01447322,"K3",67.50620000,230.4799011,-20.2317975
"K2-233 d","K2-233",1,2.36300000,0.03240742,"K3",67.50620000,230.4799011,-20.2317975
"OGLE-2017-BLG-0373L b","OGLE-2017-BLG-0373L",1,,0.40100000,,5915.00000000,269.3294067,-31.9517231
"gam Lib b","gam Lib",1,,1.12600000,"K0 III",47.40170000,233.8818636,-14.7895020
"gam Lib c","gam Lib",1,,5.23100000,"K0 III",47.40170000,233.8818636,-14.7895020
"24 Boo b","24 Boo",1,,0.88300000,"G3 IV",95.98630000,217.1555242,49.8446488
"OGLE-2017-BLG-1434L b","OGLE-2017-BLG-1434L",1,,0.01393834,,860.00000000,268.2804667,-30.2456583
"HATS-43 b","HATS-43",1,13.22662000,0.26100000,,362.27300000,80.5382418,-30.9708179
"HATS-44 b","HATS-44",1,11.96000300,0.56000000,,446.03500000,84.3267559,-27.9725758
"HATS-45 b","HATS-45",1,14.41477400,0.70000000,,772.11000000,101.9942455,-21.9107112
"HATS-46 b","HATS-46",1,10.12172700,0.17300000,,453.80800000,6.7026401,-56.3161021
"HATS-7 b","HATS-7",1,6.31066700,0.12000000,"K2",240.70700000,208.8567465,-21.2078587
"HD 47366 b","HD 47366",1,,2.08200000,"K1 III",84.35520000,99.4200181,-12.9856593
"HD 47366 c","HD 47366",1,,1.52200000,"K1 III",84.35520000,99.4200181,-12.9856593
"NGTS-3 A b","NGTS-3 A",2,16.58932000,2.38000000,"G6 V",743.97200000,94.4447595,-35.7063640
"HD 89345 b","HD 89345",1,7.39794000,0.11000000,,132.34500000,154.6710977,10.1288464
"OGLE-2017-BLG-1140L b","OGLE-2017-BLG-1140L",1,,1.59000000,,,266.8830570,-24.5226669
"K2-239 b","K2-239",1,1.10000000,,"M3.0 V",31.08490000,160.5941265,4.4413751
"K2-239 c","K2-239",1,1.00000000,,"M3.0 V",31.08490000,160.5941265,4.4413751
"K2-239 d","K2-239",1,1.10000000,,"M3.0 V",31.08490000,160.5941265,4.4413751
"K2-240 b","K2-240",1,2.00000000,,"M0.5 V",72.91050000,227.8493710,-17.8754464
"K2-240 c","K2-240",1,1.80000000,,"M0.5 V",72.91050000,227.8493710,-17.8754464
"OGLE-2017-BLG-0482L b","OGLE-2017-BLG-0482L",1,,0.02800000,,5800.00000000,269.0488890,-30.5283604
"K2-237 b","K2-237",1,16.06246934,1.36600000,,314.99500000,253.7688479,-28.7105836
"K2-238 b","K2-238",1,14.57170000,0.86000000,"G2 V",537.96300000,347.7043164,-7.8575592
"OGLE-2014-BLG-1722L b","OGLE-2014-BLG-1722L",1,,0.17400000,,6400.00000000,268.7523800,-31.4690552
"OGLE-2014-BLG-1722L c","OGLE-2014-BLG-1722L",1,,0.26300000,,6400.00000000,268.7523800,-31.4690552
"GJ 1132 c","GJ 1132",1,,0.00915588,"M4.5 V",12.61300000,153.7090696,-47.1549358
"HAT-P-11 c","HAT-P-11",1,,2.68000000,,37.76470000,297.7101763,48.0818635
"K2-241 b","K2-241",1,2.55000000,,,149.46400000,181.2386829,-6.8052985
"K2-242 b","K2-242",1,2.54000000,,,109.23700000,179.8358421,-6.5178542
"K2-158 c","K2-158",1,1.28000000,,,197.29900000,179.9397081,-5.7216879
"K2-243 b","K2-243",1,2.17000000,,,266.86400000,181.1211419,-4.8991358
"K2-243 c","K2-243",1,2.01000000,,,266.86400000,181.1211419,-4.8991358
"K2-245 b","K2-245",1,4.34000000,,,456.06400000,185.1815630,-1.5909138
"K2-246 b","K2-246",1,3.49000000,,,703.61600000,181.6296115,-1.1606000
"K2-247 b","K2-247",1,2.12000000,,,258.11300000,188.8935189,-10.0692793
"K2-247 c","K2-247",1,2.19000000,,,258.11300000,188.8935189,-10.0692793
"K2-248 b","K2-248",1,2.57000000,,,406.25400000,182.8173343,-9.4141696
"K2-249 b","K2-249",1,2.79000000,,,521.71600000,183.3667344,-8.9952309
"K2-250 b","K2-250",1,2.71257333,,,414.70800000,185.0315429,-8.9757427
"K2-251 b","K2-251",1,2.35000000,,,147.03000000,190.6892403,-8.5359826
"K2-252 b","K2-252",1,1.74000000,,,228.83900000,182.3663818,-8.3096141
"K2-253 b","K2-253",1,12.67000000,,,876.56500000,186.0853062,-6.3789537
"K2-254 b","K2-254",1,1.63000000,,,227.77500000,185.5507926,-4.7172908
"K2-254 c","K2-254",1,2.19000000,,,227.77500000,185.5507926,-4.7172908
"K2-255 b","K2-255",1,2.90000000,,,191.60800000,189.9128532,-3.3705631
"K2-257 b","K2-257",1,0.83000000,,,64.00650000,188.2782840,-1.9532879
"K2-258 b","K2-258",1,3.00000000,,,661.87300000,187.6314027,-1.1609171
"IC 4651 9122 b","IC 4651 9122",1,,6.30000000,,859.32400000,261.2086139,-49.9489317
"Kepler-128 b","Kepler-128",1,1.42100000,0.01192467,,396.37900000,282.4922622,43.9802442
"CoRoT-20 c","CoRoT-20",1,,17.00000000,,844.06100000,97.7204249,0.2268931
"K2-260 b","K2-260",1,18.41635529,1.72000000,,663.83400000,76.8673317,16.8676948
"K2-261 b","K2-261",1,9.26982704,0.21700000,,213.28300000,163.0323119,0.4931670
"WASP-174 b","WASP-174",1,16.10730527,0.33000000,,410.14900000,195.7940145,-41.3848617
"Wolf 503 b","Wolf 503",1,2.04300000,0.01969616,"K3.5 V",44.52600000,206.8461979,-6.1393369
"K2-264 b","K2-264",1,2.23100000,,,185.60500000,131.3583524,19.6984010
"K2-264 c","K2-264",1,2.66800000,,,185.60500000,131.3583524,19.6984010
"HD 55696 b","HD 55696",1,,3.87000000,"G0 V",77.96930000,108.0622029,-38.1746390
"HD 98736 b","HD 98736",2,,2.33000000,,32.44590000,170.4549045,18.1896082
"HD 148164 b","HD 148164",1,,1.23000000,"F8",77.19710000,246.4351678,11.9190729
"HD 148164 c","HD 148164",1,,5.16000000,"F8",77.19710000,246.4351678,11.9190729
"HD 211810 b","HD 211810",1,,0.67000000,"G5",64.63530000,334.5286724,61.1349912
"HD 75784 c","HD 75784",1,,5.64000000,,85.43210000,133.0992289,13.2330548
"NGTS-2 b","NGTS-2",1,17.87835500,0.74000000,"F5 V",356.39100000,215.1227617,-31.2020698
"EPIC 246851721 b","EPIC 246851721",2,11.78065900,3.00000000,"F5 V",372.63200000,78.9198197,16.2786991
"K2-266 b","K2-266",2,3.30000000,0.03545236,,77.55860000,157.9356855,0.9372782
"K2-266 c","K2-266",2,0.70500000,0.00091285,,77.55860000,157.9356855,0.9372782
"K2-266 d","K2-266",2,2.93000000,0.02800239,,77.55860000,157.9356855,0.9372782
"K2-266 e","K2-266",2,2.73000000,0.04499261,,77.55860000,157.9356855,0.9372782
"K2-268 b","K2-268",1,1.50000000,,,327.78300000,133.7094899,11.8482712
"WASP-144 b","WASP-144",1,9.52765000,0.44000000,"K2 V",355.51300000,320.7628761,-40.0484393
"WASP-145 A b","WASP-145 A",2,10.08810000,0.89000000,"K2 V",91.29900000,322.2537644,-58.8361466
"WASP-158 b","WASP-158",1,11.99363000,2.79000000,"F6 V",524.99300000,4.1463468,-10.9764226
"WASP-159 b","WASP-159",1,15.46842000,0.55000000,"F9",715.38300000,68.1364792,-38.9682973
"WASP-162 b","WASP-162",1,11.20900000,5.20000000,"K0",310.84100000,168.2929079,-17.6577794
"WASP-168 b","WASP-168",2,16.81350000,0.42000000,"F9 V",303.94100000,96.7446427,-46.8213635
"WASP-172 b","WASP-172",1,17.59813000,0.47000000,"F1 V",538.11000000,199.4337420,-47.2375748
"WASP-173 A b","WASP-173 A",2,13.45080000,3.69000000,"G3",232.98000000,354.1686959,-34.6113042
"OGLE-2011-BLG-0173L b","OGLE-2011-BLG-0173L",1,,0.19000000,,6100.00000000,269.3157350,-28.2338619
"WASP-147 b","WASP-147",1,12.49803500,0.27500000,"G4",436.09800000,359.1915117,-22.1532316
"WASP-160 B b","WASP-160 B",2,12.21781000,0.27800000,"K0 V",288.32600000,87.6795610,-27.6233218
"WASP-164 b","WASP-164",1,12.64375200,2.13000000,"G2 V",327.50600000,344.8735878,-60.4478194
"WASP-165 b","WASP-165",1,14.12334000,0.65800000,"G6",602.23600000,357.5806472,-17.0775947
"OGLE-2013-BLG-1761L b","OGLE-2013-BLG-1761L",1,,2.70000000,,6900.00000000,268.4094850,-28.8952713
"GJ 96 b","GJ 96",1,,0.06185697,"M2",11.93150000,35.5624031,47.8802075
"KMT-2016-BLG-1820L b","KMT-2016-BLG-1820L",1,,4.57000000,,6260.00000000,268.7647400,-29.5169201
"KMT-2016-BLG-2142L b","KMT-2016-BLG-2142L",1,,15.49000000,,7010.00000000,268.1120000,-29.3845615
"Kepler-777 b","Kepler-777",1,1.47000000,,,443.10600000,282.7241098,44.3465098
"MOA-2015-BLG-337L b","MOA-2015-BLG-337L",1,,0.10600000,,7100.00000000,271.9487000,-28.1702785
"KMT-2016-BLG-1397L b","KMT-2016-BLG-1397L",1,,7.00000000,,6600.00000000,272.6646120,-24.8577385
"pi Men c","HD 39091",1,2.01890000,,,18.27020000,84.2992798,-80.4646041
"K2-284 b","K2-284",1,2.78000000,,,107.27200000,79.1407971,20.2549034
"MOA-2016-BLG-319L b","MOA-2016-BLG-319L",1,,0.62000000,,6800.00000000,268.7422180,-29.7504635
"MOA-2011-BLG-291L b","MOA-2011-BLG-291L",1,,0.05700000,,4400.00000000,268.8678890,-29.1706657
"GJ 317 c","GJ 317",1,,1.43000000,"M3.5 V",15.19680000,130.2445254,-23.4528090
"HD 33142 c","HD 33142",1,,0.89000000,"K0 III",121.37500000,76.8980559,-13.9863374
"HD 95089 c","HD 95089",1,,3.45000000,,136.95700000,164.6987480,1.7290087
"HD 99706 c","HD 99706",1,,5.69000000,,146.60000000,172.1261621,43.9662025
"Kepler-778 b","Kepler-778",1,1.68000000,,,938.16800000,287.4774867,44.2374702
"HD 102329 c","HD 102329",1,,1.52000000,,217.10700000,176.6941567,3.4742143
"HD 116029 c","HD 116029",2,,1.27000000,,123.24500000,200.1646905,24.6484725
"HD 156279 c","HD 156279",1,,9.75000000,,36.19450000,258.0966686,63.3527828
"HD 114783 c","HD 114783",1,,1.90000000,"K1 V",21.06280000,198.1818436,-2.2649921
"HATS-59 b","HATS-59",1,12.62133400,0.80600000,,642.88400000,170.3243250,-22.3881770
"HATS-59 c","HATS-59",1,,12.70000000,,642.88400000,170.3243250,-22.3881770
"GJ 3779 b","GJ 3779",1,,0.02517069,"M4.0 V",13.74300000,200.7335358,24.4639425
"GJ 1265 b","GJ 1265",1,,0.02328289,"M4.5 V",10.25250000,333.4324675,-17.6870623
"LHS 1140 c","LHS 1140",1,1.27200000,0.00600953,"M4.5 V",14.98610000,11.2486320,-15.2741085
"CoRoT-21 b","CoRoT-21",1,14.57170000,2.26000000,"F8 IV",,101.0526207,-0.2991544
"HD 13167 b","HD 13167",1,,3.31000000,,148.93400000,32.0576350,-24.6955750
"HD 14787 b","HD 14787",1,,1.12100000,,119.13700000,35.8085099,10.8367972
"HD 18015 b","HD 18015",1,,3.18000000,,123.80100000,43.3636339,-8.8480392
"HD 72490 b","HD 72490",1,,1.76800000,,126.33900000,128.4028287,13.5507189
"HD 94834 b","HD 94834",1,,1.26000000,,98.16090000,164.3126363,24.1429374
"HD 180053 b","HD 180053",1,,2.19400000,,137.04300000,288.4008374,34.9146658
"HD 4917 b","HD 4917",1,,1.61500000,,204.27700000,12.7762624,-12.9276648
"WASP-161 b","WASP-161",1,12.81188700,2.49000000,,343.08000000,126.3378248,-11.5009889
"WASP-163 b","WASP-163",1,13.47321800,1.87000000,,261.38600000,256.5375549,-10.4130071
"WASP-170 b","WASP-170",1,12.28506400,1.60000000,,305.60300000,135.4163028,-20.7203686
"K2-285 b","K2-285",1,2.59000000,0.03045653,"K2 V",154.96100000,349.3843458,1.3001522
"K2-285 c","K2-285",1,3.53000000,0.04933455,"K2 V",154.96100000,349.3843458,1.3001522
"K2-285 d","K2-285",1,2.48000000,0.02045118,"K2 V",154.96100000,349.3843458,1.3001522
"K2-285 e","K2-285",1,1.95000000,0.03366580,"K2 V",154.96100000,349.3843458,1.3001522
"K2-286 b","K2-286",1,2.10000000,,"M0 V",76.14860000,233.3698192,-16.7737113
"K2-287 b","K2-287",1,9.49402300,0.31500000,,158.33500000,233.0743401,-22.3583447
"K2-288 B b","K2-288 B",2,1.90000000,,"M3 V",65.61380000,55.4442857,18.2684913
"HATS-60 b","HATS-60",1,12.92397700,0.66200000,,486.47400000,341.3640336,-14.9917747
"HATS-61 b","HATS-61",1,13.39475500,3.40000000,,679.76100000,61.6578005,-25.3496674
"HATS-62 b","HATS-62",1,11.82549500,0.17900000,,523.06700000,312.4493079,-24.3035060
"HATS-63 b","HATS-63",1,13.52926300,0.96000000,,623.23200000,67.4185820,-28.1972149
"HATS-64 b","HATS-64",1,18.81991100,0.96000000,,1080.15000000,144.2876092,-29.8004440
"HATS-65 b","HATS-65",2,16.82470900,0.82100000,,493.32000000,292.9397825,-26.7402021
"HATS-66 b","HATS-66",1,15.81589900,5.33000000,,1477.98000000,101.3948048,-33.8816918
"HATS-67 b","HATS-67",1,18.88716500,1.45000000,,960.10900000,180.2087883,-46.1364201
"HATS-68 b","HATS-68",1,13.80948800,1.29000000,,603.95500000,15.0060770,-58.9047242
"HATS-69 b","HATS-69",1,10.59250500,0.57700000,,414.53700000,289.2974275,-60.8917599
"HD 202696 b","HD 202696",1,,1.99600000,"K0 III-IV",188.54600000,319.2250346,27.2582799
"HD 202696 c","HD 202696",1,,1.86400000,"K0 III-IV",188.54600000,319.2250346,27.2582799
"K2-290 b","K2-290",3,3.06000000,0.03429506,,272.90900000,234.8578846,-20.1988975
"Kepler-779 b","Kepler-779",2,0.92000000,,,283.15500000,285.6285208,44.3107855
"K2-290 c","K2-290",3,11.27625400,0.77400000,,272.90900000,234.8578846,-20.1988975
"K2-291 b","K2-291",1,1.58900000,0.02041972,,90.05620000,76.4459400,21.5481990
"GJ 4276 b","GJ 4276",1,,0.05213479,"M4.0",21.33620000,336.3221454,59.4125030
"LHS 3844 b","LHS 3844",1,1.28600000,0.00745685,"M4.5-M5.0",14.88460000,340.4962038,-69.1721081
"HD 202772 A b","HD 202772 A",2,18.23701160,1.01800000,,161.49800000,319.6995877,-26.6163743
"K2-292 b","K2-292",1,2.63000000,0.07708523,"G3 V",114.29300000,205.3758786,-9.9460704
"HD 20781 d","HD 20781",2,,0.03340000,"K0 V",35.97150000,50.0139757,-28.7841175
"HD 20781 e","HD 20781",2,,0.04420000,"K0 V",35.97150000,50.0139757,-28.7841175
"HD 45184 c","HD 45184",1,,0.02770000,"G1.5 V",21.95320000,96.1820205,-28.7806402
"HATS-70 b","HATS-70",1,15.51325600,12.90000000,,1458.83000000,109.1045212,-31.2443947
"Kepler-499 b","Kepler-499",1,2.17000000,,,556.72600000,295.1099549,43.9151012
"GJ 143 b","GJ 143",1,2.61000000,0.07142183,"K4.5",16.32000000,51.7501882,-63.5001660
"HD 23472 b","HD 23472",1,2.00000000,0.02617765,"K4 V",39.03410000,55.4590314,-62.7672667
"HD 23472 c","HD 23472",1,1.87000000,0.01072906,"K4 V",39.03410000,55.4590314,-62.7672667
"KMT-2016-BLG-1107L b","KMT-2016-BLG-1107L",1,,3.28300000,,6651.00000000,266.4177500,-26.0318000
"HD 219666 b","HD 219666",1,4.89800000,0.05500000,,94.17190000,349.5592665,-56.9039857
"HD 1397 b","HD 1397",1,11.50043400,0.41500000,,79.57020000,4.4471631,-66.3589285
"GJ 411 b","GJ 411",1,,0.00846369,,5.67577300,165.8344710,35.9723170
"WASP-190 b","WASP-190",1,12.89035000,1.00000000,"F6 IV-V",542.25100000,7.7095292,-40.5734613
"Gl 378 b","Gl 378",1,,0.04096530,"M1",14.95450000,150.5865513,48.0824515
"PDS 70 b","PDS 70",1,21.96960217,3.20000000,,113.06400000,212.0421402,-41.3980405
"Kepler-270 b","Kepler-270",1,2.01000000,,,948.78100000,282.2001207,44.4222795
"KMT-2017-BLG-1038L b","KMT-2017-BLG-1038L",1,,2.00000000,,6000.00000000,266.1709170,-25.1430306
"KMT-2017-BLG-1146L b","KMT-2017-BLG-1146L",1,,0.71000000,,6500.00000000,269.1058330,-33.1424694
"Gl 686 b","Gl 686",1,,0.02084133,,8.15728000,264.4764878,18.5959509
"Qatar-7 b","Qatar-7",1,19.05530000,1.88000000,"F4 V",705.98100000,358.5151344,37.0218242
"TOI-172 b","TOI-172",1,10.81668500,5.42000000,,342.83100000,316.6318791,-26.6928654
"K2-293 b","K2-293",1,2.45000000,,,392.25100000,351.6064952,-6.0279068
"K2-294 b","K2-294",1,1.66000000,,,373.07800000,352.0516724,-7.6037856
"GJ 685 b","GJ 685",1,,0.02831702,"M0.5",14.31550000,263.8960378,61.6793482
"HD 181234 b","HD 181234",1,,9.37900000,,47.74580000,289.9998695,-9.3249700
"HD 25015 b","HD 25015",1,,9.07700000,,37.43300000,59.4335463,-20.2673347
"HD 50499 c","HD 50499",1,,2.93000000,"G1 V",46.28450000,103.0080750,-33.9152670
"HD 92788 c","HD 92788",1,,3.67000000,"G6 V",34.65380000,160.7021351,-2.1847173
"HD 221416 b","HD 221416",1,9.17000000,0.19000000,,95.54830000,353.0331863,-21.8012007
"WASP-177 b","WASP-177",1,17.71022000,0.50800000,"K2",176.81800000,334.7969885,-1.8344301
"WASP-181 b","WASP-181",1,13.27145600,0.29900000,"G2",437.49500000,26.7932253,3.1329325
"WASP-183 b","WASP-183",1,16.47723000,0.50200000,"G9",325.37700000,163.7888521,-0.7370663
"Kepler-47 d","Kepler-47",2,7.04000000,0.05984331,,1025.02000000,295.2978883,46.9204303
"HD 21749 c","GJ 143",1,0.89200000,0.01164144,"K4.5",16.32000000,51.7501882,-63.5001660
"Qatar-8 b","Qatar-8",1,14.40356500,0.37100000,"G0 V",281.49800000,157.4123405,70.5270835
"Kepler-780 b","Kepler-780",1,0.89000000,,,557.65200000,281.7663511,44.2924898
"Qatar-9 b","Qatar-9",1,11.30988100,1.19000000,"K5 V",213.77100000,160.7480950,60.9641194
"Qatar-10 b","Qatar-10",1,17.29548700,0.73600000,"F7 V",559.06800000,284.4439052,69.5708373
"TOI-216.02","TOI-216",1,8.00000000,0.05900000,,177.94500000,73.9800129,-63.2603301
"TOI-216.01","TOI-216",1,10.10000000,0.56000000,,177.94500000,73.9800129,-63.2603301
"HD 221420 b","HD 221420",1,,22.90000000,"G2 IV-V",31.14150000,353.3319001,-77.3853286
"NGTS-5 b","NGTS-5",1,12.73342400,0.22900000,"K2 V",306.77900000,221.0582692,5.6053735
"HD 210193 b","HD 210193",1,,0.48170406,"G3 V",42.20290000,332.3951324,-41.2252050
"HD 211970 b","HD 211970",1,,0.04090237,"K7 V",13.12770000,335.5661579,-54.5596006
"HD 39855 b","HD 39855",1,,0.02674386,"G8 V",23.25990000,88.6260731,-19.7044472
"HIP 35173 b","HIP 35173",1,,0.03995847,"K2 V",33.15620000,109.0449329,-3.6661273
"Kepler-271 b","Kepler-271",1,1.23000000,,,404.54200000,283.0029316,44.2841080
"HD 102843 b","HD 102843",1,,0.35836768,"K0 V",62.75800000,177.5854673,-1.2522989
"HD 103949 b","HD 103949",1,,0.03523896,"K3 V",26.49970000,179.5479558,-23.9241221
"HD 206255 b","HD 206255",1,,0.10760469,"G5 IV/V",75.23630000,325.5917768,-50.0935884
"HD 21411 b","HD 21411",1,,0.20734355,"G8 V",29.13280000,51.5474155,-30.6168403
"HD 64114 b","HD 64114",1,,0.05600478,"G7 V",31.52620000,117.9825560,-11.0337221
"HD 8326 b","HD 8326",1,,0.20954598,"K2 V",30.68620000,20.5314418,-26.8940678
"HIP 54373 b","HIP 54373",1,,0.02712142,"K5 V",18.71680000,166.8643532,-19.2916857
"HIP 54373 c","HIP 54373",1,,0.03914042,"K5 V",18.71680000,166.8643532,-19.2916857
"HD 24085 b","HD 24085",1,,0.03712677,"G0 V",54.90040000,56.2563447,-70.0245193
"HIP 71135 b","HIP 71135",1,,0.05915112,"M1",32.33110000,218.2158073,-52.6464757
"Kepler-418 c","Kepler-418",1,5.22108654,,,1002.53000000,294.4335228,38.3554729
"HD 15337 b","HD 15337",1,1.77000000,0.02051107,,44.81550000,36.8678846,-27.6361171
"HD 15337 c","HD 15337",1,2.52600000,0.02137002,,44.81550000,36.8678846,-27.6361171
"NGTS-4 b","NGTS-4",1,3.18000000,0.06481452,,280.55500000,89.5988945,-30.8117992
"K2-133 e","K2-133",1,1.73000000,,"M1.5 V",75.17030000,70.1493775,25.0098135
"K2-32 e","K2-32",2,1.21200000,0.00660734,,157.68200000,252.4260080,-19.5430504
"EPIC 201238110 b","EPIC 201238110",1,1.87000000,,,159.25900000,179.7058532,-3.3894613
"EPIC 201497682 b","EPIC 201497682",1,0.69200000,,,253.02600000,168.9366786,0.4880606
"EPIC 201615463 c","K2-166",1,1.22000000,,,476.88200000,185.1880932,2.2823788
"EPIC 201754305 d","K2-16",1,1.03000000,,,334.96700000,175.0972238,4.5574311
"EPIC 201833600 c","K2-50",1,1.00000000,,,257.44300000,169.4836540,5.9882890
"EPIC 201841433 b","EPIC 201841433",1,1.04000000,,,436.48800000,175.2067520,6.1348146
"EPIC 205950854 c","K2-168",1,1.31000000,,,243.93500000,333.1100738,-16.3418863
"EPIC 206024342 b","EPIC 206024342",1,1.70000000,,,369.88800000,331.2771441,-14.1218019
"EPIC 206032309 b","EPIC 206032309",1,1.01000000,,,161.36500000,341.2404563,-13.9011223
"EPIC 206042996 b","EPIC 206042996",1,1.70000000,,,451.76900000,337.5136198,-13.6101475
"EPIC 206215704 b","EPIC 206215704",1,1.00000000,,,109.88800000,335.0949721,-9.5097112
"EPIC 206317286 b","EPIC 206317286",1,0.96000000,,,314.35000000,337.6178427,-7.9724560
"EPIC 212297394 b","EPIC 212297394",1,1.48000000,,,418.39500000,207.2061241,-17.6098985
"EPIC 212424622 b","EPIC 212424622",1,2.17000000,,,611.80400000,202.3313765,-14.3594358
"EPIC 212499991 b","EPIC 212499991",1,1.60000000,,,283.29000000,202.4887520,-12.7347749
"Kepler-407 b","Kepler-407",1,1.19000000,0.00607246,"G",338.36800000,286.0363025,49.6145027
"EPIC 212587672 b","EPIC 212587672",1,1.26000000,,,320.07000000,205.4445125,-10.8625468
"EPIC 220554210 c","K2-282",1,1.60000000,,,496.28900000,13.4321524,7.9952914
"L 98-59 b","L 98-59",1,0.83700000,0.00144732,"M3 V",10.61940000,124.5328604,-68.3144658
"L 98-59 c","L 98-59",1,1.32900000,0.00629270,"M3 V",10.61940000,124.5328604,-68.3144658
"L 98-59 d","L 98-59",1,1.62700000,0.00516002,"M3 V",10.61940000,124.5328604,-68.3144658
"PDS 70 c","PDS 70",1,22.19378179,7.50000000,,113.06400000,212.0421402,-41.3980405
"K2-308 b","K2-308",1,9.91600000,,,1314.53000000,78.3391194,16.4141986
"Kepler-65 e","Kepler-65",1,,0.82000000,,303.72800000,288.6887221,41.1511076
"HD 2685 b","HD 2685",1,16.14096000,1.17000000,,196.85200000,7.3289156,-76.3040320
"Gl 49 b","Gl 49",2,,0.01771387,"M1.5 V",9.85280000,15.6687321,62.3454386
"Kepler-851 b","Kepler-851",1,1.68000000,,,839.25500000,294.6802199,49.1401106
"TOI-150.01","TOI-150",1,14.06729500,2.51000000,"F",336.26700000,112.9654210,-73.6060358
"KELT-23 A b","KELT-23 A",2,14.82950700,0.93800000,"G2 V",126.26100000,232.1466406,66.3587097
"HD 180617 b","HD 180617",2,,0.03842935,,5.91059000,289.2277322,5.1631615
"LSPM J2116+0234 b","LSPM J2116+0234",1,,0.04184627,"M3.0 V",17.62970000,319.1147513,2.5807711
"NSVS 14256825 b","NSVS 14256825",2,,14.15000000,,820.87700000,305.0019460,4.6323715
"V1298 Tau b","V1298 Tau",3,9.41000000,0.04121721,,108.19900000,61.3316540,20.1570318
"Teegarden's Star b","Teegarden's Star",1,,0.00364977,,3.83078000,43.2691449,16.8649024
"Teegarden's Star c","Teegarden's Star",1,,0.00330367,,3.83078000,43.2691449,16.8649024
"WASP-87 b","WASP-87",2,15.52446500,2.18000000,,298.39200000,185.3246821,-52.8408163
"Kepler-850 b","Kepler-850",1,1.78000000,,,1661.28000000,293.0844515,48.5753645
"HIP 79098 AB b","HIP 79098 AB",2,,20.50000000,,145.79800000,242.1821202,-23.6855244
"Kepler-411 e","Kepler-411",2,,0.03398043,"K2 V",153.67600000,287.6057027,49.5233937
"DS Tuc A b","DS Tuc A",2,5.70000000,,"G6 V",44.06220000,354.9154673,-69.1960430
"OGLE-2018-BLG-0596L b","OGLE-2018-BLG-0596L",1,,0.04383000,,5650.00000000,269.0555417,-29.1990833
"DE CVn b","DE CVn",2,,12.02930278,,30.52250000,201.7207198,45.5455449
"OGLE-2015-BLG-1670L b","OGLE-2015-BLG-1670L",1,,0.05630000,,6700.00000000,268.1587917,-28.5519167
"EPIC 248847494 b","EPIC 248847494",1,12.44199000,13.00000000,,551.88600000,159.3890808,11.8427484
"EPIC 212737443 c","EPIC 212737443",1,2.69000000,,"K3",336.25000000,204.2215065,-7.3180577
"KMT-2017-BLG-0165L b","KMT-2017-BLG-0165L",1,,0.11000000,,4530.00000000,269.6496667,-28.1336694
"WASP-166 b","WASP-166",1,7.06167000,0.10100000,"F9 V",114.17300000,144.8751047,-20.9824191
"Kepler-476 b","Kepler-476",1,3.08000000,,,813.53500000,295.1637592,43.9630716
"Kepler-849 b","Kepler-849",1,8.08167508,0.94000000,,822.13400000,290.8517961,48.5213243
"Kepler-82 f","Kepler-82",1,,0.06575842,,904.32600000,292.8733696,42.9661583
"HR 858 b","HR 858",2,2.00400000,0.01116955,,31.96400000,42.9849779,-30.8140609
"HR 858 c","HR 858",2,1.97900000,0.01195614,,31.96400000,42.9849779,-30.8140609
"HR 858 d","HR 858",2,2.00100000,0.02233910,,31.96400000,42.9849779,-30.8140609
"TOI-270 b","TOI-270",1,1.28000000,0.00465660,,22.47930000,68.4160804,-51.9573937
"TOI-270 c","TOI-270",1,2.33000000,0.01950738,,22.47930000,68.4160804,-51.9573937
"TOI-270 d","TOI-270",1,2.00000000,0.01321468,,22.47930000,68.4160804,-51.9573937
"GJ 357 b","GJ 357",1,1.20000000,,"M2.5 V",9.44181000,144.0074644,-21.6650634
"GJ 357 c","GJ 357",1,,0.01069754,"M2.5 V",9.44181000,144.0074644,-21.6650634
"GJ 357 d","GJ 357",1,,0.01919265,"M2.5 V",9.44181000,144.0074644,-21.6650634
"Kepler-848 b","Kepler-848",1,1.70000000,,,1378.47000000,293.2882949,48.8116114
"K2-43 c","K2-43",1,2.42000000,,,182.53600000,169.1170280,-3.9754405
"LTT 1445 A b","LTT 1445 A",3,1.34000000,0.00858954,,6.86929000,45.4624781,-16.5944956
"K2-146 c","K2-146",1,2.19000000,0.02358000,,79.30020000,130.0266951,19.0923416
"HAT-P-69 b","HAT-P-69",1,18.78628400,3.58000000,,341.26300000,130.5056385,3.7105662
"HAT-P-70 b","HAT-P-70",1,20.96083000,6.78000000,,330.73900000,74.5523332,9.9979794
"HATS-54 b","HATS-54",1,11.37711541,0.75300000,"G6 V",748.58500000,200.6348641,-44.6888393
"HATS-55 b","HATS-55",1,14.02245900,0.92100000,,609.83800000,114.2833819,-32.7554188
"HATS-56 b","HATS-56",1,18.92079200,0.60200000,,564.40900000,180.1650720,-45.7994559
"HATS-57 b","HATS-57",1,12.76705100,3.14700000,,279.48500000,60.9482779,-19.0568182
"HATS-58 A b","HATS-58 A",2,12.27385500,1.03000000,,403.59100000,186.7873036,-48.9784105
"Kepler-1751 b","Kepler-1751",1,1.82417378,,,1291.47000000,284.8465476,49.6923412
"bet Pic c","bet Pic",1,,8.70000000,"A6 V",19.74420000,86.8212337,-51.0661480
"HR 5183 b","HR 5183",2,,3.23000000,,31.46070000,206.7357992,6.3498994
"OGLE-2018-BLG-0740L b","OGLE-2018-BLG-0740L",1,,4.80000000,"G V",3200.00000000,272.1769583,-29.8358056
"WASP-169 b","WASP-169",1,14.61653600,0.56100000,"F8",627.06600000,127.3872297,-12.9447683
"WASP-171 b","WASP-171",1,10.98482000,1.08400000,"G0",757.84000000,171.8450533,-44.0887035
"WASP-175 b","WASP-175",1,13.54047200,0.99000000,"F7",539.36000000,166.3187996,-34.1227453
"WASP-182 b","WASP-182",1,9.52765000,0.14800000,"G5",327.60200000,311.6733450,-41.8209828
"OGLE-2018-BLG-1011L b","OGLE-2018-BLG-1011L",1,,1.80000000,,7100.00000000,269.0140000,-29.0828889
"OGLE-2018-BLG-1011L c","OGLE-2018-BLG-1011L",1,,2.80000000,,7100.00000000,269.0140000,-29.0828889
"KMT-2016-BLG-0212L b","KMT-2016-BLG-0212L",1,,18.00000000,,6300.00000000,268.4392500,-29.0868889
"Kepler-301 b","Kepler-301",1,1.35000000,,,719.16600000,283.9829040,49.2329512
"OGLE-2016-BLG-1067L b","OGLE-2016-BLG-1067L",1,,0.43000000,,3730.00000000,273.2045000,-27.0126389
"KELT-24 b","KELT-24",2,12.71098411,4.59000000,,96.51730000,161.9090273,71.6557270
"NGTS-6 b","NGTS-6",1,14.86313400,1.33900000,,308.26200000,75.7953820,-30.3994612
"WASP-180 A b","WASP-180 A",2,13.89916000,0.90000000,"F7 V",253.98500000,123.3922465,-1.9827874
"GJ 15 A c","GJ 15 A",2,,0.11326810,"M1",3.56228000,4.6126677,44.0247296
"WASP-178 b","WASP-178",1,20.28829000,1.66000000,"A1 IV-V",427.67800000,227.2703290,-42.7049658
"WASP-184 b","WASP-184",1,14.90797000,0.57000000,"G0 V",663.23100000,209.5170100,-30.3481530
"WASP-185 b","WASP-185",1,14.01125000,0.98000000,"G0 V",279.35000000,214.0595791,-19.5423062
"WASP-192 b","WASP-192",1,13.78707000,2.30000000,"G0 V",508.88500000,223.6587187,-38.7445469
"GJ 3512 b","GJ 3512",1,,0.46100000,"M5.5 V",9.48637000,130.3316616,59.4918364
"Kepler-300 c","Kepler-300",1,2.25000000,,,1098.45000000,295.2886934,48.5997243
"GJ 27.1 b","GJ 27.1",1,,0.04090237,"M0.5 V",23.60620000,9.9980016,-44.2541679
"GJ 160.2 b","GJ 160.2",1,,0.03209263,"M0 V",25.85570000,61.6454173,-20.8564724
"GJ 180 b","GJ 180",1,,0.02041972,,11.94070000,73.4600970,-17.7761940
"GJ 180 c","GJ 180",1,,0.02013655,"M2 V",11.94070000,73.4600970,-17.7761940
"GJ 229 b","GJ 229",3,,0.04700000,,5.75624000,92.6435993,-21.8677233
"GJ 422 b","GJ 422",1,,0.03482994,,12.66310000,168.9810458,-57.5425629
"GJ 433 c","GJ 433",1,,0.10201051,,9.06456000,173.8619194,-32.5436302
"GJ 682 b","GJ 682",1,,0.01384388,"M3.5 V",5.00671000,264.2610245,-44.3232519
"GJ 682 c","GJ 682",1,,0.02737312,"M3.5 V",5.00671000,264.2610245,-44.3232519
"OGLE-2015-BLG-1649L b","OGLE-2015-BLG-1649L",1,,2.54000000,,4230.00000000,271.2050417,-32.6330278
"Kepler-847 b","Kepler-847",1,1.18000000,,,513.10300000,283.5048144,49.4509371
"V1298 Tau c","V1298 Tau",3,5.08000000,0.01478785,,108.19900000,61.3316540,20.1570318
"V1298 Tau d","V1298 Tau",3,6.53000000,0.01887811,,108.19900000,61.3316540,20.1570318
"V1298 Tau e","V1298 Tau",3,10.17000000,0.04813918,,108.19900000,61.3316540,20.1570318
"HD 97048 b","HD 97048",1,,2.50000000,"Be9.5/AO",183.85700000,167.0133422,-77.6548530
"7 CMa c","7 CMa",1,,0.87000000,,19.81010000,99.1712760,-19.2561808
"NY Vir c","NY Vir",2,,5.54000000,,544.02400000,204.7005847,-2.0303873
"eps Ind A b","eps Ind A",3,,6.50000000,"K5 V",3.63857000,330.8714021,-56.7969023
"LP 791-18 b","LP 791-18",1,1.21200000,,"M(6.1 +/- 0.7) V",26.49270000,165.6904843,-16.4064445
"LP 791-18 c","LP 791-18",1,2.48800000,0.02252788,"M(6.1 +/- 0.7) V",26.49270000,165.6904843,-16.4064445
"TOI-163 b","TOI-163",1,16.69020100,1.22000000,"F",411.71900000,79.7682532,-71.8955269
"Kepler-846 b","Kepler-846",1,2.48000000,,,1127.12000000,287.0570731,49.0460112
"Kepler-448 c","KOI-12",1,,22.00000000,,399.39800000,297.4537402,41.0110188
"TOI-125 b","TOI-125",1,2.72600000,0.02989019,"K0 V",111.05900000,23.5934253,-66.6763495
"TOI-125 c","TOI-125",1,2.75900000,0.02086021,"K0 V",111.05900000,23.5934253,-66.6763495
"KMT-2018-BLG-1990L b","KMT-2018-BLG-1990L",1,,0.34800000,"M",967.00000000,268.4353750,-22.1525389
"MOA-bin-29 b","MOA-bin-29",1,,0.60000000,,7120.00000000,269.3759583,-29.7365639
"HD 125390 b","HD 125390",1,,27.20400000,,153.64700000,214.5387463,38.9669132
"NGTS-8 b","NGTS-8",1,12.21781000,0.93000000,"K0 V",428.97600000,328.9759206,-14.0684399
"NGTS-9 b","NGTS-9",1,11.99363000,2.90000000,"F8 V",609.12800000,141.9206435,-19.3476477
"HD 220197 b","HD 220197",1,,0.20000000,,64.41100000,350.4946927,16.6323305
"HD 233832 b","HD 233832",2,,1.78000000,,58.74200000,171.5196515,50.3763099
"Kepler-299 c","Kepler-299",1,2.65000000,,,1052.24000000,283.2070156,48.5805222
"Qatar-6 b","Qatar-6",2,11.90395800,0.66800000,"K2 V",100.84800000,222.2100773,22.1526136
"PSR B0329+54 b","PSR B0329+54",1,,0.00619828,,,53.2472749,54.5791636
"Kepler-1660 AB b","Kepler-1660 A",2,,4.99200000,,1188.54000000,290.5519537,40.2350445
"HD 213885 b","HD 213885",1,1.74500000,0.02778215,"G",48.08830000,338.9837166,-59.8648290
"HD 213885 c","HD 213885",1,,0.06276941,"G",48.08830000,338.9837166,-59.8648290
"WASP-126 c","WASP-126",1,,0.20199478,,216.52600000,63.3747060,-69.2265926
"XO-7 b","XO-7",1,15.38995700,0.70900000,"G0 V",234.14900000,277.4780753,85.2333208
"USco1621 b","USco1621 A",1,,16.00000000,"M2.5 V",137.90100000,245.3730855,-25.4954265
"USco1556 b","USco1556 A",1,,15.00000000,"M3.0 V",140.63500000,239.1037198,-25.6890476
"DMPP-1 b","DMPP-1",1,,0.05285871,,62.53880000,86.7761233,-10.6303217
"DMPP-1 c","DMPP-1",1,,0.03442109,,62.53880000,86.7761233,-10.6303217
"DMPP-1 d","DMPP-1",1,,0.01485078,,62.53880000,86.7761233,-10.6303217
"DMPP-1 e","DMPP-1",1,,0.01299437,"F8 V",62.53880000,86.7761233,-10.6303217
"DMPP-2 b","DMPP-2",1,,0.53953642,,137.94000000,27.4077310,-34.4590985
"DMPP-3 A b","DMPP-3 A",2,,0.00840076,,46.89170000,91.6243532,-72.5143057
"TOI-813 b","TOI-813",1,6.71000000,,"G0 IV",263.14500000,72.6940102,-60.9054608
"GJ 180 d","GJ 180",1,,0.02378630,,11.94070000,73.4600970,-17.7761940
"GJ 229 A c","GJ 229",3,,0.02700000,,5.75624000,92.6435993,-21.8677233
"GJ 433 d","GJ 433",1,,0.01643331,,9.06456000,173.8619194,-32.5436302
"Kepler-298 b","Kepler-298",1,1.96000000,,,518.20400000,283.0398448,48.8253303
"GJ 3082 b","GJ 3082",1,,0.02579996,,16.61860000,18.6432425,-53.9407751
"GJ 1252 b","GJ 1252",1,1.19300000,0.00415318,"M3",20.37300000,306.9286462,-56.4622865
"EPIC 249893012 b","EPIC 249893012",1,1.95000000,0.02753044,"G8 IV/V",321.29600000,228.2482353,-16.7246474
"EPIC 249893012 c","EPIC 249893012",1,3.67000000,0.04615675,"G8 IV/V",321.29600000,228.2482353,-16.7246474
"EPIC 249893012 d","EPIC 249893012",1,3.94000000,0.03202970,"G8 IV/V",321.29600000,228.2482353,-16.7246474
"L 168-9 b","L 168-9",1,1.63000000,0.01280565,"M0.5 V",25.14960000,350.0285917,-60.0657292
"TOI-125 d","TOI-125",1,2.93000000,0.04279017,"K0 V",111.05900000,23.5934253,-66.6763495
"Kepler-1661 b","Kepler-1661",2,3.87000000,0.05348771,"K",410.60700000,285.1670927,41.9669383
"TOI-132 b","TOI-132",1,3.42000000,0.07047793,"G8 V",163.67800000,338.3996623,-43.4368720
"GJ 1061 b","GJ 1061",1,,0.00349245,"M5.5 V",3.67278000,54.0032486,-44.5143104
"Kepler-95 b","Kepler-95",1,3.42000000,0.04100000,,445.65600000,284.4824281,44.3978910
"Kepler-1750 b","Kepler-1750",1,6.00434637,,,1497.33000000,292.3514917,48.5110714
"GJ 1061 c","GJ 1061",1,,0.00569490,"M5.5 V",3.67278000,54.0032486,-44.5143104
"GJ 1061 d","GJ 1061",1,,0.00525441,"M5.5 V",3.67278000,54.0032486,-44.5143104
"HATS-47 b","HATS-47",1,12.52045300,0.36900000,,300.67000000,287.4844021,-49.6649424
"HATS-48 A b","HATS-48 A",2,8.96720000,0.24300000,,263.60900000,288.6720048,-59.5793505
"HATS-49 b","HATS-49",1,8.57488500,0.35300000,,324.41300000,6.6135927,-56.3442798
"HATS-72 b","HATS-72",1,8.09738160,0.12540000,,127.58900000,339.0258401,-17.0003046
"OGLE-2013-BLG-0911L b","OGLE-2013-BLG-0911L",1,,9.51000000,,3220.00000000,268.8832500,-29.2538333
"KMT-2016-BLG-1836L b","KMT-2016-BLG-1836L",1,,2.20000000,,7100.00000000,268.2503330,-30.0407500
"OGLE-2016-BLG-1227L b","OGLE-2016-BLG-1227L",1,,0.79000000,,,265.5971250,-33.7597778
"NGTS-10 b","NGTS-10",1,13.50684500,2.16200000,"K5 V",,91.8722801,-25.5948963
"Kepler-845 b","Kepler-845",1,2.04000000,,,431.05100000,290.9576363,49.2037262
"MASCARA-4 b","MASCARA-4",2,16.98160576,1.67500000,,170.69600000,147.5800667,-66.1139253
"LHS 1815 b","LHS 1815",1,1.08800000,0.00497124,"M1",29.84240000,91.0899861,-55.3115376
"TYC 8998-760-1 b","TYC 8998-760-1",1,,,"K3 IV",94.61770000,201.3001096,-64.9391566
"TOI-1130 b","TOI-1130",1,3.66000000,0.06229777,,58.26090000,286.3760037,-41.4376399
"TOI-1130 c","TOI-1130",1,13.00000000,1.05717423,,58.26090000,286.3760037,-41.4376399
"HD 158259 b","HD 158259",1,,0.00698487,"G0",27.04980000,261.3495847,52.7904721
"HD 158259 c","HD 158259",1,,0.01761948,"G0",27.04980000,261.3495847,52.7904721
"HD 158259 d","HD 158259",1,,0.01702168,"G0",27.04980000,261.3495847,52.7904721
"HD 158259 e","HD 158259",1,,0.01912972,"G0",27.04980000,261.3495847,52.7904721
"HD 158259 f","HD 158259",1,,0.01931850,"G0",27.04980000,261.3495847,52.7904721
"Kepler-844 b","Kepler-844",1,1.68000000,,,431.77600000,287.8578541,48.7739646
"CoRoT-30 b","CoRoT-30",1,11.30988100,2.90000000,"G3 V",1032.23000000,277.6011767,6.8359338
"CoRoT-31 b","CoRoT-31",1,16.36514000,0.84000000,"G2 IV",2005.76000000,94.8207350,-4.4222978
"TOI-677 b","TOI-677",1,13.11450742,1.23400000,"F8",141.81200000,144.1193594,-50.4630933
"HD 164922 d","HD 164922",1,,0.01258534,,22.00160000,270.6304652,26.3104077
"WASP-150 b","WASP-150",1,11.99363000,8.46000000,"F8",527.99500000,264.2630197,53.0212751
"WASP-176 b","WASP-176",1,16.86954500,0.85500000,"F9",568.42000000,313.6872928,9.1790688
"HD 332231 b","HD 332231",1,9.07303305,0.23314467,,80.66650000,306.7411340,33.7443882
"Kepler-88 d","KOI-142",1,,3.05046460,,376.86300000,291.1481028,40.6694130
"LTT 3780 b","LTT 3780",2,1.32500000,0.00774003,,21.98140000,154.6449033,-11.7178010
"LTT 3780 c","LTT 3780",2,2.39000000,0.02529667,,21.98140000,154.6449033,-11.7178010
"Kepler-297 b","Kepler-297",1,2.87000000,,,692.14000000,283.2091605,48.7776156
"TOI-1235 b","TOI-1235",1,1.69000000,0.02104909,"M0.5 V",39.63450000,152.2182549,69.2766204
"HD 81817 b","HD 81817",1,,24.12800000,,269.12600000,144.2715659,81.3263096
"TOI-1338 b","TOI-1338 A",2,7.66100000,0.03550000,,399.01700000,92.1330955,-59.5409853
"OGLE-2018-BLG-0677L b","OGLE-2018-BLG-0677L",1,,0.01250000,,7580.00000000,268.7511250,-32.0165306
"OGLE-2015-BLG-1771L b","OGLE-2015-BLG-1771L",1,,0.43300000,,7070.00000000,268.7990000,-28.8627500
"OGLE-2018-BLG-1700L b","OGLE-2018-BLG-1700L",2,,4.40000000,,7600.00000000,269.9560420,-28.5286389
"KMT-2018-BLG-0029L b","KMT-2018-BLG-0029L",1,,0.02390000,,3380.00000000,264.4694580,-27.9847000
"KMT-2018-BLG-1292L b","KMT-2018-BLG-1292L",1,,4.42000000,,3460.00000000,263.4275830,-33.5206694
"OGLE-2012-BLG-0838L b","OGLE-2012-BLG-0838L",1,,0.16700000,,6320.00000000,273.0030830,-25.7116111
"AU Mic b","AU Mic",1,4.79000000,0.02828570,"M1 V",9.72210000,311.2911369,-31.3424500
"Kepler-843 b","Kepler-843",1,2.59000000,,,1165.66000000,296.3219786,48.9714373
"GJ 338 B b","GJ 338 B",2,,0.03335133,"M0 V",6.33256000,138.5916722,52.6835211
"OGLE-2017-BLG-0406L b","OGLE-2017-BLG-0406L",1,,0.41000000,,5200.00000000,268.9996670,-29.8631389
"Kepler-160 d","Kepler-160",1,,0.31463361,,937.01300000,287.7735730,42.8692755
"WASP-148 b","WASP-148",1,8.47398941,0.28700000,,246.35300000,254.1305022,44.3025361
"WASP-148 c","WASP-148",1,,0.39200000,,246.35300000,254.1305022,44.3025361
"TOI-1728 b","TOI-1728",1,5.05000000,0.08425888,"M0",60.79800000,120.6116787,64.7971531
"NGTS-11 b","NGTS-11",1,9.15775300,0.34400000,"K",190.42200000,23.5214497,-14.4191493
"GJ 887 b","GJ 887",1,,0.01227077,"M1 V",3.28679000,346.5027573,-35.8473489
"GJ 887 c","GJ 887",1,,0.02045129,"M1 V",3.28679000,346.5027573,-35.8473489
"TOI-849 b","TOI-849",1,3.64000000,0.13151751,,225.73400000,28.7157956,-29.4217086
"Kepler-842 b","Kepler-842",1,1.60000000,,,532.72600000,292.3285976,49.6535171
"Wendelstein-1 b","Wendelstein-1",1,11.56096260,0.59200000,"K7 V",305.30000000,299.0506412,17.5699627
"Wendelstein-2 b","Wendelstein-2",1,12.99347280,0.73100000,"K6 V",565.54100000,297.7909214,16.9125679
"HD 95338 b","HD 95338",1,4.27174254,,,36.99410000,164.8563364,-56.6235564
"HD 191939 b","HD 191939",1,3.41000000,0.03146352,"G9 V",53.60890000,302.0256247,66.8503014
"HD 191939 c","HD 191939",1,3.19500000,0.02517081,"G9 V",53.60890000,302.0256247,66.8503014
"HD 191939 d","HD 191939",1,2.99500000,0.00880979,"G9 V",53.60890000,302.0256247,66.8503014
"TOI-700 b","TOI-700",1,0.91400000,,"M2.5 V",31.12650000,97.0957165,-65.5786149
"TOI-700 c","TOI-700",1,2.60000000,,"M2.5 V",31.12650000,97.0957165,-65.5786149
"TOI-700 d","TOI-700",1,1.07300000,,"M2.5 V",31.12650000,97.0957165,-65.5786149
"TYC 8998-760-1 c","TYC 8998-760-1",1,12.32990000,6.00000000,,94.61770000,201.3001096,-64.9391566
"Kepler-841 b","Kepler-841",1,5.23000000,,,998.96100000,284.2513637,48.8095962
"BD-11 4672 c","BD-11 4672",1,,0.04835919,,27.16650000,278.3688659,-11.6370481
"HIP 67522 b","HIP 67522",1,9.98720180,,,127.28000000,207.5260010,-40.8358961
"TOI-1899 b","TOI-1899",1,11.09689089,0.67000000,,128.43800000,299.4268472,40.1433462
"HIP 65 A b","HIP 65 A",2,22.75427000,3.21300000,"K4 V",61.78560000,0.1856063,-54.8308228
"TOI-157 b","TOI-157",1,14.41477400,1.18000000,"G9 IV",355.68300000,73.7014398,-76.6806061
"TOI-169 b","TOI-169",1,12.17297400,0.79100000,"G1 V",407.84000000,16.7786879,-75.1989452
"K2-315 b","K2-315",1,0.95000000,,"M(3.5+/-0.5) V",56.96860000,228.0210932,-20.1081634
"HATS-37 A b","HATS-37 A",2,6.79265400,0.09900000,,211.89600000,199.8018300,-22.9868431
"HATS-38 b","HATS-38",1,6.88232600,0.07400000,,343.52500000,154.2710615,-25.2762982
"HD 86226 c","HD 86226",1,2.16000000,0.02281094,"G1 V",45.68300000,149.1235154,-24.0991859
"Kepler-296 c","Kepler-296",2,2.00000000,,,,286.5400278,49.4372614
"GJ 2056 b","GJ 2056",1,,0.05097064,,28.44340000,108.0194945,-24.8921008
"GJ 480 b","GJ 480",1,,0.02768790,,14.23580000,189.7134226,11.6950708
"GJ 687 c","GJ 687",1,,0.05034138,,4.54939000,264.1041731,68.3336741
"GJ 9066 c","GJ 9066",1,,0.21000000,"M5.0 V",4.47100000,30.0588307,13.0443172
"HIP 107772 b","HIP 107772",1,,0.04058774,"M0 V",23.64340000,327.4977057,-41.2440371
"HIP 38594 b","HIP 38594",2,,0.02548532,"M0",17.78860000,118.5439118,-25.3023073
"HIP 38594 c","HIP 38594",2,,0.15228267,"M0",17.78860000,118.5439118,-25.3023073
"HIP 4845 b","HIP 4845",1,,0.04530724,,21.09740000,15.5881733,-10.4246208
"HIP 48714 b","HIP 48714",1,,0.07205110,"M0.5 Ve",10.52980000,149.0332672,62.7859505
"2MASS J01033563-5515561 AB b","2MASS J01033563-5515561 A",2,,13.00000000,"M5.5/M6",,15.8992489,-55.2658291
"KMT-2019-BLG-1339L b","KMT-2019-BLG-1339L",1,,1.25000000,,6120.00000000,265.7434170,-25.5739167
"KMT-2019-BLG-1953L b","KMT-2019-BLG-1953L",1,,0.64000000,,7040.00000000,269.1162500,-28.2011111
"K2-316 b","K2-316",1,1.33000000,,,112.48600000,233.6247336,-23.2594663
"K2-316 c","K2-316",1,1.83000000,,,112.48600000,233.6247336,-23.2594663
"K2-317 b","K2-317",1,2.93000000,,,176.29100000,228.6188638,-21.0227209
"K2-318 b","K2-318",1,1.66000000,,,147.86600000,232.4461375,-17.5574630
"K2-319 b","K2-319",1,2.79000000,,,209.07100000,166.8010058,3.0399357
"K2-320 b","K2-320",1,2.62000000,,,108.74000000,163.2519122,5.3064776
"K2-321 b","K2-321",1,2.05124347,,,77.68880000,156.4054989,2.5138829
"K2-322 b","K2-322",1,1.92000000,,,123.41500000,156.6226981,4.7640203
"K2-323 b","K2-323",1,2.10000000,,,118.31800000,159.4209874,6.2858689
"K2-324 b","K2-324",1,2.43000000,,,136.66700000,157.6222171,6.8636732
"K2-325 b","K2-325",1,2.20000000,,,111.63800000,353.9169507,-7.6867213
"K2-326 b","K2-326",1,2.28000000,,,282.30800000,351.6122620,1.3375909
"WD 1856+534 b","WD 1856+534",3,10.40000000,13.80000000,"DC",24.73590000,284.4156750,53.5090244
"LTT 9779 b","LTT 9779",1,4.72000000,0.09225057,"G7 V",80.43730000,358.6688767,-37.6282237
"HD 63433 b","HD 63433",1,2.14000000,0.06844888,"G5 V",22.40350000,117.4793699,27.3631342
"HD 63433 c","HD 63433",1,2.69200000,0.04889116,"G5 V",22.40350000,117.4793699,27.3631342
"TOI-763 b","TOI-763",1,2.28000000,0.03080263,"G",95.12740000,194.4680980,-39.7580613
"Kepler-77 b","Kepler-77",1,10.76100000,0.43000000,"G5 V",639.41100000,289.6079433,44.3454347
"TOI-763 c","TOI-763",1,2.63000000,0.02932385,"G",95.12740000,194.4680980,-39.7580613
"HATS-71 b","HATS-71",1,11.47801600,0.37000000,"M3 V",140.22500000,15.5518893,-61.7561333
"TOI-824 b","TOI-824",1,2.92600000,0.05810339,"K4 V",63.92620000,222.1654705,-57.5888666
"OGLE-2018-BLG-1269L b","OGLE-2018-BLG-1269L",1,,0.67000000,,2510.00000000,269.6934170,-27.6179444
"KMT-2018-BLG-0748L b","KMT-2018-BLG-0748L",1,,0.19000000,,7300.00000000,267.8745000,-30.6463889
"KMT-2019-BLG-0842L b","KMT-2019-BLG-0842L",1,,0.03234000,,3320.00000000,268.4584580,-29.8774389
"TOI-540 b","TOI-540",1,0.90300000,,"M V",14.00220000,76.3096949,-47.9375391
"TOI-1266 b","TOI-1266",1,2.52000000,0.01403273,"M2",36.01180000,197.9965833,65.8336973
"TOI-1266 c","TOI-1266",1,1.98000000,0.00997394,"M2",36.01180000,197.9965833,65.8336973
"TOI-421 b","TOI-421",2,2.64000000,0.02108056,"G9 V",74.79690000,81.8532824,-14.2767404
"TOI-421 c","TOI-421",2,5.09000000,0.04436356,"G9 V",74.79690000,81.8532824,-14.2767404
"NGTS-12 b","NGTS-12",1,11.74703200,0.20800000,"G",446.44200000,176.2499418,-35.6405630
"GJ 3473 b","GJ 3473",2,1.26400000,0.00585219,,27.36440000,120.5936065,3.3371629
"GJ 3473 c","GJ 3473",2,,0.02331435,,27.36440000,120.5936065,3.3371629
"TOI-837 b","TOI-837",1,9.16894621,0.37900000,"F9/G0",142.48800000,157.0372806,-64.5052107
"KMT-2016-BLG-2364L b","KMT-2016-BLG-2364L",1,,3.93000000,,6440.00000000,265.7156670,-27.4355611
"KMT-2016-BLG-2397L b","KMT-2016-BLG-2397L",1,,2.63000000,,4880.00000000,266.2125420,-23.2013806
"OGLE-2017-BLG-0604L b","OGLE-2017-BLG-0604L",1,,0.51000000,,3950.00000000,267.8916670,-30.9465556
"OGLE-2017-BLG-1375L b","OGLE-2017-BLG-1375L",1,,11.28000000,,3930.00000000,269.1548750,-30.3114167
"EPIC 201170410.02","EPIC 201170410",1,1.04700000,,,,170.1408561,-4.8070039
"EPIC 201757695.02","EPIC 201757695",1,0.90819000,,,,173.9385102,4.6164303
"TOI-954 b","TOI-954",1,9.55006800,0.17400000,,238.76800000,61.9410587,-25.2088028
"K2-329 b","K2-329",1,8.67576600,0.26000000,,233.23700000,351.1353785,-5.1641451
"MOA-2013-BLG-220L b","MOA-2013-BLG-220L",1,,2.74000000,,6720.00000000,270.9854170,-29.5447222
"TOI-481 b","TOI-481",1,11.09691000,1.53000000,"G",179.36600000,110.5126861,-57.3849980
"TOI-892 b","TOI-892",1,11.99363000,0.95000000,"F",340.54300000,86.7382280,-11.2353401
"TIC 237913194 b","TIC 237913194",1,12.52045300,1.94200000,"G3",306.06300000,22.4458116,-60.7399096
"HD 190007 b","HD 190007",1,,0.04876845,"K4 V",12.71410000,300.6956339,3.3266992
"HD 216520 b","HD 216520",1,,0.03228141,,19.55200000,341.8768719,83.6975307
"HD 216520 c","HD 216520",1,,0.02970141,,19.55200000,341.8768719,83.6975307
"TOI-122 b","TOI-122",1,2.72000000,,"M3 V",62.11800000,332.9482355,-58.9460850
"TOI-237 b","TOI-237",1,1.44000000,,"M4.5 V",38.07490000,353.2435381,-29.4164870
"WASP-186 b","WASP-186",1,12.44199000,4.22000000,"F",278.51400000,18.9953122,21.6169065
"WASP-187 b","WASP-187",1,18.38276000,0.80000000,"F",371.41400000,17.4747400,25.6816494
"K2-111 c","K2-111",1,,0.03492451,"G2",200.39400000,59.8903081,21.2985263
"LP 714-47 b","LP 714-47",1,4.25000000,0.08929347,"M1 V",52.61600000,64.1902212,-12.0848643
"TOI-942 b","TOI-942",1,3.89000000,,,152.60100000,76.6496172,-20.2456126
"TOI-942 c","TOI-942",1,4.67000000,,,152.60100000,76.6496172,-20.2456126
"WASP-107 c","WASP-107",1,,0.35000000,,64.74140000,188.3864277,-10.1462141
"TOI-251 b","TOI-251",1,2.74000000,1.00000000,,99.52300000,353.0620655,-37.2558629
"HAT-P-68 b","HAT-P-68",1,12.01604800,0.72400000,"K",202.15200000,118.4831501,23.9382192
"TOI-776 b","TOI-776",1,1.79800000,0.01573176,,27.17010000,178.5779970,-37.5533568
"TOI-776 c","TOI-776",1,2.04700000,0.02170983,,27.17010000,178.5779970,-37.5533568
"TOI-561 b","TOI-561",1,1.39700000,0.00635563,,85.79900000,148.1851516,6.2161030
"TOI-561 c","TOI-561",1,2.86500000,0.01865787,,85.79900000,148.1851516,6.2161030
"TOI-561 d","TOI-561",1,2.61500000,0.04194087,,85.79900000,148.1851516,6.2161030
"TOI-561 e","TOI-561",1,2.51700000,0.03901476,,85.79900000,148.1851516,6.2161030
"HD 108236 b","HD 108236",1,1.61500000,,,64.59780000,186.5740627,-51.3630519
"HD 108236 c","HD 108236",1,2.07100000,,,64.59780000,186.5740627,-51.3630519
"TOI-1233.01","HD 108236",1,2.53900000,,,64.59780000,186.5740627,-51.3630519
"HD 108236 e","HD 108236",1,3.08300000,,,64.59780000,186.5740627,-51.3630519
"TOI-564 b","TOI-564",1,11.43318000,1.46300000,,199.58100000,130.2951535,-16.0363275
"TOI-905 b","TOI-905",1,13.12573900,0.66700000,,158.64900000,227.6586754,-71.3616316
"TOI-451 b","TOI-451",2,1.84000000,0.01478785,"G8 V",123.73900000,62.9663850,-37.9397300
"TOI-451 c","TOI-451",2,2.93000000,0.01164150,"G8 V",123.73900000,62.9663850,-37.9397300
"TOI-451 d","TOI-451",2,3.93000000,0.03209279,"G8 V",123.73900000,62.9663850,-37.9397300
"HD 108236 f","HD 108236",1,2.01700000,,,64.59780000,186.5740627,-51.3630519
"NGTS-13 b","NGTS-13",1,12.80067800,4.84000000,,647.59500000,176.2402326,-38.1397158
"HD 110113 b","HD 110113",1,2.05000000,0.01431583,"G",106.30700000,190.0365636,-44.3120777
"Kepler-295 b","Kepler-295",1,1.22000000,,,1699.19000000,285.3458383,45.3677754
"HD 110113 c","HD 110113",1,,0.03303653,"G",106.30700000,190.0365636,-44.3120777
"TOI-178 b","TOI-178",1,1.20000000,0.00302050,,62.69900000,7.3020115,-30.4541159
"TOI-178 c","TOI-178",1,1.75400000,0.01459907,,62.69900000,7.3020115,-30.4541159
"TOI-178 d","TOI-178",1,2.69500000,0.01636103,,62.69900000,7.3020115,-30.4541159
"TOI-178 e","TOI-178",1,2.30100000,0.01094930,,62.69900000,7.3020115,-30.4541159
"TOI-178 f","TOI-178",1,2.41700000,0.01771396,,62.69900000,7.3020115,-30.4541159
"TOI-178 g","TOI-178",1,2.93900000,0.01384395,,62.69900000,7.3020115,-30.4541159
"HD 4760 b","HD 4760",1,,13.90000000,,537.87300000,12.4161652,6.4071412
"HD 96992 b","HD 96992",1,,1.14000000,,396.08200000,167.5966158,43.9189897
"TYC 0434-04538-1 b","TYC 0434-04538-1",1,,6.10000000,,613.42200000,271.3396528,2.0622774
"Kepler-839 b","Kepler-839",1,2.57000000,,,944.56100000,291.0746840,45.2425440
"HD 183579 b","HD 183579",1,3.49000000,0.06418558,,57.26510000,293.2866147,-54.5327284
"NGTS-14 A b","NGTS-14 A",2,4.97679600,0.09200000,"K1 V",322.14800000,328.5174799,-38.3774193
"HD 110082 b","HD 110082",2,3.20000000,,"F8 V",105.09600000,192.5892855,-88.1211107
"K2-138 g","K2-138",1,3.01300000,0.01359217,,202.58500000,348.9490311,-10.8497391
"TOI-628 b","TOI-628",1,11.88154000,6.33000000,,178.68000000,99.2630608,1.7675497
"TOI-640 b","TOI-640",1,19.27944680,0.57000000,,341.99700000,99.7345935,-36.6461300
"TOI-1333 b","TOI-1333",2,15.64776400,2.37000000,,200.49200000,325.0145363,48.4067674
"TOI-1478 b","TOI-1478",1,11.99360935,0.88000000,,152.89200000,126.4337428,-13.5595485
"TOI-1601 b","TOI-1601",1,14.19902343,1.21763817,,336.60800000,38.3615690,41.0134321
"GJ 251 b","GJ 251",1,,0.01211345,,5.58057000,103.7002499,33.2664632
"HD 238090 b","HD 238090",1,,0.02167826,"M0.0 V",15.23540000,183.0886375,54.4861530
"GJ 486 b","GJ 486",1,1.28900000,0.00871539,,8.07426000,191.9815310,9.7494181
"GJ 414 A b","GJ 414 A",2,2.63000000,0.02391215,"K7 V",11.88930000,167.7745044,30.4451688
"GJ 414 A c","GJ 414 A",2,8.40000000,0.16936727,"K7 V",11.88930000,167.7745044,30.4451688
"OGLE-2018-BLG-1428L b","OGLE-2018-BLG-1428L",1,,0.77000000,,6220.00000000,265.5487080,-26.1378889
"OGLE-2017-BLG-1049L b","OGLE-2017-BLG-1049L",1,,5.53000000,,5670.00000000,269.5335420,-27.1442222
"GJ 740 b","GJ 740",1,,0.00931315,"M1.0 V",11.10170000,284.4997178,5.9028670
"TOI-201 b","TOI-201",1,11.40000000,0.51600171,"F",113.82500000,87.4017825,-54.9104230
"HD 60292 b","HD 60292",1,,6.50000000,"K0 III",315.21100000,114.6201698,66.2350517
"Kepler-838 b","Kepler-838",1,2.73000000,,,1104.04000000,285.4354695,45.9759590
"HD 112640 b","HD 112640",1,,5.00000000,"K0 III",323.33500000,194.2415171,67.2429122
"TOI-519 b","TOI-519",1,11.54525012,0.46300000,"M V",115.55700000,124.6067582,-19.6627918
"NGTS-15 b","NGTS-15",1,12.32987877,0.75100000,"G6 V",786.48500000,73.3553101,-32.8003484
"NGTS-16 b","NGTS-16",1,14.57167491,0.66700000,"G7 V",898.16800000,58.2639299,-30.8046405
"NGTS-17 b","NGTS-17",1,13.89913607,0.76400000,"G4 V",1040.28000000,72.9005729,-34.2262128
"NGTS-18 b","NGTS-18",1,13.56286665,0.40900000,"G5 V",1096.19000000,180.5462193,-35.5486091
"LHS 1478 b","LHS 1478",1,1.24200000,0.00733100,"m3 V",18.22760000,44.3388743,76.5514045
"TOI-257 b","TOI-257",1,7.16253867,0.13800000,,76.90280000,47.5172608,-50.8322632
"HD 5278 b","HD 5278",1,2.45000000,0.02454154,"F V",57.58460000,12.5467785,-83.7437671
"HD 5278 c","HD 5278",1,,0.05789287,"F V",57.58460000,12.5467785,-83.7437671
"Kepler-106 c","Kepler-106",1,2.50000000,0.03300000,,444.32200000,300.8640060,44.3375497
"Kepler-837 b","Kepler-837",1,2.56000000,,,901.90700000,285.2467607,45.9501100
"HIP 56640 b","HIP 56640",1,,6.77000000,,122.32400000,174.2008941,-37.0391349
"HIP 75092 b","HIP 75092",1,,1.79000000,"K0 III",81.66960000,230.1724206,-25.9910525
"HIP 90988 b","HIP 90988",1,,2.10200000,,94.03490000,278.3892816,-50.2116920
"HIP 114933 b","HIP 114933",1,,1.94000000,"K0 III",101.76600000,349.2071949,-21.2033101
"TOI-269 b","TOI-269",1,2.77000000,0.02768790,"M2 V",57.02250000,75.8462827,-54.1777213
"CFHTWIR-Oph 98 b","CFHTWIR-Oph 98 A",1,20.84870410,7.80000000,"M9-L1",,246.9342770,-23.9811500
"TOI-220 b","TOI-220",1,3.03000000,0.04341966,"K0 V",90.74020000,91.7996988,-61.9972098
"TOI-1444 b","TOI-1444",1,1.41792246,0.01126394,,125.46300000,305.4749252,70.9437054
"Kepler-1749 b","Kepler-1749",1,1.61301783,,,268.20000000,290.2945805,45.5645196
"TOI-1231 b","TOI-1231",1,3.65000000,0.04845382,"M3 V",27.62270000,156.7472600,-52.4678724
"BD+45 564 b","BD+45 564",1,,1.36000000,"K1",53.62200000,32.9470485,45.9242187
"BD+55 362 b","BD+55 362",1,,0.72000000,"K3",52.56970000,23.9636676,56.6982282
"BD+63 1405 b","BD+63 1405",1,,3.96000000,"K0",38.04730000,271.3979337,63.6700064
"HD 124330 b","HD 124330",1,,0.75000000,"G4 IV",60.19770000,212.8207093,54.4089731
"HD 155193 b","HD 155193",1,,0.75000000,"F8 IV",57.79950000,257.4208876,10.0381003
"HD 331093 b","HD 331093",1,,1.50000000,"K0",50.19280000,295.6200054,31.7395451
"HD 152843 b","HD 152843",1,3.05000000,0.03089718,,107.89800000,253.7848853,20.4915240
"HD 152843 c","HD 152843",1,5.94000000,0.03042522,,107.89800000,253.7848853,20.4915240
"HD 107148 c","HD 107148",2,,0.06260000,,49.41560000,184.8059773,-3.3199927
"HD 136925 b","HD 136925",1,,0.84000000,,47.87400000,230.7157509,13.3663117
"HD 141004 b","HD 141004",1,,0.04290000,,11.81480000,236.6099205,7.3527684
"HD 145675 c","14 Her",1,,7.90000000,"K0",17.93230000,242.6021014,43.8163621
"HD 156668 c","HD 156668",1,,0.09910000,,24.33230000,259.4183491,29.2281610
"HD 164922 e","HD 164922",1,,0.03310000,,22.00160000,270.6304652,26.3104077
"HD 168009 b","HD 168009",1,,0.03000000,,23.30320000,273.8847918,45.2088229
"HD 213472 b","HD 213472",1,,3.50000000,,64.45270000,337.7069969,40.7222277
"HD 24040 c","HD 24040",1,,0.20100000,,46.62240000,57.5962104,17.4752873
"HD 26161 b","HD 26161",1,,28.46000000,,40.91280000,62.4122255,31.6524346
"Kepler-836 b","Kepler-836",1,2.73000000,,,980.03500000,287.4527659,45.7043964
"HD 3765 b","HD 3765",1,,0.17300000,,17.92600000,10.2072994,40.1842918
"HD 66428 c","HD 66428",1,,1.76400000,,53.28170000,120.8691654,-1.1636019
"HD 68988 c","HD 68988",1,,15.00000000,,60.84470000,124.5935429,61.4608518
"HD 95735 c","GJ 411",1,,0.04279039,,5.67577300,165.8344710,35.9723170
"WASP-110 b","WASP-110",1,13.19297028,0.48700000,,274.96000000,305.8724366,-44.0587001
"Kepler-129 d","Kepler-129",1,,8.30000000,"G4 V",408.84500000,285.3111845,47.8484775
"GJ 849 c","GJ 849",1,,0.99000000,"M3.5",8.80058000,332.4229938,-4.6408317
"TOI-674 b","TOI-674",1,5.25000000,0.07425390,"M2 V",46.08510000,164.5865592,-36.8581092
"TOI-1685 b","TOI-1685",1,1.42100000,0.00965930,"M3 V",37.61530000,68.5939529,43.0370395
"TOI-1260 b","TOI-1260",1,2.41000000,0.02693277,,73.59770000,157.1440712,65.8541986
"Kepler-835 b","Kepler-835",1,2.79000000,,,2406.33000000,283.5742181,45.7348003
"TOI-1260 c","TOI-1260",1,2.76000000,0.04153184,,73.59770000,157.1440712,65.8541986
"TOI-1634 b","TOI-1634",2,1.75900000,0.01541712,"M2",35.27360000,56.3906096,37.1122803
"GJ 720 A b","GJ 720 A",2,,0.04291624,"M0.5 V",15.55750000,278.8294172,45.7456038
"G 264-012 b","G 264-012",1,,0.00786588,"M4.0 V",16.00900000,326.6719598,66.8038480
"G 264-012 c","G 264-012",1,,0.01179882,"M4.0 V",16.00900000,326.6719598,66.8038480
"GJ 393 b","GJ 393",1,,0.00538026,"M2.0 V",7.03149000,157.2288672,0.8378485
"TOI-1259 A b","TOI-1259 A",2,11.60000000,0.44363561,,118.10600000,282.1001665,79.2564761
"TOI-1807 b","TOI-1807",1,1.49681583,0.00767710,,42.57750000,201.2826259,38.9223671
"TOI-2076 b","TOI-2076",1,2.59000000,0.02108056,"K V",41.90910000,217.3920159,39.7903991
"TOI-2076 c","TOI-2076",1,3.54000000,0.02265373,"K V",41.90910000,217.3920159,39.7903991
"Kepler-834 b","Kepler-834",1,2.02000000,,,633.93700000,287.0544674,45.1803351
"TOI-2076 d","TOI-2076",1,3.27000000,0.02296837,"K V",41.90910000,217.3920159,39.7903991
"HAT-P-58 b","HAT-P-58",1,14.93036229,0.37200000,,515.59000000,68.8465093,56.8682691
"HAT-P-59 b","HAT-P-59",1,12.58768533,1.54000000,,265.47100000,292.4588212,62.5291892
"HAT-P-60 b","HAT-P-60",1,18.28184752,0.57400000,,233.22000000,28.2825719,52.0539209
"HAT-P-61 b","HAT-P-61",1,10.07687365,1.05700000,,338.84000000,75.4801665,50.1311784
"HAT-P-62 b","HAT-P-62",1,12.02723629,0.76100000,,348.81500000,74.5043816,48.3008551
"HAT-P-63 b","HAT-P-63",1,12.54284940,0.61400000,,403.45800000,269.5720695,5.7613709
"HAT-P-64 b","HAT-P-64",1,19.08889413,0.58000000,,651.89700000,68.9743955,2.4312732
"TOI-1749 b","TOI-1749",1,1.39000000,0.17934206,"M0 V",99.55610000,282.7372281,64.4194660
"TOI-1749 c","TOI-1749",1,2.12000000,0.04404893,"M0 V",99.55610000,282.7372281,64.4194660
"Kepler-833 b","Kepler-833",1,2.02000000,,,467.37000000,290.4799052,45.6005798
"TOI-1749 d","TOI-1749",1,2.52000000,0.04719528,"M0 V",99.55610000,282.7372281,64.4194660
"HD 27969 b","HD 27969",1,,4.80000000,"G0 V",67.93280000,66.7068364,42.9087200
"HD 80869 b","HD 80869",1,,5.06500000,,85.39510000,140.7912931,33.9048294
"HD 95544 b","HD 95544",1,,6.02100000,,87.80490000,166.3231784,81.0389868
"HD 109286 b","HD 109286",1,,2.99000000,"G4 V",55.41560000,188.3958418,7.2809064
"HD 115954 b","HD 115954",1,,8.29000000,"G0 V",87.64370000,199.9853694,38.3691383
"HD 211403 b","HD 211403",1,,5.54000000,"F7 V",83.09190000,333.8158177,58.2755601
"TOI-1062 b","TOI-1062",1,2.26500000,0.03193547,"G9 V",82.17330000,38.1209678,-78.0236828
"TOI-1062 c","TOI-1062",1,,0.03077132,"G9 V",82.17330000,38.1209678,-78.0236828
"TOI-1278 b","TOI-1278",1,12.21778896,18.50000000,"M0 V",75.57590000,320.4784442,35.6486250
"Kepler-832 b","Kepler-832",1,2.06000000,,,1688.12000000,295.9261101,45.3838690
"KMT-2018-BLG-1976L b","KMT-2018-BLG-1976L",1,,2.22000000,,5840.00000000,266.3546667,-35.7003306
"KMT-2018-BLG-1996L b","KMT-2018-BLG-1996L",1,,1.09000000,,5910.00000000,268.6785000,-22.8204111
"OGLE-2019-BLG-0954L b","OGLE-2019-BLG-0954L",1,,14.20000000,,3630.00000000,267.9132500,-29.6110000
"KIC 8121913 b","KIC 8121913",1,,2.10000000,,707.30300000,298.9677981,43.9093780
"KIC 10068024 b","KIC 10068024",1,,2.00000000,,721.10500000,288.8470423,47.0228607
"KIC 5479689 b","KIC 5479689",1,,0.50000000,,454.95000000,299.3254983,40.6381229
"KMT-2019-BLG-0371L b","KMT-2019-BLG-0371L",1,,7.70000000,,7010.00000000,268.3839167,-31.5550222
"AU Mic c","AU Mic",1,2.79000000,0.04549625,"M1 V",9.72210000,311.2911369,-31.3424500
"TOI-2406 b","TOI-2406",1,2.86000000,0.04908309,,55.41900000,8.8060544,-3.3720833
"TOI-532 b","TOI-532",1,5.82000000,0.19350064,,135.04700000,85.0800537,11.5626373
"TOI-431 b","TOI-431",1,1.28000000,0.00965930,,32.56860000,83.2692502,-26.7238698
"TOI-431 c","TOI-431",1,,0.00890418,,32.56860000,83.2692502,-26.7238698
"TOI-431 d","TOI-431",1,3.29000000,0.03114888,,32.56860000,83.2692502,-26.7238698
"COCONUTS-2 b","COCONUTS-2 A",1,12.57647635,7.50000000,,10.88640000,117.3009140,-76.7026960
"TOI-2202 b","TOI-2202",1,10.95117414,0.90400000,,235.93300000,51.2284214,-73.9575458
"TOI-2202 c","TOI-2202",1,,0.36900000,"K8 V",235.93300000,51.2284214,-73.9575458
"L 98-59 e","L 98-59",1,,0.00887271,"M3 V",10.61940000,124.5328604,-68.3144658
"K2-331 b","K2-331",1,1.79000000,,,211.43000000,132.7376431,13.1702690
"K2-350 b","K2-350",1,1.54000000,,,489.36800000,204.0355092,-14.0092516
"K2-352 b","K2-352",1,1.37000000,,,176.05100000,140.4451478,18.4696280
"K2-353 b","K2-353",1,5.55000000,,,268.51500000,201.6168564,-2.2819018
"KMT-2019-BLG-1715L b","KMT-2019-BLG-1715L",1,,2.56000000,,3860.00000000,270.3717083,-28.7771389
"KMT-2018-BLG-1025L b","KMT-2018-BLG-1025L",1,,0.01906375,,6705.00000000,269.8664167,-27.8780611
"TOI-1518 b","TOI-1518",1,21.05046575,1.83000000,,225.88800000,352.2675207,67.0348062
"TIC 172900988 b","TIC 172900988 Aa",2,11.25000000,2.96386345,"F9",250.95600000,128.6616644,31.5539793
"K2-355 b","K2-355",1,2.25000000,,,500.49700000,124.6426189,13.5027816
"K2-356 b","K2-356",1,2.29000000,,,355.54000000,128.3219134,13.6613758
"K2-357 b","K2-357",1,3.72000000,,,517.68700000,131.9386628,16.3289144
"K2-358 b","K2-358",1,2.68000000,,,480.30700000,133.8081054,18.9497263
"HD 22496 b","HD 22496",1,,0.01752518,,13.59560000,53.7565398,-48.4178173
"OGLE-2018-BLG-0567L b","OGLE-2018-BLG-0567L",1,,0.32000000,,7060.00000000,269.0184167,-27.9871111
"OGLE-2018-BLG-0962L b","OGLE-2018-BLG-0962L",1,,1.34000000,,6500.00000000,268.1747917,-32.3092500
"TOI-1201 b","TOI-1201",2,2.41500000,0.01975909,"M2.0 V",37.88710000,42.2476999,-14.5372835
"GPX-1 b","GPX-1",1,16.47720163,19.70000000,"F2",655.01300000,38.3691648,56.0257080
"TOI-558 b","TOI-558",1,12.17295304,3.61000000,"F V",402.63000000,42.2915093,-58.0246828
"TOI-559 b","TOI-559",1,12.22899794,6.01000000,"G V",233.26600000,46.8186159,-31.1629951
"TIC 257060897 b","TIC 257060897",1,17.26183028,0.63400000,"F",505.70300000,227.5321527,72.7103128
"TOI-1431 b","TOI-1431",1,16.70138124,3.12000000,"Am C",148.92500000,316.2036922,55.5880221
"KMT-2018-BLG-1743L b","KMT-2018-BLG-1743L",1,,0.24500000,,6483.00000000,274.2833750,-26.3596389
"TOI-530 b","TOI-530",1,9.30345398,0.40000000,"M0.5 V",148.76200000,103.4128333,12.8815784
"Kepler-1748 b","Kepler-1748",1,2.71275017,,,1083.28000000,285.9678970,45.7390789
"TOI-1789 b","TOI-1789",1,16.14093221,0.70000000,"F",229.06700000,142.7434060,26.5399951
"TOI-1296 b","TOI-1296",1,14.11645916,0.29984733,,323.26500000,256.7706392,70.2384806
"TOI-1298 b","TOI-1298",1,9.65807033,0.31148883,,319.03600000,241.3229012,70.1900397
"HD 63935 b","HD 63935",1,2.91575244,0.03303669,,48.97390000,117.9246417,9.3852412
"HD 63935 c","HD 63935",1,3.06451296,0.03492451,,48.97390000,117.9246417,9.3852412
"TOI-3362 b","TOI-3362",1,12.80065596,5.02900000,,366.98700000,155.9841428,-56.8431169
"OGLE-2018-BLG-1185L b","OGLE-2018-BLG-1185L",1,,0.02642936,,7400.00000000,269.7927500,-27.8350833
"HD 25723 b","HD 25723",1,,2.50000000,"K1 III",114.81600000,61.0947182,-12.7922241
"17 Sco b","17 Sco",1,,4.32000000,"K3 III",124.95300000,243.4620874,-11.8377905
"GJ 9689 b","GJ 9689",1,,0.03036230,"M0.5",30.62030000,303.4677310,13.3888921
"EPIC 201427007 b","EPIC 201427007",1,1.50000000,,,706.39100000,184.6021322,-0.5512886
"EPIC 212624936 b","EPIC 212624936",1,1.20000000,,,561.92900000,210.6376171,-10.0236852
"EPIC 220492298 b","EPIC 220492298",1,0.99000000,,,624.51200000,16.7615005,6.5887980
"TOI-2285 b","TOI-2285",1,1.77000000,,,42.40900000,332.5632644,58.7060934
"CD Cet b","CD Cet",1,,0.01242809,"M5.0 V",8.60715000,48.3530155,4.7751881
"LHS 1678 b","LHS 1678",2,0.68500000,,"M2.0 V",19.87820000,68.1789866,-39.7908744
"LHS 1678 c","LHS 1678",2,0.94100000,,"M2.0 V",19.87820000,68.1789866,-39.7908744
"HD 39194 b","HD 39194",1,,0.01453615,,26.41310000,86.1290710,-70.1382377
"HD 39194 c","HD 39194",1,,0.02356618,,26.41310000,86.1290710,-70.1382377
"HD 39194 d","HD 39194",1,,0.01623518,,26.41310000,86.1290710,-70.1382377
"Kepler-294 c","Kepler-294",1,2.71000000,,,1357.01000000,287.3920392,46.0592578
"HD 93385 b","HD 93385",1,,0.01321468,"G2/G3 V",43.34750000,161.5627065,-41.4646040
"HD 93385 c","HD 93385",1,,0.02233910,"G2/G3 V",43.34750000,161.5627065,-41.4646040
"HD 93385 d","HD 93385",1,,0.02737326,"G2/G3 V",43.34750000,161.5627065,-41.4646040
"HD 96700 b","HD 96700",1,,0.02800253,"G0 V",25.41110000,166.9742616,-30.1751383
"HD 96700 c","HD 96700",1,,0.01101223,"G0 V",25.41110000,166.9742616,-30.1751383
"HD 96700 d","HD 96700",1,,0.03995867,"G0 V",25.41110000,166.9742616,-30.1751383
"HD 154088 b","HD 154088",1,,0.02076592,"K0 IV-V",18.26920000,256.1164214,-28.5838342
"HD 189567 b","HD 189567",1,,0.02674399,"G3 V",17.90550000,301.3959616,-67.3237992
"HD 189567 c","HD 189567",1,,0.02202446,"G3 V",17.90550000,301.3959616,-67.3237992
"HIP 97166 b","HIP 97166",1,2.48013380,0.06009532,,65.95010000,296.2446203,74.0628577
"Kepler-1747 b","Kepler-1747",1,4.26508000,,,1321.38000000,284.2096557,45.2580820
"HIP 97166 c","HIP 97166",1,,0.02517081,,65.95010000,296.2446203,74.0628577
"TOI-2257 b","TOI-2257",1,2.19400000,,"M3",57.79110000,194.7396141,77.6617157
"KMT-2016-BLG-2605L b","KMT-2016-BLG-2605L",1,,0.77100000,,6421.00000000,269.8230833,-26.9820000
"HD 29399 b","HD 29399",1,,1.57000000,"K1 III",44.15180000,68.3903471,-62.8237576
"OGLE-2019-BLG-0304L b","OGLE-2019-BLG-0304L",2,,0.51000000,,6980.00000000,264.0267083,-26.1459889
"HD 207897 b","HD 207897",1,2.34302132,0.04656601,,28.29380000,325.2016451,84.3337613
"HD 137496 b","HD 137496",1,1.31000000,0.01271126,"G",155.31700000,231.7420543,-16.5090014
"HD 137496 c","HD 137496",1,,7.66000000,"G",155.31700000,231.7420543,-16.5090014
"K2-388 b","K2-388",1,3.90000000,,,290.49500000,352.7139342,-11.0773564
"K2-389 b","K2-389",1,2.33000000,,,259.20800000,355.6304152,-9.7135814
"K2-389 c","K2-389",1,2.04000000,,,259.20800000,355.6304152,-9.7135814
"K2-390 b","K2-390",1,4.66200000,,,456.12200000,355.7023860,-9.5887124
"K2-391 b","K2-391",1,1.37100000,,,507.94000000,356.2260152,-7.7015151
"K2-392 b","K2-392",1,1.85000000,,,406.98500000,354.6499065,-7.4788816
"Kepler-1990 b","Kepler-1990",1,3.27000000,,,392.73900000,299.7047433,44.4357068
"K2-370 b","K2-370",1,2.67000000,0.03492451,"G5 V",144.20200000,67.8205302,19.8316901
"K2-395 b","K2-395",1,2.59700000,,,286.72700000,70.4438684,16.6743415
"K2-395 c","K2-395",1,3.39500000,,,286.72700000,70.4438684,16.6743415
"K2-396 b","K2-396",1,1.57900000,,,274.86400000,74.6928607,17.2690562
"K2-397 b","K2-397",1,2.41700000,,,199.35400000,79.9516586,21.2591617
"Kepler-826 b","Kepler-826",1,1.25000000,,,779.59600000,284.8601128,39.2405076
"K2-398 b","K2-398",1,2.27400000,,,606.99200000,161.7349738,1.9367044
"K2-398 c","K2-398",1,5.09800000,,,606.99200000,161.7349738,1.9367044
"K2-400 b","K2-400",1,1.16300000,,,62.38040000,154.5110307,3.6969271
"K2-401 b","K2-401",1,2.26200000,,,200.72700000,154.9876040,3.9548275
"Kepler-825 b","Kepler-825",1,1.53000000,,,807.85000000,294.7698250,39.3984081
"K2-402 b","K2-402",1,2.67800000,,,523.05500000,161.4519130,6.4193180
"K2-403 b","K2-403",1,5.33300000,,,246.59900000,164.1893864,9.6739464
"K2-404 b","K2-404",1,2.53000000,,,121.63000000,160.3249517,12.1911149
"Kepler-824 b","Kepler-824",1,1.87000000,,,1201.40000000,290.4774060,39.7319975
"K2-405 b","K2-405",1,4.56900000,,,197.23400000,164.3759959,12.5356140
"K2-406 b","K2-406",1,4.60200000,,,85.37510000,230.8872242,-25.3706149
"Kepler-823 b","Kepler-823",1,1.57000000,,,1389.27000000,284.5825682,39.2201737
"K2-407 b","K2-407",1,1.28300000,,,218.37600000,232.5552584,-23.0067371
"K2-407 c","K2-407",1,1.36000000,,,218.37600000,232.5552584,-23.0067371
"Kepler-822 b","Kepler-822",1,1.77000000,,,860.39100000,292.2760929,39.5501136
"K2-408 b","K2-408",1,1.67700000,,,162.30600000,227.9168555,-17.6842698
"Kepler-821 b","Kepler-821",1,1.31000000,,,614.57100000,285.6173937,39.3794684
"K2-409 b","K2-409",1,2.48200000,,,431.03100000,228.4551125,-16.3512966
"K2-374 b","K2-374",1,1.59300000,,,359.43900000,137.3794986,16.3558324
"K2-374 c","K2-374",1,2.21300000,,,359.43900000,137.3794986,16.3558324
"Kepler-58 b","Kepler-58",1,2.78000000,0.11169549,,969.25200000,296.3586251,39.1152033
"K2-376 b","K2-376",1,1.73600000,,,161.61000000,132.7193327,25.0380824
"Kepler-498 b","Kepler-498",1,3.03000000,,,938.84400000,290.3581592,44.5187225
"Kepler-820 b","Kepler-820",1,6.09000000,,,1387.20000000,291.0201523,39.2206091
"GJ 367 b","GJ 367",1,0.73600000,0.00158261,"M V",9.41263000,146.1214640,-45.7790165
"TOI-2109 b","TOI-2109",1,15.09849700,5.02000000,"F",262.04100000,253.1862971,16.5799153
"TOI-1842 b","TOI-1842",1,12.34850230,0.28128386,,223.46500000,201.9626552,9.0306437
"2M0437 b","2MASS J04372171+2651014",1,,4.00000000,"M V",128.48400000,69.3405531,26.8502997
"HATS-74 A b","HATS-74 A",2,11.56766808,1.46000000,,299.38900000,171.0147921,-19.5569588
"HATS-75 b","HATS-75",1,9.90873894,0.49100000,,194.96400000,60.9493919,-25.4089214
"HATS-76 b","HATS-76",1,12.09449018,2.62900000,,385.68900000,70.3397665,-32.3204175
"HATS-77 b","HATS-77",1,13.05846252,1.37400000,,436.17600000,149.8236672,-27.3928174
"Kepler-1708 b","Kepler-1708",1,9.96000000,4.60000000,,1666.69000000,296.8241065,43.6248197
"Kepler-1705 c","Kepler-1705",1,2.05000000,0.01705323,,1633.49000000,301.5785316,44.3121639
"Kepler-288 c","Kepler-288",1,2.85000000,,,1194.15000000,288.9163997,39.5947523
"BD+60 1417 b","BD+60 1417",1,14.68376472,15.00000000,"K0",44.95430000,190.8875453,60.0143636
"HD 360 b","HD 360",1,,0.75000000,"G8 III",111.54200000,2.0729030,-8.8242618
"HD 10975 b","HD 10975",1,,0.45000000,"K0 III",116.50600000,27.1628025,37.9527542
"HD 79181 b","HD 79181",1,,0.64000000,"G8 III",103.33500000,137.9944736,-19.7474341
"HD 99283 b","HD 99283",1,,0.97000000,"K0 III",111.09300000,171.4874082,55.8506653
"ups Leo b","ups Leo",1,,0.51000000,"G9 III",52.59730000,174.2372188,-0.8235643
"HD 161178 b","HD 161178",1,,0.57000000,"G9 III",107.18800000,264.2873565,72.4558590
"HD 219139 b","HD 219139",1,,0.78000000,"G5 III",104.93500000,348.3604055,11.0649832
"gam Psc b","gam Psc",1,,1.34000000,"G7 III",41.31070000,349.2946794,3.2823664
"HIP 5763 b","HIP 5763",1,,0.51000000,"K6 V",31.90430000,18.4953430,16.4942738
"HIP 34222 b","HIP 34222",1,,0.83000000,"K7 V",22.83860000,106.4257786,27.4704132
"HIP 86221 b","HIP 86221",1,,0.71000000,"K5 V",29.48980000,264.2948750,27.8963910
"OGLE-2019-BLG-0960L b","OGLE-2019-BLG-0960L",1,,0.00786588,,980.00000000,274.0142917,-25.7746667
"TOI-2180 b","TOI-2180",1,11.32107051,2.75500000,"G5",116.68500000,277.9436300,56.6506789
"OGLE-2018-BLG-0383L b","OGLE-2018-BLG-0383L",1,,0.02013665,,7700.00000000,268.6807500,-28.7392778
"LTT 1445 A c","LTT 1445 A",3,1.14700000,0.00484538,,6.86929000,45.4624781,-16.5944956
"KMT-2021-BLG-0322L b","KMT-2021-BLG-0322L",2,,6.40000000,,6600.00000000,270.9116667,-29.6043889
"OGLE-2018-BLG-0532L b","OGLE-2018-BLG-0532L",1,,0.01959548,,773.00000000,269.9834167,-28.9977500
"b Cen AB b","b Cen A",2,,10.90000000,"B2.5 V",98.09350000,220.4897992,-37.7936323
"TOI-1064 b","TOI-1064",1,2.58700000,0.04247575,,68.07260000,296.0039349,-47.5620305
"TOI-1064 c","TOI-1064",1,2.65100000,0.00786588,,68.07260000,296.0039349,-47.5620305
"HD 22532 b","HD 22532",1,,2.12000000,"G8 III/IV",161.18300000,53.8148478,-49.4172669
"HD 64121 b","HD 64121",1,,2.56000000,"G8/K0 III",129.96600000,117.3651424,-54.8126136
"HD 69123 b","HD 69123",1,,3.04000000,"K1 III",75.11600000,123.5549900,-35.4899246
"TOI-2184 b","TOI-2184",1,11.39953337,0.65000000,,788.31700000,100.8331246,-66.9476563
"TOI-1268 b","TOI-1268",1,9.10000000,0.30330832,"K1-K2",109.55700000,198.3885831,62.3053799
"TOI-2337 b","TOI-2337",1,10.08808263,1.60000000,,536.04600000,290.6198948,60.8539035
"Kepler-819 b","Kepler-819",1,2.76000000,,,664.30600000,295.3708312,39.1772925
"TOI-4329 b","TOI-4329",1,16.81347105,0.45000000,,717.12800000,329.5639152,71.1316048
"TOI-2669 b","TOI-2669",1,19.72780603,0.61000000,,393.44300000,134.7226445,-13.3125792
"TOI-206 b","TOI-206",1,1.30000000,,,47.74650000,73.7382202,-62.5218740
"TOI-500 b","TOI-500",1,1.16600000,0.00446782,"K6 V",47.39240000,106.5590980,-47.5878156
"TOI-544 b","TOI-544",1,2.01800000,0.00909296,,41.11660000,82.2900716,-0.3428983
"TOI-833 b","TOI-833",1,1.27000000,,,41.71480000,145.6454720,-62.4758857
"TOI-1075 b","TOI-1075",1,1.79100000,0.03130620,"K9 V/M0 V",61.45920000,309.9712091,-65.4496994
"TOI-1411 b","TOI-1411",1,1.19880592,0.00629270,,32.47780000,232.9460470,47.0555507
"TOI-1442 b","TOI-1442",1,1.17000000,,,41.16590000,287.2921006,74.1742762
"TOI-1693 b","TOI-1693",1,1.41000000,,,30.79470000,90.3083455,34.7730904
"TOI-1860 b","TOI-1860",1,1.31000000,,"G V",45.86400000,226.4567308,64.0476821
"TOI-2260 b","TOI-2260",1,1.62000000,,"G V",101.25100000,247.6669998,49.0467891
"TOI-2411 b","TOI-2411",1,1.68000000,,,59.53620000,20.9224567,-8.7017944
"TOI-2427 b","TOI-2427",1,1.80000000,,,28.51470000,52.2917315,-31.3628665
"TOI-2445 b","TOI-2445",1,1.25000000,,,48.58200000,43.3161555,0.0523366
"GJ 3929 b","GJ 3929",1,1.09000000,0.00550612,,15.80950000,239.5775678,35.4081141
"TOI-1759 b","TOI-1759",1,3.14000000,0.03398060,"M0.0 V",40.06540000,326.8516615,62.7538164
"KMT-2017-BLG-2509L b","KMT-2017-BLG-2509L",1,,2.09000000,,7040.00000000,265.5898750,-26.3171500
"OGLE-2017-BLG-1099L b","OGLE-2017-BLG-1099L",1,,3.02000000,,7250.00000000,263.9642500,-29.5858611
"OGLE-2019-BLG-0299L b","OGLE-2019-BLG-0299L",1,,6.22000000,,5830.00000000,266.6794583,-23.5843111
"KMT-2021-BLG-0912L b","KMT-2021-BLG-0912L",1,,0.00884125,"K",5560.00000000,269.8211667,-31.9976389
"KMT-2018-BLG-1988L b","KMT-2018-BLG-1988L",1,,0.01749372,,4150.00000000,265.2825417,-35.5947000
"K2-384 b","K2-384",1,1.07600000,,"M4 V",82.66030000,20.4998403,0.7509701
"K2-396 c","K2-396",1,3.12400000,,,274.86400000,74.6928607,17.2690562
"WASP-189 b","WASP-189",1,18.14733975,1.99000000,,99.73100000,225.6867320,-3.0314874
"HD 73583 b","HD 73583",1,2.79000000,0.03209279,"K4 V",31.56660000,129.6883026,-13.2565267
"HD 73583 c","HD 73583",1,2.39000000,0.03051961,"K4 V",31.56660000,129.6883026,-13.2565267
"TOI-1670 b","TOI-1670",1,2.06000000,0.13000000,"F7 V",168.06700000,259.0172522,72.1611806
"TOI-1670 c","TOI-1670",1,11.06326395,0.63000000,"F7 V",168.06700000,259.0172522,72.1611806
"HD 191939 e","HD 191939",1,,0.35302068,"G9 V",53.60890000,302.0256247,66.8503014
"HD 191939 f","HD 191939",1,,2.88000000,,53.60890000,302.0256247,66.8503014
"OGLE-2014-BLG-0319L b","OGLE-2014-BLG-0319L",1,,0.57000000,"M",7730.00000000,266.9611667,-33.9350444
"TOI-1227 b","TOI-1227",1,9.57246952,,"M4.5V-M5V",100.64100000,186.7673635,-72.4518501
"Kepler-818 b","Kepler-818",1,5.11000000,,,925.03700000,296.2351072,39.3702865
"AB Aur b","AB Aur",1,,9.00000000,,162.12700000,73.9410446,30.5510888
"TOI-620 b","TOI-620",1,3.76000000,,"M2.5 V",33.02310000,142.1734459,-12.1671652
"GJ 514 b","GJ 514",1,,0.01636103,"M0.5-1.0 V",7.61778000,202.5040424,10.3725387
"Kepler-451 c","2MASS J19383260+4603591",2,,1.61000000,,396.33200000,294.6359173,46.0664076
"Kepler-817 b","Kepler-817",1,9.03000000,,,1484.46000000,296.0818498,39.1616140
"Kepler-451 d","2MASS J19383260+4603591",2,,1.76000000,,396.33200000,294.6359173,46.0664076
"pi Men d","HD 39091",1,,0.04209819,,18.27020000,84.2992798,-80.4646041
"TYC 2187-512-1 b","TYC 2187-512-1",1,,0.33000000,"M1.0 V",15.47440000,320.5266829,22.9319351
"iot Dra c","iot Dra",1,,15.60000000,"K2 III",31.32832000,231.2323227,58.9661403
"TOI-1246 b","TOI-1246",1,3.01000000,0.02548545,"K V",169.42200000,251.1158702,70.4299917
"TOI-1246 c","TOI-1246",1,2.45109846,0.02863180,,169.42200000,251.1158702,70.4299917
"TOI-1246 d","TOI-1246",1,3.43139739,0.01699030,,169.42200000,251.1158702,70.4299917
"TOI-1246 e","TOI-1246",1,3.51418750,0.04562210,,169.42200000,251.1158702,70.4299917
"TOI-1696 b","TOI-1696",1,3.09000000,0.15354197,"M5V",64.91720000,65.2806480,48.8198312
"TOI-2136 b","TOI-2136",1,2.19000000,0.02004226,"M4.5 V",33.36310000,281.1763433,36.5631318
"HIP 94235 b","HIP 94235",2,3.00000000,1.19246736,"G V",58.51460000,287.7411441,-60.2726358
"TOI-1710 b","TOI-1710",2,5.06000000,0.06009532,,81.22710000,94.2838373,76.2110200
"HD 103891 b","HD 103891",1,,1.44000000,"F9",55.52130000,179.4382907,-8.5486195
"HD 105779 b","HD 105779",1,,0.64000000,"G2",55.24110000,182.6612053,-16.9564908
"TOI-500 c","TOI-500",1,,0.01582615,"K6 V",47.39240000,106.5590980,-47.5878156
"TOI-500 d","TOI-500",1,,0.10420717,"K6 V",47.39240000,106.5590980,-47.5878156
"TOI-500 e","TOI-500",1,,0.04735260,"K6 V",47.39240000,106.5590980,-47.5878156
"TOI-1181 b","TOI-1181",1,17.02644168,1.17900000,,302.81900000,297.2158166,64.3543506
"TOI-1516 b","TOI-1516",1,15.24421375,3.16000000,"F8 V",247.05400000,340.0846204,69.5037313
"TOI-2046 b","TOI-2046",1,16.14093221,2.30000000,"F8 V",289.66800000,16.1849423,74.3313055
"WASP-132 c","WASP-132",1,1.84100000,0.01969616,"K4 V",122.91000000,217.6091998,-46.1595160
"Kepler-1656 c","Kepler-1656",1,,0.40000000,,185.87500000,284.4722473,39.9118890
"Gaia-1 b","Gaia-1",1,13.77583728,1.68000000,,363.66000000,90.6436658,-0.5771099
"Gaia-2 b","Gaia-2",1,14.81827249,0.81700000,,209.22900000,110.7353308,67.2526565
"TOI-1107 b","TOI-1107",1,14.57167491,3.35000000,"F6 V",281.31400000,155.6078632,-82.2188693
"Ross 508 b","Ross 508",1,,0.01258541,"M4.5 V",11.21030000,230.9613022,17.4605347
"HD 83443 c","HD 83443",1,,1.50000000,"K0 V",40.89910000,144.2994103,-43.2727210
"mu2 Sco b","mu2 Sco",1,,14.40000000,"B2 IV",,253.0838724,-38.0176339
"HD 28109 b","HD 28109",1,2.69000000,0.01950738,"F8",139.61100000,65.2383065,-68.1026875
"HD 28109 c","HD 28109",1,4.13000000,0.02894644,"F8",139.61100000,65.2383065,-68.1026875
"Kepler-816 b","Kepler-816",1,10.24000000,,,983.69700000,293.3628165,39.2124394
"HD 28109 d","HD 28109",1,3.11000000,0.01824884,"F8",139.61100000,65.2383065,-68.1026875
"HD 260655 b","HD 260655",1,1.24000000,0.00673319,"M0 V",10.00550000,99.2915429,17.5662696
"HD 260655 c","HD 260655",1,1.53300000,0.00972223,"M0 V",10.00550000,99.2915429,17.5662696
"HD 33142 d","HD 33142",1,,0.20000000,"K0 III",121.37500000,76.8980559,-13.9863374
"HD 19615 b","HD 19615",1,,8.50000000,"K0",265.15500000,48.7813299,73.8680150
"HD 150010 b","HD 150010",1,,2.40000000,"K2 III",144.49000000,247.8670682,72.6125804
"HD 174205 b","HD 174205",1,,4.20000000,"K2",234.02700000,280.7932014,70.7928237
"TOI-3714 b","TOI-3714",2,11.32107051,0.70000000,"M2",112.71000000,69.5523415,39.4580035
"TOI-3629 b","TOI-3629",1,8.29464572,0.26000000,"M1",130.09100000,359.7933851,39.3142556
"TOI-4479 b","TOI-4479",1,2.82000000,,"M3.0",80.65320000,316.0969388,24.6536739
"TOI-2081 b","TOI-2081",1,2.04000000,,"M1.0",62.34460000,264.3022634,53.0255666
"TOI-1272 b","TOI-1272",1,4.26000000,0.07582708,"K2 V - K3 V",137.57200000,199.1962036,49.8610591
"KOI-984 c","KOI-984",1,,0.66010462,,252.66700000,291.0489438,36.8400772
"TOI-5153 b","TOI-5153",1,11.88151954,3.26000000,"F8 V",390.48400000,91.5403204,-19.9534443
"NGTS-20 b","NGTS-20",1,11.99360935,2.98000000,"G1 IV",382.89800000,46.2926368,-21.9336472
"HIP 21152 b","HIP 21152",2,,24.00000000,"F5 V",43.40730000,68.0205209,5.4100745
"TOI-1422 b","TOI-1422",1,3.83000000,0.02989034,"G2 V",155.14100000,354.2408290,39.6392793
"GJ 3512 c","GJ 3512",1,,0.45300000,"M5.5 V",9.48637000,130.3316616,59.4918364
"CoRoT-7 d","CoRoT-7",1,,0.05393476,"G9 V",159.90600000,100.9561682,-1.0630076
"CoRoT-35 b","CoRoT-35",1,18.83108758,1.10000000,"F6 V",1123.21000000,289.3143526,-2.7747085
"CoRoT-36 b","CoRoT-36",1,15.80466279,0.68000000,"F3 V",925.95800000,277.7510149,7.1833465
"GJ 3929 c","GJ 3929",1,,0.01796567,,15.80950000,239.5775678,35.4081141
"HD 93963 A b","HD 93963 A",2,1.46954368,0.00880979,,82.34320000,162.7766969,25.6410650
"HD 93963 A c","HD 93963 A",2,3.11976057,0.05789287,,82.34320000,162.7766969,25.6410650
"KMT-2020-BLG-0414L b","KMT-2020-BLG-0414L",1,,0.00588368,"WD",1220.00000000,271.9150000,-28.4852222
"KMT-2020-BLG-0414L c","KMT-2020-BLG-0414L",1,,27.00000000,"WD",1220.00000000,271.9150000,-28.4852222
"TOI-128.01","TOI-128",1,2.21898000,,,68.47270000,79.5209381,-80.9643840
"TOI-139 b","TOI-139",1,2.45660000,,,42.40610000,336.4024144,-34.9097131
"Kepler-1743 b","Kepler-1743",1,1.59887007,,,538.80700000,290.5523552,48.1262575
"Kepler-18 c","Kepler-18",1,5.49000000,0.05400000,,433.04700000,298.0794448,44.7462480
"TOI-159 b","TOI-159",2,18.18000000,3.49000000,"F0 V",347.59300000,51.7822676,-78.5498308
"Kepler-815 b","Kepler-815",1,4.11000000,,,1259.28000000,285.2211238,47.8813037
"GJ 3090 b","GJ 3090",1,2.18000000,0.01422151,"M2 V",22.47510000,20.4384281,-46.7147234
"HD 18599 b","HD 18599",2,2.60000000,0.07582708,"K2 V",38.56530000,44.2620144,-56.1918694
"TOI-181 b","TOI-181",1,6.95590000,0.14520000,"K",96.23380000,352.1725409,-34.4914099
"TOI-199 b","TOI-199",1,9.07927437,0.17000000,"G9 V",102.27000000,80.1058735,-59.8954326
"Kepler-814 b","Kepler-814",1,2.12000000,,,2055.77000000,284.9105256,48.4315896
"TOI-205 b","TOI-205",1,2.50121142,,,177.75900000,7.9754636,-56.9650808
"TOI-209 b","TOI-209",1,2.39472090,,,113.38700000,19.3941777,-66.9030660
"Kepler-1667 b","Kepler-1667",1,2.98385261,,,626.81900000,283.5329505,48.0943604
"Kepler-813 b","Kepler-813",1,2.14000000,,,,285.6626752,48.4353251
"Kepler-812 b","Kepler-812",1,3.55000000,,,1482.74000000,288.8552821,48.2085170
"TOI-238 b","TOI-238",1,1.55900000,0.01060321,"K2 V",80.54070000,349.2310814,-18.6066463
"TOI-244 b","TOI-244",1,1.52000000,0.00843222,"M2.5 V",22.03370000,10.5697537,-36.7179743
"Kepler-811 b","Kepler-811",1,2.70000000,,,985.04100000,285.4241593,47.8345586
"TOI-261.01","TOI-261",1,3.04498630,,,114.49500000,15.2181412,-24.4239934
"TOI-261.02","TOI-261",1,3.34822227,,,114.49500000,15.2181412,-24.4239934
"TOI-262 b","TOI-262",1,2.07000000,,"K0 V",43.93200000,32.5346870,-31.0706272
"HIP 8152 b","HIP 8152",1,2.53625843,0.02800253,,101.69400000,26.2092533,-18.4013844
"Kepler-287 c","Kepler-287",1,3.26000000,,,835.86000000,290.9274282,48.4434588
"HIP 8152 c","HIP 8152",1,2.52442508,0.03366596,,101.69400000,26.2092533,-18.4013844
"TOI-277 b","TOI-277",1,2.65000000,,,64.66920000,19.0766985,-20.9532772
"Kepler-286 b","Kepler-286",1,1.24000000,,,1226.85000000,290.6761874,48.2942362
"TOI-283 b","TOI-283",1,2.34000000,0.02057714,"K",82.70130000,118.5693065,-65.4414820
"TOI-286 b","TOI-286",1,1.42000000,0.01425297,"K3 V",59.22930000,90.9842762,-60.6663348
"TOI-286 c","TOI-286",1,1.88000000,0.01170443,"K3 V",59.22930000,90.9842762,-60.6663348
"Kepler-69 b","Kepler-69",1,2.24000000,,"G4 V",730.62500000,293.2609013,44.8688656
"Kepler-285 b","Kepler-285",1,1.34000000,,,824.31000000,291.3908469,48.0655392
"Kepler-810 b","Kepler-810",1,1.93000000,,,1458.59000000,296.6148615,48.0825642
"Kepler-809 b","Kepler-809",1,3.01000000,,,961.40500000,289.0836324,48.0180689
"TOI-329 b","TOI-329",1,4.94057819,0.12711262,,284.38800000,351.3210955,-15.6346313
"TOI-332 b","TOI-332",1,3.20000000,0.17997133,"K0 V",222.85200000,348.0589516,-44.8764852
"Kepler-284 b","Kepler-284",1,2.24000000,,,1031.95000000,293.1465698,47.7297053
"TOI-333 b","TOI-333",1,4.26000000,0.06324167,,352.26900000,353.3574989,-41.1715206
"Kepler-808 b","Kepler-808",1,1.46000000,,,,291.5941514,48.4454907
"Kepler-432 b","Kepler-432",2,12.83430500,5.41000000,,848.02300000,293.2822344,48.2859173
"Kepler-283 b","Kepler-283",1,2.13000000,,,468.09400000,293.6137413,47.8389380
"TOI-375 b","TOI-375",1,10.77183045,0.74500000,,396.21300000,47.1499034,-77.3833275
"Kepler-463 b","Kepler-463",1,3.05000000,,,394.80400000,298.9368228,44.8578644
"TOI-406.01","TOI-406",1,2.08000000,0.02067153,"M3",31.05970000,49.2626428,-42.2441492
"TOI-406 c","TOI-406",1,1.32000000,0.00654441,"M3",31.05970000,49.2626428,-42.2441492
"TOI-411 c","HD 22946",1,2.32800000,0.03058254,,62.77920000,54.8195380,-42.7630276
"TOI-411 b","HD 22946",1,1.36200000,0.04313648,,62.77920000,54.8195380,-42.7630276
"TOI-444 b","TOI-444",1,2.77000000,,"K1/2 V",57.39730000,64.1839982,-26.7664071
"HD 15906 b","HD 15906",1,2.24000000,,"K V",45.56210000,38.2712534,-10.3521780
"TOI-469.01","TOI-469",1,3.41000000,0.02863180,,68.19200000,93.0578446,-14.6493167
"TOI-470 b","TOI-470",1,4.34000000,,"G",130.46000000,94.0099043,-25.0314111
"TOI-480 b","TOI-480",1,2.85372018,0.06544412,,54.53060000,88.3784618,-16.2653974
"TOI-512 b","TOI-512",1,1.54000000,0.01123248,,67.39750000,96.6467023,-38.6072095
"TOI-521 b","TOI-521",1,1.98000000,0.01667566,"M3",60.94250000,123.3442567,12.2221079
"HD 25463 b","HD 25463",1,2.54535814,0.02737326,,45.61810000,60.7483361,9.2077676
"HD 25463 c","HD 25463",1,1.36354953,0.01352931,,45.61810000,60.7483361,9.2077676
"Kepler-806 b","Kepler-806",1,1.14000000,,,361.89600000,296.0071956,44.8535698
"Kepler-805 b","Kepler-805",1,2.89000000,,,638.49000000,293.2300178,45.0533640
"Kepler-1742 b","Kepler-1742",1,2.17824130,,,669.57300000,286.9668086,44.9924315
"TOI-615 b","TOI-615",1,18.97680433,0.43500000,"F2 V",360.40800000,133.4086892,-40.5437010
"TOI-622 b","TOI-622",1,9.23620010,0.30300000,"F6 V",123.29700000,125.3050544,-46.4842959
"Kepler-804 b","Kepler-804",1,1.94000000,,,649.65000000,293.3722109,44.7851812
"Kepler-282 d","Kepler-282",1,2.46000000,0.19200000,,1337.61000000,284.6772402,44.7976401
"TOI-654.01","TOI-654",1,2.37800000,0.02740472,"M2 V",57.75530000,164.7245509,-5.5475446
"TOI-663 b","TOI-663",1,2.27000000,0.01400127,"M1 V",64.23080000,160.0658525,-8.5110827
"Kepler-1991 c","Kepler-1991",1,2.57000000,,,855.82000000,285.0360506,45.0709909
"TOI-663 c","TOI-663",1,2.26000000,0.01148418,"M1 V",64.23080000,160.0658525,-8.5110827
"TOI-663 d","TOI-663",1,1.92000000,0.01636103,"M1 V",64.23080000,160.0658525,-8.5110827
"TOI-669 b","TOI-669",1,2.58606487,0.03146352,,142.86700000,158.9007013,-5.1813735
"TOI-672 b","TOI-672",1,5.31000000,0.16014931,"M0 V",66.90710000,167.9908627,-39.3281151
"Kepler-410 A b","Kepler-410 A",2,2.83800000,,,147.52700000,283.1510448,45.1400838
"Kepler-803 b","Kepler-803",1,3.79000000,,,639.77100000,299.2216728,44.6939033
"TOI-682.01","TOI-682",1,3.74186000,,,83.15480000,167.8854300,-22.0727803
"Kepler-421 b","Kepler-421",1,4.16000000,,"G9/K0",348.55800000,283.2568116,45.0876823
"TOI-697 b","TOI-697",1,2.35859364,,,93.77140000,69.7042208,-36.6813257
"Kepler-802 b","Kepler-802",1,3.54000000,,,780.58500000,286.0157998,45.0077413
"TOI-700 e","TOI-700",1,0.95300000,,"M2.5 V",31.12650000,97.0957165,-65.5786149
"TOI-707 b","TOI-707",1,2.41600000,,,130.95900000,98.7295889,-67.5372743
"TOI-712 b","TOI-712",1,2.04900000,,"K4.5 V",58.62120000,92.9361063,-65.8258386
"TOI-712 c","TOI-712",1,2.70100000,,"K4.5 V",58.62120000,92.9361063,-65.8258386
"TOI-712 d","TOI-712",1,2.47400000,,"K4.5 V",58.62120000,92.9361063,-65.8258386
"TOI-715 b","TOI-715",1,1.55000000,,"M4",42.40480000,113.8523276,-73.5774089
"Kepler-57 b","Kepler-57",1,3.13500000,0.07884758,,644.14000000,293.6413146,44.6570692
"TOI-733 b","TOI-733",1,1.99200000,0.01799713,"G",75.20920000,159.4093183,-40.8882590
"TOI-756 b","TOI-756",1,2.81000000,0.03092864,"M1 V",86.17590000,192.1037380,-45.4704709
"TOI-757 b","TOI-757",1,2.50000000,0.03303669,"K0 V",60.34180000,187.9948428,-35.5544523
"TOI-762 A b","TOI-762 A",2,8.33948164,0.25100000,,98.44580000,166.0747423,-47.8214964
"TOI-771 b","TOI-771",1,1.36000000,0.00777149,"M3",25.27880000,164.1138903,-72.9851736
"TOI-778 b","TOI-778",1,15.40000000,2.80000000,"F3 V",161.74300000,199.3338503,-15.2737046
"Kepler-801 b","Kepler-801",1,2.00000000,,,440.42600000,286.0751815,44.6646277
"TOI-782 b","TOI-782",1,2.73400000,0.06009532,,52.51220000,183.9203614,-18.9103377
"TOI-784 b","HD 307842",1,1.93000000,0.03042522,"G",64.59970000,159.3412205,-63.6556923
"TOI-791 b","TOI-791",1,11.13051784,0.02989034,"F7",341.22100000,118.4347574,-69.7017359
"Kepler-800 b","Kepler-800",1,2.85000000,,,1019.26000000,286.5747697,44.7951858
"TOI-799 b","TOI-799",1,2.06631784,,,158.52600000,98.4691249,-52.4602958
"TOI-808 b","TOI-808",1,2.20344362,,,98.18480000,133.7485497,-44.2886304
"TOI-815 b","TOI-815",2,2.94000000,0.02391227,"K3 V",59.71170000,155.8719377,-43.8349248
"WASP-108 b","WASP-108",1,15.13212395,,"F9",258.77700000,195.8281644,-49.6397727
"Kepler-799 b","Kepler-799",1,6.88000000,,,,287.1748966,44.8784754
"TOI-836.01","TOI-836",1,2.58700000,0.03020498,"K V",27.50240000,225.0798831,-24.4542022
"TOI-836 b","TOI-836",1,1.70400000,0.01425297,"K V",27.50240000,225.0798831,-24.4542022
"TOI-858 B b","TOI-858 B",2,14.06727078,1.10000000,"G0",250.48900000,60.1998256,-54.5929177
"Kepler-281 c","Kepler-281",1,5.31000000,,,1745.45000000,294.1081465,44.7706524
"TOI-871 b","TOI-871",1,1.66400000,,,68.04730000,74.7376264,-50.6274153
"KOI-1257 b","KOI-1257",2,10.54000000,1.45000000,"G5 V",,291.2250888,44.9272918
"TOI-880 c","TOI-880",1,4.95000000,,"K",60.66790000,94.1644734,-13.9873370
"TOI-880.02","TOI-880",1,2.19000000,,"K",60.66790000,94.1644734,-13.9873370
"TOI-883 b","TOI-883",1,7.17166228,,,102.63700000,103.3690609,-6.5078349
"Kepler-115 c","Kepler-115",1,2.60000000,,,623.60900000,297.7119299,45.2619850
"TOI-904 b","TOI-904",1,2.42600000,,,46.08910000,89.3712733,-83.1297264
"TOI-904 c","TOI-904",1,2.16700000,,,46.08910000,89.3712733,-83.1297264
"TOI-907.01","TOI-907",1,9.61588510,,,312.52900000,262.1834072,-62.8403830
"TOI-908 b","TOI-908",1,3.18600000,0.05077268,"G V",175.74800000,53.1594266,-81.2507450
"LHS 475 b","LHS 475",1,0.99100000,,"M3.5 V",12.48140000,290.2379403,-82.5597883
"TOI-912 b","TOI-912",1,1.93000000,0.01604639,"M3",26.10720000,229.3285665,-80.4733446
"TOI-913 b","TOI-913",1,2.45280000,,,65.17690000,234.5723244,-80.8034265
"TOI-921 b","TOI-921",1,3.53409617,,,294.01500000,99.6742038,-56.2205396
"TOI-929 b","TOI-929",1,2.68983343,,,114.42100000,45.9071657,-39.9307758
"TOI-938 b","TOI-938",1,4.82401567,,,215.03400000,63.0323442,-12.1188357
"TOI-941 b","TOI-941",1,6.51165317,,,263.38600000,78.3005249,6.5459146
"TOI-969 b","TOI-969",1,2.76500000,0.02863180,"K V",77.25540000,115.1366858,2.0985879
"Kepler-798 b","Kepler-798",1,2.39000000,,,972.27400000,292.4782785,42.1422821
"TOI-1011 b","TOI-1011",1,1.45000000,0.01271126,,52.62000000,113.9847611,-32.8419988
"TOI-1036 b","TOI-1036",1,6.28499593,,,184.01500000,157.8671116,-42.2404483
"Kepler-56 c","Kepler-56",1,9.80000000,0.57000000,,912.99400000,293.7583002,41.8718070
"Kepler-280 b","Kepler-280",1,1.45000000,,,780.36100000,291.3905325,42.1804735
"TOI-1052 b","TOI-1052",1,2.87000000,0.05317335,,129.80400000,337.5102738,-75.6465606
"TOI-1054.01","TOI-1054",1,2.43432000,,,88.43430000,302.1141738,-54.3175014
"TOI-1080 b","TOI-1080",1,1.20000000,0.03366596,"M4.0&plusmn;1.0 V",25.55900000,276.3683249,-52.2145730
"Kepler-797 b","Kepler-797",1,2.17000000,,,1315.26000000,297.2089078,41.7816450
"HD 109833 b","HD 109833",1,2.88800000,,,79.55610000,189.7758591,-74.5740205
"HD 109833 c","HD 109833",1,2.59000000,,,79.55610000,189.7758591,-74.5740205
"Kepler-279 c","Kepler-279",1,4.30000000,0.15500000,,1037.40000000,287.3912950,42.1948220
"TOI-1105 b","TOI-1105",1,3.05823658,,,79.52250000,146.0539694,-89.4715133
"TOI-1117 b","TOI-1117",1,2.46000000,0.02800253,"G5 V",167.59800000,273.6020606,-66.4199742
"TOI-1135 b","TOI-1135",1,9.91994792,0.18500000,,114.04800000,193.3963704,85.1294952
"TOI-1136 d","TOI-1136",1,,0.02627204,,84.53620000,192.1848981,64.8552755
"TOI-1136 c","TOI-1136",1,,0.01988494,,84.53620000,192.1848981,64.8552755
"TOI-1136 f","TOI-1136",1,,0.03051961,,84.53620000,192.1848981,64.8552755
"TOI-1136 e","TOI-1136",1,,0.01909836,,84.53620000,192.1848981,64.8552755
"TOI-1173 b","TOI-1173",2,9.19000000,0.08621004,"G9",132.35300000,197.6830975,70.7680117
"TOI-1174 b","TOI-1174",1,2.56200000,,,94.63750000,209.2171751,68.6182106
"TOI-1180 b","TOI-1180",1,3.07200000,,,72.02380000,214.5557741,82.1937642
"TOI-1184 b","TOI-1184",1,2.39000000,,,58.59460000,272.2045196,60.6787845
"TOI-1194 b","TOI-1194",1,8.71664516,0.37756222,,149.66700000,167.8214811,69.9647749
"TOI-1199 b","TOI-1199",1,10.51402390,0.23900000,,248.42700000,166.8806581,61.3525723
"TOI-1203.01","TOI-1203",1,2.91800000,0.02325154,"G3 V",64.99430000,168.2267358,-34.4069371
"Kepler-44 b","Kepler-44",1,12.22000000,1.00000000,"G2 IV",1188.00000000,300.1023512,45.7621918
"TOI-1221 b","TOI-1221",1,2.91000000,3.50000000,,138.41100000,107.9210254,-65.5088568
"TOI-1226 b","TOI-1226",1,2.41011120,,,257.93000000,103.7548364,-69.8671293
"HD 56414 b","HD 56414",1,3.71000000,,,272.21700000,107.8436846,-68.8333403
"TOI-1230.01","TOI-1230",1,3.23968384,,,143.13800000,118.1295936,-83.8250629
"TOI-1232 b","TOI-1232",1,10.92875618,0.69400000,"G1 V",328.60400000,116.5013990,-61.8797935
"TOI-1238 c","TOI-1238",1,2.11000000,0.02617765,"K7/M0",70.71450000,201.3823387,68.8360678
"TOI-1238 b","TOI-1238",1,1.21000000,0.01183028,"K7/M0",70.71450000,201.3823387,68.8360678
"TOI-1243 b","TOI-1243",1,2.33000000,0.02422691,"M2.0 V",43.18650000,135.7326412,71.6364158
"TOI-1244 b","TOI-1244",1,2.46700000,,,102.55100000,256.2795590,69.5190930
"HD 135694 b","HD 135694",1,2.85700000,,,73.87130000,227.8678636,71.8412965
"TOI-1248 b","TOI-1248",1,6.80848590,0.08621004,,168.73500000,259.0235918,63.1056072
"TOI-1249 b","TOI-1249",1,3.27103010,0.03744159,,139.49000000,200.5615762,66.3085331
"TOI-1269 b","TOI-1269",1,2.40144286,0.02013665,,172.13800000,249.6966397,64.5591810
"TOI-1269 c","TOI-1269",1,2.22999162,,,172.13800000,249.6966397,64.5591810
"TOI-1273 b","TOI-1273",1,11.09689089,0.22200000,,177.11800000,214.1208564,58.3902534
"Kepler-278 b","Kepler-278",1,3.95500000,0.17619570,"K2 III-IV",443.03000000,290.1072124,38.7022694
"TOI-1279 b","TOI-1279",1,2.66146528,0.03335133,,107.05500000,185.0628734,56.2014094
"Kepler-796 b","Kepler-796",1,1.30000000,,,817.58400000,287.3078999,39.1447097
"TOI-1288 b","TOI-1288",1,4.96846551,0.13875412,,114.86500000,313.1670294,65.6087833
"TOI-1291 b","TOI-1291",1,5.63826391,,,428.12300000,245.8180089,62.9251213
"TOI-1294 b","TOI-1294",1,10.12369881,0.20105188,,332.64800000,223.0926408,70.4765573
"TOI-1295 b","TOI-1295",1,15.69257298,1.42000000,"F",388.22700000,256.6722026,67.8715032
"TOI-1301.01","TOI-1301",1,2.47700000,,,90.86930000,275.8625432,71.5817479
"Kepler-795 b","Kepler-795",2,1.68000000,,,492.12200000,291.0189951,38.5455728
"Kepler-794 b","Kepler-794",1,2.11000000,,,931.19200000,288.1336793,38.9968923
"Kepler-504 b","Kepler-504",2,1.59000000,,,99.06880000,284.9219608,45.9723265
"Kepler-277 b","Kepler-277",1,2.92000000,0.27500000,,976.64300000,286.5831894,39.0772582
"TOI-1346 c","TOI-1346",1,2.23000000,,,115.45000000,256.6226752,68.8433031
"TOI-1346 b","TOI-1346",1,2.39000000,,,115.45000000,256.6226752,68.8433031
"TOI-1347 b","TOI-1347",1,1.80000000,0.03492451,,147.47600000,280.3266806,70.2900536
"TOI-1347 c","TOI-1347",1,1.60000000,0.02013665,,147.47600000,280.3266806,70.2900536
"Kepler-793 b","Kepler-793",1,1.37000000,,,985.69900000,295.2167334,38.7744269
"Kepler-792 b","Kepler-792",1,1.96000000,,,1425.47000000,292.0068239,38.8207001
"TOI-1386 b","TOI-1386",1,6.21638650,0.14410292,,146.85800000,334.5041029,54.3190454
"Kepler-791 b","Kepler-791",1,3.05000000,,,1266.34000000,293.5958044,39.0294267
"TOI-1408 b","TOI-1408",1,25.00000000,1.86578665,"F8 V",139.48400000,313.5110469,72.5806455
"TOI-1410.01","TOI-1410",1,3.10083009,0.03932940,,72.75120000,334.8828486,42.5603141
"TOI-1416 b","TOI-1416",1,1.62000000,0.01094930,"G9 V",55.01350000,216.9234892,41.9529862
"TOI-1420 b","TOI-1420",1,11.89000000,0.07897343,,201.91800000,322.9418092,66.3490054
"Kepler-790 b","Kepler-790",1,2.18000000,,,703.16800000,286.9171489,38.8722123
"HD 235088 b","HD 235088",1,1.98200000,0.01305736,"K V",41.17060000,300.6154535,53.3774418
"TOI-1437 b","TOI-1437",1,2.24000000,0.03020498,,103.29700000,256.1387513,56.8425490
"TOI-1438 b","TOI-1438",1,3.04000000,0.02957571,"K0 V",110.51300000,280.9237844,74.9378327
"TOI-1438 c","TOI-1438",1,2.75000000,0.03335133,"K0 V",110.51300000,280.9237844,74.9378327
"TOI-1439 b","TOI-1439",1,4.24278610,0.12113455,,230.30600000,241.7639371,67.8776404
"TOI-1443 b","TOI-1443",1,2.30381001,0.09439056,,85.80340000,297.3986780,76.1391776
"Kepler-41 b","Kepler-41",1,14.46000000,0.56000000,"G2 V",1093.08000000,294.5132465,45.9816453
"Kepler-789 b","Kepler-789",1,2.12000000,,,1480.16000000,295.9751549,38.9466396
"TOI-1448 b","TOI-1448",1,2.74900000,0.06135386,,73.33450000,316.3240030,57.7710946
"TOI-1450 A b","TOI-1450 A",2,1.13000000,0.00395811,"M3.0 V",22.44670000,286.8540627,59.0866254
"TOI-1451 b","TOI-1451",1,2.61143902,0.04782455,,91.93620000,186.5242821,61.2589289
"TOI-1452 b","TOI-1452",2,1.67200000,0.01516542,"M4 +/- 0.5 V",30.52120000,290.1739741,73.1951082
"TOI-1453 c","TOI-1453",2,2.22400000,0.00928174,,78.74150000,258.2232705,57.1977779
"TOI-1453 b","TOI-1453",2,1.17300000,0.00729954,,78.74150000,258.2232705,57.1977779
"Kepler-788 b","Kepler-788",1,2.55000000,,,1775.80000000,290.0004154,38.5398551
"TOI-1466 b","TOI-1466",1,2.46741991,,,86.57830000,307.3965319,61.5507253
"TOI-1467 b","TOI-1467",1,1.92000000,,,37.44180000,19.1146441,49.2331382
"TOI-1468 c","TOI-1468",1,2.12600000,0.01290004,,24.73990000,16.6538724,19.2249195
"TOI-1468 b","TOI-1468",1,1.40100000,0.00956491,,24.73990000,16.6538724,19.2249195
"TOI-1470 b","TOI-1470",1,2.18000000,0.02303130,"M1.5 V",51.95030000,10.0891431,61.2133868
"Kepler-276 c","Kepler-276",1,2.90000000,0.05200000,,1144.86000000,293.5681970,39.0363123
"HIP 9618 b","HIP 9618",1,3.82838127,0.02611472,,67.54780000,30.9050061,21.2813274
"HIP 9618 c","HIP 9618",1,3.42855926,0.02202446,,67.54780000,30.9050061,21.2813274
"TOI-1472 b","TOI-1472",1,4.05800000,0.05700000,,121.84000000,14.1142611,48.6375168
"HD 6061 b","HD 6061",2,2.42763557,0.03146352,,67.62030000,15.5981441,37.1854394
"Kepler-787 b","Kepler-787",1,1.28000000,,,503.56800000,291.6924773,38.5729105
"Kepler-1741 b","Kepler-1741",1,1.27300000,,,270.73900000,292.5770730,39.1209390
"Kepler-786 b","Kepler-786",1,2.43000000,,,485.31800000,293.7439223,38.9392217
"Kepler-275 c","Kepler-275",1,3.38000000,,,2034.25000000,292.4797004,38.5149018
"TOI-1533 b","TOI-1533",1,2.89000000,0.08841249,,100.05100000,355.2467209,57.4852417
"Kepler-465 b","Kepler-465",1,2.95000000,,,553.07700000,284.5557853,46.0638865
"Kepler-415 c","Kepler-415",1,,,,530.48700000,293.8045041,38.6390517
"Kepler-1740 b","Kepler-1740",1,3.32321414,,,1061.77000000,293.8736630,38.9224548
"HAT-P-47 b","HAT-P-47",1,14.71739166,0.20600000,"F",282.09600000,38.3080745,30.3604530
"TOI-1630.01","TOI-1630",1,2.41700000,,,66.09290000,352.0166759,75.5526069
"TOI-1648 b","TOI-1648",1,2.54000000,0.02330000,,69.83500000,45.4011794,69.2299235
"TOI-1659.01","TOI-1659",1,2.25500000,,,122.49400000,277.9251938,82.3059487
"TOI-1669 c","TOI-1669",1,2.29639770,0.04090257,,111.27600000,45.9564744,83.5874273
"Kepler-484 b","Kepler-484",1,2.28000000,,,382.13600000,284.3942844,46.2491109
"TOI-1680 b","TOI-1680",1,1.46600000,,"M4.5+/-0.5",37.22090000,292.3139790,65.9738018
"TOI-1683.01","TOI-1683",1,2.63820000,,,51.18840000,65.9796504,27.8223701
"TOI-1691 b","TOI-1691",1,3.66000000,,,111.44500000,272.4041179,86.8603430
"TOI-1694 b","TOI-1694",1,5.27000000,0.08885298,"K2 V - K3 V",124.68000000,97.7487104,66.3605956
"TOI-1695 b","TOI-1695",1,1.90000000,0.02001080,"M1 V",45.13090000,21.9217346,72.2966148
"TOI-1716.01","TOI-1716",1,3.14300000,,,104.15800000,105.0833291,56.8241941
"TOI-1718 b","TOI-1718",1,4.10824994,,,52.30440000,112.0180254,30.3217322
"TOI-1722 b","TOI-1722",1,4.38298108,,,136.41900000,114.3452126,61.1539249
"TOI-1723 b","TOI-1723",1,3.43500000,,,100.72700000,116.7971978,68.4766845
"LHS 1903 c","LHS 1903",1,2.04600000,0.01431590,"M",35.69170000,107.8658260,48.3279327
"LHS 1903 b","LHS 1903",1,1.38200000,0.01032003,"M",35.69170000,107.8658260,48.3279327
"LHS 1903 d","LHS 1903",1,2.50000000,0.01875226,"M",35.69170000,107.8658260,48.3279327
"TOI-1732 b","TOI-1732",1,2.49549787,,,74.75990000,111.8014509,53.0452684
"TOI-1736 b","TOI-1736",1,3.18175535,0.03870013,,88.94820000,43.4344615,69.1013450
"TOI-1739 b","TOI-1739",1,1.94600000,,,70.98190000,240.1724810,83.2586589
"TOI-1742 b","TOI-1742",1,2.36507598,0.03051961,,72.88710000,257.3288678,71.8766724
"TOI-1743 b","TOI-1743",1,1.83000000,,"M4 V",41.27580000,257.7473322,71.8722039
"TOI-1744.01","TOI-1744",1,2.68000000,,,114.39000000,294.2910707,60.8813020
"TOI-1750 b","TOI-1750",1,2.78943837,,,162.46000000,240.3019781,68.9373001
"TOI-1751 b","TOI-1751",1,2.95078450,0.06135386,,113.33500000,243.4888534,63.5335297
"TOI-1752 b","TOI-1752",1,1.69300000,,"M1.0&plusmn0.5 V",103.02100000,253.4614861,60.7096197
"TOI-1752 c","TOI-1752",1,2.29000000,,"M1.0&plusmn0.5 V",103.02100000,253.4614861,60.7096197
"TOI-1753 b","TOI-1753",1,2.47852533,0.05222944,,226.67100000,252.4698351,61.1735768
"TOI-1756 b","TOI-1756",1,1.94225664,,,86.71590000,306.3287741,77.6364119
"TOI-1758 b","TOI-1758",1,3.62000000,,,96.62150000,354.7415810,75.6852317
"TOI-1768.01","TOI-1768",1,3.45300000,,,157.59700000,152.1027826,55.5399599
"TOI-1772.01","TOI-1772",1,2.90500000,,,97.75620000,156.8377040,34.3909497
"Kepler-785 b","Kepler-785",1,13.02000000,,,642.05100000,292.0683108,38.8422004
"TOI-1774.01","TOI-1774",1,2.78000000,0.02674399,,53.97400000,148.1619305,35.1110080
"TOI-1775 b","TOI-1775",1,8.04728896,0.30204978,,149.23400000,150.1151015,39.4577506
"TOI-1776 b","TOI-1776",1,1.21612741,0.00440489,,44.64700000,164.7772913,40.9837182
"TOI-1777.01","TOI-1777",1,2.24600000,,,79.76650000,151.8070320,46.1148814
"HD 77946 b","HD 77946",1,2.89646124,0.03429524,,99.45100000,136.7776440,46.6724251
"TOI-1782.01","TOI-1782",1,2.36800000,,,95.26490000,213.0787718,74.4117909
"TOI-1782.02","TOI-1782",1,1.83900000,,,95.26490000,213.0787718,74.4117909
"Kepler-105 b","Kepler-105",1,2.53000000,0.03398060,,459.22300000,287.8872376,46.2761224
"Kepler-784 b","Kepler-784",1,1.58000000,,,1303.72000000,295.9206663,47.4486164
"TOI-1794 b","TOI-1794",1,3.29701268,0.02737326,,155.79100000,203.3974857,49.0608433
"TOI-1798.01","TOI-1798",1,2.44800000,,,113.18100000,211.0939367,46.5192825
"TOI-1798.02","TOI-1798",1,1.46400000,,,113.18100000,211.0939367,46.5192825
"TOI-1799 b","TOI-1799",1,1.64200000,,,62.12740000,167.2329152,34.3030149
"TOI-1801 b","TOI-1801",2,2.07900000,0.01805377,"M0.5+/-0.5 V",30.67960000,175.5755995,23.0270335
"TOI-1803 c","TOI-1803",1,4.29000000,0.02517081,,119.24000000,178.0461054,35.1718001
"TOI-1803 b","TOI-1803",1,2.99000000,0.03247035,,119.24000000,178.0461054,35.1718001
"TOI-1806.01","TOI-1806",1,3.40953670,,,55.52110000,166.1181474,30.4585763
"TOI-1811 b","TOI-1811",1,11.14172682,0.97200000,,128.23000000,188.9223576,27.2143766
"TOI-1814 b","TOI-1814",1,5.18536642,,,362.52200000,236.8168817,77.2326429
"TOI-1820 b","TOI-1820",1,12.77823800,2.30000000,,248.50400000,187.6867207,27.4520016
"TOI-1823 b","TOI-1823",1,7.54062410,0.21206412,,71.64560000,196.2197201,63.7532610
"TOI-1824 b","TOI-1824",1,2.74382690,0.05034163,,59.43140000,197.7312286,61.7448492
"TOI-1836 b","TOI-1836",1,8.00321222,0.12100000,,191.64900000,245.9079242,54.6900774
"TOI-1836 c","TOI-1836",1,2.59987579,0.02517081,,191.64900000,245.9079242,54.6900774
"TOI-1839 b","TOI-1839",1,2.21895097,,,116.08600000,196.8331106,5.8520458
"TOI-1846 b","TOI-1846",1,1.79200000,,,47.24960000,257.9549645,54.5278483
"TOI-1853 b","TOI-1853",1,3.46000000,0.23031296,"K2.5 V",165.10500000,211.4593468,16.9923703
"TOI-1855 b","TOI-1855",1,18.49481816,1.13300000,,176.83300000,205.3539534,17.6868719
"TOI-1859 b","TOI-1859",1,9.75181321,,,224.38500000,279.8317644,69.5228726
"TOI-1873 b","TOI-1873",1,2.86356397,,,182.01400000,212.5684755,84.3718582
"TOI-1883 b","TOI-1883",1,5.65000000,0.04310502,,115.36900000,134.0892456,-12.9306438
"TOI-1898 b","TOI-1898",1,9.39553231,0.40587939,,79.66820000,144.5553000,23.5467464
"TOI-1937 A b","TOI-1937 A",2,13.97759893,2.01000000,,415.13500000,116.3707214,-52.3832587
"TOI-1994 b","TOI-1994",1,13.67495645,22.10000000,,515.60300000,147.1745753,-51.7565640
"TOI-2000 c","TOI-2000",1,8.14000000,0.25700000,,175.71300000,146.3970631,-66.6866307
"TOI-2000 b","TOI-2000",1,2.70000000,0.03470000,,175.71300000,146.3970631,-66.6866307
"TOI-2005 b","TOI-2005",1,11.99360935,6.40000000,,328.47500000,164.0316540,-43.3766967
"TOI-2010 b","TOI-2010",1,11.81426566,1.28600000,"F0",109.19000000,292.1669417,53.4873694
"TOI-2015 b","TOI-2015",1,3.30900000,0.02894644,"M4 +/- 0.5",47.34440000,232.1326528,27.3610730
"TOI-2019 b","TOI-2019",1,5.33275337,0.10823450,,198.00700000,234.4317651,48.9552060
"TOI-2025 b","TOI-2025",1,11.89272852,3.60000000,,335.98500000,282.7952558,82.2454143
"Kepler-831 b","Kepler-831",1,1.27000000,,,593.54000000,294.9855607,42.7277355
"TOI-2031 A b","TOI-2031 A",2,14.20177855,0.80000000,,276.10500000,331.1178077,81.5659509
"KOI-217 b","KOI-217",1,12.44200000,,,914.69900000,294.8654667,46.2858128
"TOI-2040 b","TOI-2040",1,10.32347122,0.78100000,,144.71700000,352.2747299,71.5064737
"Kepler-830 b","Kepler-830",1,1.70000000,,,,295.0542380,42.7568316
"TOI-2048 b","TOI-2048",1,2.61000000,,"G V",116.56700000,237.9241066,52.3063083
"TOI-2049 b","TOI-2049",1,16.64533634,1.53000000,,571.48700000,346.9098199,56.6945130
"TOI-2068 b","TOI-2068",1,1.82100000,,,52.93280000,186.2735600,60.4183455
"Kepler-1746 b","Kepler-1746",1,8.93504475,,,979.54100000,288.3203979,42.2613874
"TOI-2071 b","TOI-2071",1,2.56484195,,,231.31100000,256.6011813,57.6610327
"TOI-2084 b","TOI-2084",2,2.47000000,,"M2+/-0.5",114.54900000,259.2545389,72.7470231
"TOI-2088 b","TOI-2088",1,3.68311790,0.11641502,,126.46000000,261.3748943,75.8822796
"TOI-2092 b","TOI-2092",1,2.94892961,,,176.75900000,212.5474866,45.5638685
"TOI-2093 c","TOI-2093",1,2.30000000,0.04971236,"K5 V",82.79820000,302.7375229,70.8696532
"TOI-2094 b","TOI-2094",1,1.90000000,,"M3 V",50.02480000,254.1425333,70.0273157
"TOI-2095 b","TOI-2095",1,1.25000000,0.01290004,"M2.5 V",41.91760000,285.6365235,75.4185135
"TOI-2095 c","TOI-2095",1,1.33000000,0.02328300,"M2.5 V",41.91760000,285.6365235,75.4185135
"TOI-2096 b","TOI-2096",1,1.24300000,,"M4",48.48090000,151.6186989,74.8272107
"TOI-2096 c","TOI-2096",1,1.91400000,,"M4",48.48090000,151.6186989,74.8272107
"TOI-2104 b","TOI-2104",1,1.52898127,,,76.74180000,151.6122146,83.0878397
"TOI-2107 b","TOI-2107",1,13.57407563,0.83000000,,236.70500000,286.7965405,-58.6968348
"Kepler-829 b","Kepler-829",1,2.11000000,,,1073.76000000,282.3328312,42.4638125
"TOI-2120 b","TOI-2120",1,2.12200000,0.02139519,,32.17550000,23.5073150,65.5139877
"Kepler-1745 b","Kepler-1745",1,1.92872921,,,996.10500000,293.4689924,42.8223582
"TOI-2128 b","TOI-2128",1,2.08874836,0.01415858,,36.57800000,256.9817998,32.1053027
"TOI-2133 b","TOI-2133",1,2.37000000,,,75.19730000,261.2438308,32.7983974
"TOI-2134 b","TOI-2134",1,2.73500000,0.02948132,"K5 V",22.62020000,271.9355015,39.0729269
"TOI-2134 c","TOI-2134",1,7.35000000,0.18343231,"K5 V",22.62020000,271.9355015,39.0729269
"TOI-2141 b","TOI-2141",1,3.14700000,0.06324167,,77.68200000,258.7623456,18.3403449
"Kepler-422 b","Kepler-422",1,12.89000000,0.43000000,,722.79500000,282.6296334,46.3232807
"TOI-2145 b","TOI-2145",1,12.24020692,5.68000000,,224.73100000,263.7580753,40.6950428
"TOI-2147 b","TOI-2147",1,10.50000000,0.36497682,,282.10800000,155.6415937,83.0837241
"TOI-2152 A b","TOI-2152",3,14.35870428,2.83000000,"F4 V",303.00600000,26.3389717,77.7901231
"TOI-2154 b","TOI-2154",1,16.28664896,0.92000000,,296.46000000,71.0281482,84.3642652
"Kepler-828 b","Kepler-828",1,1.51000000,,,575.32200000,286.8872555,42.4712271
"TOI-2158 b","TOI-2158",1,10.76062147,0.82000000,,198.47300000,276.8100527,20.5268868
"Kepler-293 b","Kepler-293",1,3.07000000,,,974.63300000,286.3580611,42.4064917
"TOI-2169 A b","TOI-2169 A",2,12.50922246,1.03700000,,351.48700000,279.1701117,23.2586193
"Kepler-292 f","Kepler-292",1,2.35000000,,,1056.48000000,295.7661979,42.4242822
"TOI-2193 A b","TOI-2193 A",2,19.83989584,0.94000000,,337.06400000,313.6912320,-72.8046404
"TOI-2194 b","TOI-2194",1,1.98920000,,,19.57110000,299.1563393,-31.3351812
"TOI-2196 b","TOI-2196",1,3.51000000,0.08180515,"G V",259.94700000,312.3400744,-70.4850723
"TOI-2200 b","TOI-2200",1,6.96310517,,,251.24500000,98.7835071,-72.4567778
"TOI-2207 b","TOI-2207",1,11.15293580,0.64000000,,373.34500000,307.5966925,-44.8876181
"Kepler-291 b","Kepler-291",1,2.16000000,,,1786.48000000,287.9163029,42.4372666
"TOI-2211.01","TOI-2211",1,1.56100000,,,70.29320000,308.5390859,-29.6726127
"TOI-2227 b","TOI-2227",1,3.09885187,,,165.44100000,337.5177563,-67.8501459
"Kepler-61 b","Kepler-61",1,2.15000000,,"K7 V",335.07900000,295.3044942,42.4753193
"TOI-2236 b","TOI-2236",1,14.36991326,1.58000000,,355.59000000,20.1660113,-86.9799650
"Kepler-290 c","Kepler-290",1,2.70000000,,,694.62700000,286.4100307,42.6815137
"Kepler-1744 b","Kepler-1744",1,3.76754004,,,1091.63000000,291.0206823,42.4624633
"Kepler-423 b","Kepler-423",1,13.36100000,0.59500000,"G4 V",758.75300000,292.8557189,46.3911883
"Kepler-1987 d","Kepler-1987",1,2.66000000,,,595.68300000,295.8254663,42.9433716
"TOI-2266 b","TOI-2266",1,1.54000000,,"M5.0+0.5-0.5",51.60040000,245.2800398,31.5770413
"TOI-2267 c","TOI-2267 A",2,1.14000000,,"M5 V",,65.0614963,84.9008238
"TOI-2267 b","TOI-2267 A",2,1.00000000,,"M5 V",,65.0614963,84.9008238
"TOI-2274 b","TOI-2274",1,2.45000000,,"M",48.87600000,277.4593110,40.5414117
"Kepler-827 b","Kepler-827",1,5.63000000,,,2046.68000000,294.9660027,42.7085608
"TOI-2295 b","TOI-2295",1,16.47720163,0.87500000,,126.27900000,281.5761962,50.4924657
"Kepler-289 c","Kepler-289",1,11.23000000,0.49000000,,704.43800000,297.4653351,42.8828517
"TOI-2322 c","TOI-2322",1,1.87400000,0.05694897,"K4",59.86100000,116.9731027,-71.0019671
"TOI-2322 b","TOI-2322",1,0.99400000,0.00726807,"K4",59.86100000,116.9731027,-71.0019671
"TOI-2328 b","TOI-2328",1,9.97599282,0.16000000,,231.78200000,31.6907424,-81.2473760
"TOI-2338 b","TOI-2338",1,11.20898070,5.98000000,,313.99600000,81.3445824,-34.6682491
"TOI-2345 b","TOI-2345",1,1.50400000,0.01098077,"K",81.65410000,43.8847940,-34.9779745
"TOI-2345 c","TOI-2345",1,2.45100000,0.02287398,"K",81.65410000,43.8847940,-34.9779745
"TOI-2346 b","TOI-2346",1,16.11851425,1.24000000,,437.48400000,88.0929073,-13.3724686
"Kepler-487 c","Kepler-487",1,2.68000000,,,872.34300000,295.2872318,41.2220033
"Kepler-458 c","KIC 9663113",1,4.20000000,,,1594.74000000,297.0454037,46.3286653
"TOI-2364 b","TOI-2364",1,8.60849718,0.22500000,,219.61400000,89.1300265,-5.0120298
"Kepler-889 b","Kepler-889",1,1.09000000,,,598.31300000,291.4674540,50.7595597
"TOI-2368 b","TOI-2368",1,10.83908434,0.65000000,,210.91500000,134.9576234,-48.4884929
"TOI-2373 b","TOI-2373",1,10.42435205,9.30000000,,508.68600000,61.6862197,-16.7557546
"TOI-2374 b","TOI-2374",2,7.48759911,0.19400000,,134.65500000,319.4982407,-22.0498228
"Kepler-888 b","Kepler-888",1,1.76000000,,,420.81700000,295.5212866,49.7386804
"TOI-2379 b","TOI-2379",1,11.72459381,5.76000000,,211.24700000,358.0920465,-53.0431560
"TOI-2382 b","TOI-2382",1,12.25141591,0.74000000,,434.92000000,356.3751852,-16.1141240
"TOI-2384 b","TOI-2384",2,11.48920522,1.96600000,,191.51000000,36.1561463,-65.0001957
"Kepler-887 b","Kepler-887",1,1.84000000,,,886.58800000,290.0907893,39.8169085
"Kepler-886 b","Kepler-886",1,1.52000000,,,711.29700000,286.2717162,43.5952037
"TOI-2407 b","TOI-2407",1,4.26000000,,,92.43660000,49.7465450,-46.4580250
"Kepler-885 b","Kepler-885",1,2.50000000,,,651.31800000,288.6615682,49.7371538
"TOI-2416 b","TOI-2416",1,9.86390302,3.00000000,,557.73300000,57.3389409,-60.7871861
"TOI-2420 b","TOI-2420",1,15.02003414,0.92700000,,435.17400000,14.8268138,-19.7711643
"TOI-2421 b","TOI-2421",1,10.36830715,0.33300000,,327.92700000,33.1540208,-35.3909182
"TOI-2431 b","TOI-2431",1,1.53400000,0.01950738,"K7 V",36.05590000,37.7652989,8.3816255
"Kepler-853 b","Kepler-853",1,1.69000000,,,568.67600000,283.9367810,49.1102748
"TOI-2447 b","TOI-2447",1,9.60609646,0.39300000,,148.98700000,70.9975864,-31.9066369
"TOI-2449 b","TOI-2449",1,11.24000000,0.70000000,"G",156.78600000,67.9843710,-34.4555327
"Kepler-852 b","Kepler-852",1,2.54000000,,,1619.03000000,297.3915863,48.5606875
"TOI-2453 b","TOI-2453",1,3.24380341,,,81.90430000,74.8374845,12.9363528
"TOI-2458 b","TOI-2458",1,2.83000000,0.04187794,"F9-F9.5",112.95800000,79.6215290,1.2534390
"TOI-2459 b","TOI-2459",1,2.95310000,,,36.61130000,82.1433321,-39.3730456
"Kepler-26 b","Kepler-26",1,2.78000000,0.01610924,,335.30700000,284.9410627,46.5664505
"Kepler-884 b","Kepler-884",1,1.23000000,,,476.73300000,292.5844328,49.9232012
"TOI-2485 b","TOI-2485",1,12.13932610,2.41200000,,397.95300000,205.2043217,22.9839692
"Kepler-883 b","Kepler-883",1,1.78000000,,,627.45500000,286.4337260,50.3002266
"Kepler-59 c","Kepler-59",1,1.98000000,,,1163.22000000,287.0394932,46.6401677
"TOI-2497 b","TOI-2497",1,11.14172682,4.82000000,,285.28900000,90.0625878,11.8840577
"TOI-2498 b","TOI-2498",1,6.06000000,0.10892670,,275.26500000,95.4162204,11.2516477
"Kepler-882 b","Kepler-882",1,1.23000000,,,504.60500000,294.6500256,43.3356106
"TOI-2518 b","TOI-2518",1,2.26838675,,,160.82500000,105.4448495,-34.9196867
"TOI-2524 b","TOI-2524",1,11.20898070,0.64000000,,438.84200000,160.8868435,-1.9126984
"TOI-2525 b","TOI-2525",1,8.67575106,0.08400000,"K8 V",395.39800000,86.8509737,-60.5213081
"TOI-2525 c","TOI-2525",1,10.13291855,0.65700000,"K8 V",395.39800000,86.8509737,-60.5213081
"Kepler-881 b","Kepler-881",1,1.78000000,,,1375.18000000,288.9925529,46.6706513
"TOI-2529 b","TOI-2529",1,11.54525012,2.34000000,,296.27100000,118.9945352,-52.3548332
"TIC 52059926 b","TIC 52059926",1,10.71000000,16.90000000,"K4.5 V",216.58100000,16.7726869,-68.3681031
"Kepler-880 b","Kepler-880",1,2.66000000,,,601.32400000,281.9712347,43.6727839
"TOI-2537 b","TOI-2537",1,11.25381662,1.30700000,,184.98600000,54.3882661,10.0577464
"TOI-2545 b","TOI-2545",1,2.75000000,,,107.11800000,135.5458029,-3.4208194
"Kepler-43 b","Kepler-43",1,13.66377100,3.23000000,,1005.84000000,285.2408288,46.6682411
"Kepler-879 b","Kepler-879",1,2.57000000,,,802.67200000,295.8065515,50.9097521
"TOI-2567 b","TOI-2567",1,10.92875618,0.20100000,,504.77500000,288.4656683,66.3479375
"TOI-2570 b","TOI-2570",1,13.64132951,0.82000000,,361.85700000,87.1880397,32.0840435
"Kepler-878 b","Kepler-878",1,1.93000000,,,791.62500000,285.2962562,46.6034497
"TOI-2578 b","TOI-2578",1,19.66055215,0.52600000,,285.53000000,68.0521023,52.2526547
"TOI-2580 b","TOI-2580",1,17.37392009,0.63000000,"F",379.25300000,62.1992072,67.1165264
"TOI-2583 A b","TOI-2583 A",2,14.45958510,0.25000000,,566.18900000,272.2670293,45.3368996
"TOI-2587 A b","TOI-2587 A",2,12.07207221,0.21800000,,373.67500000,115.9317105,-1.0733330
"Kepler-877 b","Kepler-877",1,2.12000000,,,602.17600000,289.8591023,46.5227429
"TOI-2589 b","TOI-2589",1,12.10569916,3.50000000,,200.27300000,107.4881501,-37.2309480
"Kepler-876 b","Kepler-876",1,1.43000000,,,820.91300000,283.4781717,43.3837235
"Kepler-875 b","Kepler-875",1,2.90000000,,,1242.62000000,297.3012497,43.1418313
"Kepler-874 b","Kepler-874",1,3.94000000,,,1082.16000000,294.9568477,43.0142991
"Kepler-873 b","Kepler-873",1,3.75000000,,,1182.22000000,296.4031319,51.2712773
"Kepler-303 b","Kepler-303",1,0.89000000,,,209.73800000,283.1354742,43.6567036
"TOI-2641 b","TOI-2641",1,18.10250383,0.38600000,"F9 V",344.04500000,171.1303716,-42.7321394
"TOI-2654 b","TOI-2654",1,7.94454164,,,248.96400000,52.9815377,-47.9946912
"Kepler-872 b","Kepler-872",1,1.99000000,,,879.68300000,295.4174725,43.6056117
"Kepler-871 b","Kepler-871",1,3.74000000,,,1976.05000000,294.5270634,43.3681317
"Kepler-870 b","Kepler-870",1,2.78000000,,,1259.46000000,295.4025625,50.4785992
"TOI-2714 b","TOI-2714",1,13.72000000,0.71736822,,597.87300000,61.4012482,-14.9267458
"TOI-2719 b","TOI-2719",1,5.98000000,,,588.36800000,71.5549449,-0.8048725
"NGTS-31 b","NGTS-31",1,18.04645893,1.12000000,,497.37600000,80.4212533,-38.6568270
"Kepler-869 b","Kepler-869",1,3.61000000,,,939.45500000,289.4245955,50.9941198
"Kepler-868 b","Kepler-868",1,2.05000000,,,1593.13000000,282.3635315,46.6752384
"Kepler-867 b","Kepler-867",1,4.64000000,,,1195.54000000,287.2852554,51.2499499
"TOI-2768 b","TOI-2768",1,2.63000000,,"M",78.45250000,99.3641336,-15.4812031
"KOI-13 b","KOI-13",3,16.94800800,9.28000000,,519.09600000,286.9713876,46.8682463
"Kepler-866 b","Kepler-866",1,1.63000000,,,646.66700000,290.1222112,43.0854070
"Kepler-865 b","Kepler-865",1,2.49000000,,,586.13700000,297.7242257,43.5272796
"TOI-2796 b","TOI-2796",1,17.26183028,0.44000000,,350.34300000,84.1527191,0.8962788
"TOI-2803 A b","TOI-2803 A",2,18.11371281,0.97500000,,494.81800000,93.1147397,-23.4924956
"Kepler-864 b","Kepler-864",1,2.40000000,,,2022.90000000,285.0570943,46.3206074
"TOI-2818 b","TOI-2818",1,15.27784069,0.71000000,,312.67400000,119.0598183,-35.1167104
"Kepler-863 b","Kepler-863",1,2.90000000,,,1499.66000000,297.6644677,43.2489903
"TOI-2842 b","TOI-2842",1,12.84549188,0.37000000,,460.99500000,108.0442066,-10.6393400
"Kepler-1754 b","Kepler-1754",1,2.43996509,,,718.94500000,295.4570818,50.0771838
"Kepler-862 b","Kepler-862",1,2.21000000,,,1039.03000000,297.7792466,46.4926688
"TOI-2876 b","TOI-2876",1,9.63972340,0.17000000,,225.74400000,110.2473528,-21.1146384
"TOI-2886 b","TOI-2886",1,18.64053490,1.40000000,,413.67300000,110.0076569,-10.5698414
"Kepler-1753 b","Kepler-1753",1,2.22678077,,,707.68800000,288.2366640,46.6058744
"Kepler-861 b","Kepler-861",1,2.28000000,,,850.32700000,292.3539624,46.2262465
"Kepler-302 c","Kepler-302",1,12.45000000,,,1402.58000000,294.3169307,43.6292436
"TOI-2969 b","TOI-2969",1,12.32987877,1.16000000,"K3 V",163.99600000,150.0626247,-47.4452436
"Kepler-102 e","Kepler-102",1,2.17000000,0.01478785,,107.79600000,281.4824731,47.2078263
"Kepler-860 b","Kepler-860",1,3.24000000,,,1056.36000000,295.5772681,46.2547028
"TOI-2977 b","TOI-2977",1,13.15934334,1.68000000,,,143.9265177,-60.3574758
"TOI-2981 b","TOI-2981",1,13.40000000,2.00737249,,527.78900000,163.4873940,-25.5245988
"Kepler-859 b","Kepler-859",1,3.09000000,,,839.90300000,286.7418337,43.1901197
"TOI-2986 b","TOI-2986",1,9.29224500,0.30400000,,563.14900000,163.7715605,-6.4784524
"TOI-2989 b","TOI-2989",1,12.55405838,3.00000000,"K4 V",195.79500000,171.2316754,-27.0623619
"TOI-2992 b","TOI-2992",1,13.75341932,3.33000000,,542.02600000,164.3165643,-32.3224375
"Kepler-858 b","Kepler-858",1,4.87000000,,,298.53200000,288.8488552,51.2090375
"TOI-3023 b","TOI-3023",1,16.43236571,0.62000000,,389.91600000,165.3158231,-72.3567044
"Kepler-1752 b","Kepler-1752",1,4.54060463,,,962.88800000,290.8541401,51.2227435
"Kepler-1669 c","Kepler-1669",1,1.90120972,,,543.44400000,297.4303826,39.8478795
"Kepler-419 b","Kepler-419",1,10.80000000,2.50000000,,1011.36000000,295.4179125,51.1847629
"Kepler-857 b","Kepler-857",1,6.80000000,,,983.50200000,294.6323978,43.4004526
"TOI-3071 b","TOI-3071",1,7.16000000,0.21458120,,485.21900000,173.2790517,-56.5033871
"Kepler-14 b","Kepler-14",2,12.73300000,8.40000000,,,287.7088140,47.3330500
"TOI-3082 b","TOI-3082",1,3.66210000,,,113.04800000,195.9080719,-19.2189845
"Kepler-1668 b","Kepler-1668",1,4.34764405,,,1335.64000000,297.3523076,46.0959309
"TOI-3135 b","TOI-3135",1,13.65253849,1.03000000,,221.67300000,207.8592276,-69.7725635
"TOI-3160 A b","TOI-3160 A",2,13.76462830,1.19000000,,567.67800000,224.5658555,-27.6825503
"Kepler-94 b","Kepler-94",1,3.51000000,0.03400000,,191.90400000,281.1947316,47.4972606
"Kepler-856 b","Kepler-856",1,9.30000000,,,1351.17000000,289.6038379,46.3149097
"NGTS-27 b","NGTS-27",1,15.64773706,0.59300000,,942.12200000,206.0265266,-32.5229747
"Kepler-855 b","Kepler-855",1,8.35000000,,,1506.58000000,295.0949565,43.5375650
"TOI-3235 b","TOI-3235",1,11.39953337,0.66500000,"M V",72.81100000,207.4738488,-46.0665139
"TOI-3261 b","TOI-3261",1,3.82000000,0.09533446,"K1.5+/-1",300.14100000,47.7285242,-73.5319720
"Kepler-125 b","Kepler-125",1,2.37000000,,,183.36500000,298.2581101,47.6050031
"TOI-3288 b","TOI-3288",2,12.24020692,1.68700000,"M0&plusmn;0.5",200.50000000,297.1103158,-43.0180008
"TOI-3321 b","TOI-3321",1,15.55806521,0.55400000,,285.89500000,265.7603351,-65.0082516
"TOI-3331 A b","TOI-3331 A",2,12.97999965,2.27000000,,217.19300000,271.3241672,-34.1071710
"TOI-3353.01","TOI-3353",1,2.66675550,,,78.75770000,106.5298146,-75.8195594
"TOI-3364 b","TOI-3364",1,12.22899794,1.67000000,,277.89900000,144.5377709,-49.3352226
"TOI-3457 b","TOI-3457",1,10.64000000,2.51000000,,370.66600000,183.2082686,-79.7572043
"TOI-3464 b","TOI-3464",1,13.76462830,1.25000000,,597.77400000,234.4830357,-44.7899772
"TOI-3474 b","TOI-3474",1,14.67255574,0.61000000,,420.12300000,233.5033482,-47.9636597
"Kepler-890 b","Kepler-890",1,8.89000000,,,1712.12000000,288.4357180,43.7634712
"TOI-3486 b","TOI-3486",1,10.57006880,0.31200000,,154.71500000,249.4432035,-59.3051077
"TOI-3493 b","TOI-3493",1,3.22000000,0.02822278,"G1/2 V",96.72240000,205.7990331,-22.5854441
"TOI-3523 A b","TOI-3523 A",3,15.97279750,1.37000000,,645.29400000,304.2834581,42.9065338
"Kepler-304 b","Kepler-304",1,2.86000000,,,434.68400000,294.4418031,40.5575408
"TOI-3540 A b","TOI-3540 A",2,23.53885947,1.18000000,,,328.9113712,28.1794996
"TOI-3568 b","TOI-3568",1,5.30000000,0.08300000,,197.90600000,322.6023682,34.7395805
"Kepler-305 b","Kepler-305",1,3.60000000,0.03300000,,868.47700000,299.2242557,40.3431670
"TOI-3593 b","TOI-3593",1,11.02963701,1.78000000,,226.63000000,331.5063640,34.2116583
"Kepler-891 b","Kepler-891",1,6.41000000,,,2340.58000000,291.0837644,40.3552252
"Kepler-306 c","Kepler-306",1,2.35000000,,,775.67900000,288.5387145,40.6160545
"Kepler-892 b","Kepler-892",1,2.81000000,,,570.72700000,283.1296399,43.8880983
"TOI-3664 b","TOI-3664",1,13.69737442,0.36000000,,464.74800000,35.3084940,59.7118568
"Kepler-893 b","Kepler-893",1,3.03000000,,,1285.59000000,284.9630591,43.9130282
"TOI-3682 b","TOI-3682",1,12.80065596,0.21800000,,404.21100000,50.2752271,25.2972658
"Kepler-17 b","Kepler-17",1,14.68000000,2.45000000,,720.75300000,298.3952437,47.8149865
"Kepler-894 b","Kepler-894",1,2.78000000,,,1162.91000000,288.7340513,46.9393630
"TOI-3688 A b","TOI-3688 A",2,13.08088048,0.98000000,,396.37800000,39.2823371,54.8512152
"TOI-3693 b","TOI-3693",1,12.59889431,1.02000000,,176.43600000,15.6543938,51.3038918
"Kepler-1755 b","Kepler-1755",1,5.91688317,,,982.38300000,296.8460920,40.1385777
"Kepler-87 b","Kepler-87",1,13.49000000,1.02000000,,1232.90000000,297.9168433,46.9651146
"Kepler-307 b","Kepler-307",1,2.43000000,0.02340874,,575.58100000,297.7950939,40.4176403
"Kepler-895 b","Kepler-895",1,1.54000000,,,540.13400000,289.2906978,51.4089936
"TOI-3757 b","TOI-3757",1,12.00000000,0.26838381,"M0 V",181.13900000,91.0036423,55.0199793
"Kepler-896 c","Kepler-896",1,3.15000000,,,2334.93000000,282.4391402,43.7344291
"TOI-3785 b","TOI-3785",1,5.14000000,0.04703796,"M2 V",79.76340000,130.9002258,63.0780768
"Kepler-107 e","Kepler-107",1,2.90300000,0.04436356,,525.99700000,297.0281620,48.2086019
"WASP-194 b","WASP-194",1,15.47960235,1.17400000,,476.83100000,295.3877064,56.2178049
"Kepler-897 b","Kepler-897",1,2.39000000,,,1519.25000000,290.5867992,51.6957731
"TOI-3807 b","TOI-3807",1,18.49481816,1.04000000,,421.74500000,139.1125648,69.0741284
"Kepler-898 b","Kepler-898",1,1.49000000,,,484.89100000,286.5854116,46.8708877
"TOI-3819 b","TOI-3819",1,13.13692538,1.11000000,,558.14100000,121.8632568,29.3886446
"Kepler-899 b","Kepler-899",1,2.68000000,,,1246.43000000,297.4825612,40.6807412
"Kepler-900 b","Kepler-900",1,2.08000000,,,487.52500000,296.1772720,46.9989635
"TOI-3837 b","TOI-3837",1,10.87271128,0.59000000,,311.70500000,152.6662832,24.2731213
"Kepler-901 b","Kepler-901",1,1.37000000,,,253.86700000,291.1528056,40.8876814
"TOI-3856 b","TOI-3856",1,13.59649359,0.54000000,,314.44300000,145.2229223,27.9501580
"Kepler-84 b","Kepler-84",1,2.23000000,,,1023.90000000,298.2520208,40.4960842
"TOI-3862 b","TOI-3862",1,5.53000000,0.16880000,,249.02000000,185.9005633,50.5446246
"TOI-3877 b","TOI-3877",1,11.67975789,0.31400000,,493.77000000,170.4544727,33.9913822
"Kepler-1757 b","Kepler-1757",1,2.94660251,,,807.30800000,297.7397823,46.9418957
"TOI-3884 b","TOI-3884",1,6.43000000,0.10253961,,43.14480000,181.5718341,12.5070258
"TOI-3894 b","TOI-3894",1,15.27784069,0.82000000,,417.36500000,201.3748265,52.7681036
"TOI-3896 b","TOI-3896",1,3.14949237,,,181.65300000,187.9302395,63.9085462
"Kepler-308 b","Kepler-308",1,2.12000000,,,1335.92000000,295.7852423,40.4395753
"TOI-3912 b","TOI-3912",1,14.28024141,0.40600000,,465.99200000,215.8014956,24.0765639
"TOI-3919 b","TOI-3919",1,12.31866979,3.88000000,,604.59100000,208.9447534,40.3918061
"Kepler-902 b","Kepler-902",1,2.54000000,,,1165.34000000,289.7317067,46.9538750
"Kepler-309 b","Kepler-309",1,1.56000000,,,544.56800000,297.5098911,46.9614121
"Kepler-310 c","Kepler-310",1,3.38000000,,,602.26800000,288.8392780,46.9867472
"KOI-1599.01","KOI-1599",1,1.90000000,0.01447315,,1131.64000000,298.3738383,40.6184483
"TOI-3976 A b","TOI-3976 A",2,12.27383387,0.17500000,,516.08700000,224.3560083,44.2743223
"TOI-3980 b","TOI-3980",1,14.45958510,0.59000000,,486.72100000,12.8419374,59.5758606
"Kepler-903 b","Kepler-903",1,2.01000000,,,1369.24000000,288.7710137,40.6641771
"TOI-3984 A b","TOI-3984 A",2,7.90000000,0.14000000,"M4+/-0.5",108.88300000,226.3371468,36.7869747
"Kepler-1758 b","Kepler-1758",1,2.57059831,,,1588.41000000,297.7968197,39.9213378
"Kepler-904 b","Kepler-904",1,1.77000000,,,978.12500000,288.8229001,40.3890100
"TOI-4010 c","TOI-4010",1,5.93000000,0.06390241,"K V",177.50400000,20.2148196,66.0722009
"TOI-4010 d","TOI-4010",1,6.18000000,0.12003332,"K V",177.50400000,20.2148196,66.0722009
"TOI-4010 b","TOI-4010",1,3.02000000,0.03460987,"K V",177.50400000,20.2148196,66.0722009
"Kepler-905 b","Kepler-905",1,1.41000000,,,529.26800000,290.0511468,46.7134077
"TOI-4029 b","TOI-4029",1,6.73756618,,,274.43600000,239.2337189,16.9802854
"TOI-4030 b","TOI-4030",1,5.84625590,,,571.61500000,277.6228367,56.7704522
"TOI-4034 b","TOI-4034",1,17.71018951,0.87000000,,745.14500000,335.1469845,71.7673462
"Kepler-311 b","Kepler-311",1,1.70000000,,,778.65400000,282.0612731,47.0854984
"WASP-195 b","WASP-195",1,10.31226224,0.10400000,,484.85200000,247.5496427,49.8957910
"Kepler-906 b","Kepler-906",1,2.11000000,,,757.79100000,291.4055614,40.1254254
"Kepler-275 b","Kepler-275",1,2.34000000,,,2034.25000000,292.4797004,38.5149018
"TOI-4087 b","TOI-4087",1,13.04725353,0.73000000,,301.67600000,217.9257785,83.3727061
"Kepler-424 b","Kepler-424",1,9.98000000,1.03000000,,698.64600000,298.6249797,48.5774500
"Kepler-276 b","Kepler-276",1,2.87000000,,,1144.86000000,293.5681970,39.0363123
"Kepler-277 c","Kepler-277",1,3.36000000,0.20200000,,976.64300000,286.5831894,39.0772582
"Kepler-278 c","Kepler-278",1,3.26800000,0.10980768,"K2 III-IV",443.03000000,290.1072124,38.7022694
"Kepler-279 b","Kepler-279",1,3.62000000,,,1037.40000000,287.3912950,42.1948220
"TOI-4127 b","TOI-4127",1,12.07000000,2.34000000,,319.63200000,105.4045516,72.4149297
"TOI-4137 b","TOI-4137",1,13.57407563,1.44000000,,334.99300000,77.6128790,70.3910790
"Kepler-56 b","Kepler-56",1,6.51000000,0.07000000,,912.99400000,293.7583002,41.8718070
"TOI-4145 A b","TOI-4145 A",2,13.30506009,0.43000000,,205.38700000,39.4297435,80.2673838
"Kepler-282 e","Kepler-282",1,3.10000000,0.17700000,,1337.61000000,284.6772402,44.7976401
"TOI-4153 b","TOI-4153",1,16.11851425,1.15000000,,423.84000000,335.3934698,82.2160792
"TOI-4155 b","TOI-4155",1,3.21000000,,,240.73700000,325.6362269,77.7343836
"TOI-4156 b","TOI-4156",1,2.53823825,,,213.71900000,230.7808336,76.3318816
"Kepler-284 c","Kepler-284",1,2.61000000,,,1031.95000000,293.1465698,47.7297053
"Kepler-286 c","Kepler-286",1,1.37000000,,,1226.85000000,290.6761874,48.2942362
"Kepler-287 b","Kepler-287",1,2.33000000,,,835.86000000,290.9274282,48.4434588
"TOI-4184 b","TOI-4184",1,2.43000000,,"M5.5+/-0.5",69.36490000,43.8284749,-79.4147039
"HD 35843 c","HD 35843",1,2.54000000,0.03561670,,69.60260000,81.3488924,-44.4312849
"Kepler-110 b","Kepler-110",1,1.83000000,,,586.53100000,292.9291693,48.6028303
"Kepler-290 b","Kepler-290",1,2.25000000,,,694.62700000,286.4100307,42.6815137
"TOI-4201 b","TOI-4201",1,13.67495645,2.48000000,"M1.0+/-0.5",189.01100000,90.4747237,-13.4613710
"Kepler-292 d","Kepler-292",1,2.23000000,,,1056.48000000,295.7661979,42.4242822
"TOI-4214 b","TOI-4214",1,10.68215861,0.52000000,,346.88100000,110.2495104,-13.9262649
"Kepler-294 b","Kepler-294",1,1.77000000,,,1357.01000000,287.3920392,46.0592578
"Kepler-296 d","Kepler-296",2,2.09000000,,,,286.5400278,49.4372614
"Kepler-297 c","Kepler-297",1,6.54000000,,,692.14000000,283.2091605,48.7776156
"Kepler-1669 b","Kepler-1669",1,2.78043818,,,543.44400000,297.4303826,39.8478795
"Kepler-302 b","Kepler-302",1,4.06000000,,,1402.58000000,294.3169307,43.6292436
"Kepler-306 b","Kepler-306",1,1.52000000,,,775.67900000,288.5387145,40.6160545
"NGTS-24 b","NGTS-24",1,13.60770257,0.52000000,"G2 IV",683.06200000,168.5638892,-37.9101328
"Kepler-84 c","Kepler-84",1,2.36000000,,,1023.90000000,298.2520208,40.4960842
"Kepler-509 b","Kepler-509",1,2.49000000,,,332.44300000,289.6643940,48.7061650
"Kepler-1756 b","Kepler-1756",1,1.47199944,,,,294.3649040,40.7208898
"Kepler-309 c","Kepler-309",1,2.51000000,,,544.56800000,297.5098911,46.9614121
"LP 890-9 b","LP 890-9",1,1.32000000,0.04153184,"M6 V",32.42980000,64.1309096,-28.3157909
"TOI-4308 b","TOI-4308",1,2.41890000,,,108.93200000,327.7530693,-43.5623642
"Kepler-65 b","Kepler-65",1,1.42000000,,,303.72800000,288.6887221,41.1511076
"TOI-4311 c","TOI-4311",1,2.47000000,0.04272746,"K",134.98800000,41.6855224,-31.1793201
"TOI-4311 b","TOI-4311",1,1.37600000,0.01415858,"K",134.98800000,41.6855224,-31.1793201
"Kepler-466 c","Kepler-466",1,1.25000000,,,530.12200000,295.6486585,48.4955191
"Kepler-23 d","Kepler-23",1,2.20600000,0.01396980,,835.75600000,294.2189131,49.4792536
"TOI-4336 A b","TOI-4336 A",3,2.13700000,0.01047735,"M3.5 V",22.54550000,206.1070129,-40.3373505
"Kepler-119 c","Kepler-119",1,0.92000000,,,701.99600000,295.9463854,42.6588324
"TOI-4342 b","TOI-4342",1,2.32900000,0.02296837,"M0 V",61.52040000,324.3894196,-77.9791468
"TOI-4342 c","TOI-4342",1,2.34900000,0.01510249,"M0 V",61.52040000,324.3894196,-77.9791468
"Kepler-121 c","Kepler-121",1,2.27000000,,,510.52300000,286.1621273,39.6780204
"Kepler-449 c","Kepler-449",1,2.76400000,,,241.94900000,293.7327870,41.9006366
"TOI-4363 b","TOI-4363",1,1.76689273,,,77.77510000,37.1105554,-12.5493631
"TOI-4364 b","TOI-4364",1,2.01000000,,"M4 V",43.96620000,80.0669270,-4.2392481
"Kepler-450 c","Kepler-450",1,2.62000000,,,455.98200000,295.4865821,51.0135237
"Kepler-130 b","Kepler-130",2,1.02000000,,,316.66300000,288.4505905,40.2452006
"TOI-4377 b","TOI-4377",1,15.10970598,0.95700000,,455.82000000,164.9324709,-82.2213501
"TOI-4379 b","TOI-4379",1,16.69017226,1.11300000,,645.15800000,252.0478813,-32.4337532
"Kepler-1663 b","Kepler-1663",1,3.30395896,,,337.92600000,290.4015156,48.8227234
"Kepler-133 b","Kepler-133",1,1.76000000,,,653.60000000,297.2778906,48.3203542
"Kepler-529 c","Kepler-529",1,2.00000000,,,799.00800000,285.8884067,47.8803640
"TOI-4405 b","TOI-4405",1,2.55505441,,,155.50100000,101.5953368,-75.4441271
"TOI-4406 b","TOI-4406",1,11.20898070,0.30000000,,261.83400000,18.0485164,-56.9253875
"Kepler-149 d","Kepler-149",1,3.96000000,,,571.03400000,285.8537014,38.3840916
"Kepler-152 c","Kepler-152",1,2.39000000,,,441.09000000,286.8653826,41.9889571
"TOI-4427 b","TOI-4427",1,13.09208946,0.27600000,,198.25100000,135.0492615,72.1477473
"Kepler-153 c","Kepler-153",1,2.53000000,,,459.36800000,282.4605020,48.2570293
"TOI-4438 b","TOI-4438",1,2.40000000,0.01293151,"M3.5 V",30.03460000,270.3172389,35.5948992
"TOI-4443.01","TOI-4443",1,1.71932650,,,56.07390000,274.2686643,21.9095459
"Kepler-553 c","Kepler-553",1,11.57887706,6.70000000,,728.52500000,298.5508922,48.3325405
"TOI-4458 b","TOI-4458",1,12.40834163,1.73700000,,505.43200000,252.1259976,74.7637501
"Kepler-157 b","Kepler-157",1,1.32000000,,,773.71300000,291.0972257,38.8756049
"TOI-4463 A b","TOI-4463 A",2,13.26022417,0.79400000,,173.11700000,279.3581286,18.7299522
"TOI-4465 b","TOI-4465",1,14.01122587,5.89000000,"G V",121.13900000,276.1340312,15.8418856
"TOI-4487 A b","TOI-4487 A",2,14.60530185,1.25000000,,479.14500000,306.4220814,45.9710306
"Ross 176 b","Ross 176",1,1.84000000,0.01437883,"K7 V",46.44880000,305.6897438,47.3086191
"Kepler-160 b","Kepler-160",1,1.71500000,,,937.01300000,287.7735730,42.8692755
"TOI-4495 c","TOI-4495",1,4.03000000,0.07299536,,132.21400000,286.3624951,37.0259902
"TOI-4495 b","TOI-4495",1,2.48300000,0.02422691,,132.21400000,286.3624951,37.0259902
"Kepler-162 b","Kepler-162",1,1.26000000,,,855.64100000,297.2789115,43.7239693
"TOI-4504 c","TOI-4504",1,11.17000000,2.58000000,,342.60500000,114.4673065,-62.0782776
"TOI-4504 b","TOI-4504",1,2.65000000,0.45000000,,342.60500000,114.4673065,-62.0782776
"TOI-4507 b","TOI-4507",1,8.20000000,0.06292704,"F",178.26000000,80.4513677,-69.9882175
"Kepler-164 d","Kepler-164",1,2.45000000,,,890.75800000,287.7808115,47.6298453
"TOI-4511 b","TOI-4511",1,2.75304932,,,121.83200000,49.3052786,15.5017268
"TOI-4513 b","TOI-4513",1,2.34587608,,,102.60900000,18.0905179,13.7550796
"TOI-4515 b","TOI-4515",1,12.17000000,2.00500000,"G8/G9",193.49900000,21.1861778,21.5130638
"HD 20329 b","HD 20329",1,1.72000000,0.02334593,,63.67960000,49.1781240,15.6563542
"TOI-4529 b","TOI-4529",1,1.77000000,0.01541712,"M1.5 V",28.38400000,16.9688462,12.8809549
"Kepler-167 e","Kepler-167",2,10.16000000,1.01000000,,341.90800000,292.6585253,38.3455558
"TOI-4551 b","TOI-4551",1,11.85910158,1.49000000,,215.98600000,184.9787579,-25.8278531
"TOI-4552 b","TOI-4552",1,1.11000000,0.00575782,"M4.5 V",27.26840000,264.7142556,-47.6370457
"Kepler-168 b","Kepler-168",1,1.46000000,,,1343.60000000,294.7101832,39.8250437
"TOI-4559 b","TOI-4559",1,1.41500000,,,31.63540000,211.0135378,-30.0141252
"TOI-4561 b","TOI-4561",1,1.77789214,,,179.00800000,60.9618951,-76.0214574
"TOI-4562 b","TOI-4562",1,,,"F7 V",339.60500000,112.0100593,-63.5177788
"Kepler-176 b","Kepler-176",1,1.43000000,,,527.32100000,294.6679021,43.8532104
"Kepler-177 b","Kepler-177",1,3.50000000,0.01837460,,1435.44000000,286.0471442,45.0532038
"TOI-4578 b","TOI-4578",1,2.26974262,,,182.24900000,184.2109675,75.1402358
"TOI-4582 b","TOI-4582",1,10.53644186,0.53000000,,383.84600000,256.8601374,68.8656263
"Kepler-178 d","Kepler-178",1,3.95000000,,,716.02500000,287.1010275,46.8964033
"TOI-4600 b","TOI-4600",1,6.80000000,3.02000000,"K V",216.05600000,258.4503674,64.5661727
"TOI-4602.01","TOI-4602",1,2.45000000,0.01740000,"G5",63.06370000,60.6003316,31.3298354
"TOI-4603 b","TOI-4603",1,11.67975789,12.89000000,"F",225.64300000,83.8659288,21.2942417
"Kepler-181 b","Kepler-181",1,1.27000000,,,609.28300000,296.1512831,50.0957806
"TOI-4633 c","TOI-4633",2,3.20000000,0.38700128,"G V",95.20160000,256.8431021,62.4755480
"TOI-4638.01","TOI-4638",1,2.93300000,,,168.24800000,12.8206627,12.7879858
"TOI-4640 b","TOI-4640",1,2.84326517,,,245.08900000,38.2053190,10.0724659
"TOI-4641 b","TOI-4641",1,8.18255591,3.87000000,,86.35010000,42.5582023,25.3335334
"Kepler-183 b","Kepler-183",1,2.06000000,,,1050.64000000,293.5308112,39.3159329
"Kepler-598 c","Kepler-598",1,3.02420941,,,681.08600000,293.1234493,40.9348005
"TOI-4662 b","TOI-4662",1,2.87998299,,,111.04700000,57.5160311,-31.0940247
"Kepler-193 c","Kepler-193",1,2.75000000,,,1009.10000000,296.4985951,46.5772484
"TOI-4666 b","TOI-4666",1,12.53164042,0.48900000,"M2&plusmn;0.5",154.74900000,56.2898862,-39.0631799
"WASP-116 b","WASP-116",1,13.67495645,0.64000000,,559.24300000,35.2157609,-1.8260419
"Kepler-464 b","Kepler-464",1,3.30000000,,,667.60400000,294.8351052,48.9823204
"Kepler-194 b","Kepler-194",1,1.51000000,,,1097.97000000,291.9714290,47.8640498
"Kepler-199 c","Kepler-199",1,3.25000000,,,521.05400000,295.5594278,40.2362490
"Kepler-207 b","Kepler-207",1,1.57000000,,,875.51900000,290.0305195,42.1660555
"TIC 9344899 b","TIC 9344899",1,9.16000000,19.40000000,"G3 V",532.22800000,72.7939340,-8.4473205
"Kepler-647 b","Kepler-647",1,1.17000000,,,1087.87000000,284.7882977,44.5916225
"Kepler-214 b","Kepler-214",1,2.61000000,,,1208.44000000,284.7548499,44.9560500
"Kepler-218 b","Kepler-218",1,1.48000000,,,656.38000000,295.4128785,46.2665801
"Kepler-219 c","Kepler-219",1,3.58000000,,,787.07000000,288.7389481,46.7625929
"TOI-4734 b","TOI-4734",1,10.91754720,0.19400000,,563.06800000,90.3581219,12.5478825
"Kepler-223 c","Kepler-223",1,3.44000000,0.01604631,,1859.71000000,298.3183909,47.2794824
"TOI-4747 b","TOI-4747",1,3.95803201,,,304.61500000,86.4276650,-45.0292291
"Kepler-224 d","Kepler-224",1,2.30000000,,,782.08800000,290.9342679,47.3575414
"Kepler-225 b","Kepler-225",1,1.20000000,,,561.10100000,292.1939846,47.4570808
"Kepler-124 c","Kepler-124",1,1.75000000,,,420.04600000,286.7527322,49.0648788
"Kepler-226 b","Kepler-226",1,1.55000000,,,980.13800000,292.3760942,47.8809596
"TOI-4773 b","TOI-4773",1,15.22179579,5.31000000,,492.88800000,114.9426489,-21.4856184
"Kepler-227 c","Kepler-227",1,3.04000000,,,1083.06000000,291.9342748,48.1416760
"TOI-4791 b","TOI-4791",1,12.44196858,2.31000000,,328.80200000,109.3883818,-19.8289392
"Kepler-232 c","Kepler-232",1,3.83000000,,,1349.13000000,295.8161668,51.1217249
"TOI-4794 b","TOI-4794",1,14.35870428,0.97000000,,543.00800000,110.4835517,-12.5654781
"Kepler-235 d","Kepler-235",1,2.05000000,,,428.01800000,286.0790779,39.2782370
"Kepler-53 d","Kepler-53",1,2.12000000,,,1366.07000000,290.4617926,40.5624966
"Kepler-238 d","Kepler-238",1,3.07000000,,,1798.75000000,287.8971066,40.6378141
"Kepler-240 b","Kepler-240",1,1.37000000,,,746.92700000,291.1587635,40.7502108
"Kepler-241 c","Kepler-241",1,2.57000000,,,,292.9131121,41.0609786
"Kepler-242 c","Kepler-242",1,2.00000000,,,600.24100000,286.5656932,41.8084168
"TOI-4860 b","TOI-4860",1,8.70000000,0.27300000,"M3.5 V",80.14230000,183.5639610,-13.1748411
"NGTS-30 b","NGTS-30",1,10.40193409,0.96000000,,238.37700000,173.7148670,-24.6054801
"Kepler-244 d","Kepler-244",1,2.31000000,,,1036.49000000,287.2426410,42.3014185
"Kepler-68 b","Kepler-68",2,2.35700000,0.02526521,,144.16600000,291.0323102,49.0402129
"Kepler-249 b","Kepler-249",1,1.09000000,,,190.40100000,296.9853002,43.6586043
"Kepler-254 c","Kepler-254",1,2.15000000,,,1389.48000000,288.1646541,45.8164257
"Kepler-31 c","Kepler-31",1,5.30000000,4.70000000,,1664.64000000,294.0230229,45.8530535
"TOI-4898 b","TOI-4898",1,3.71979540,,,98.59580000,197.3416711,-32.8294537
"Kepler-255 d","Kepler-255",1,1.32000000,,,1052.53000000,296.0642702,45.9767647
"Kepler-1666 c","Kepler-1666",1,3.23564749,,,1379.37000000,297.9516071,46.2647024
"TOI-4914 b","TOI-4914",1,12.87000000,0.71422187,,299.89000000,204.5426717,-28.1429206
"Kepler-42 c","Kepler-42",1,0.73000000,,"M",40.05950000,292.2196000,44.6173667
"TOI-4930 b","TOI-4930",1,6.93277225,,,413.75700000,208.6418883,-45.1544786
"Kepler-750 c","Kepler-750",1,1.62000000,,,1296.02000000,289.0968274,44.0043640
"TOI-4940 b","TOI-4940",1,6.61000000,0.28002532,"G8 V",345.65900000,58.2511684,-62.4079681
"Kepler-758 c","Kepler-758",1,1.69000000,,,1502.32000000,293.0846115,41.1354049
"Kepler-760 c","Kepler-760",1,1.48000000,,,792.33600000,287.5931997,44.1794278
"TOI-4961 b","TOI-4961",1,12.34108775,1.80000000,,213.07300000,192.5018624,-59.8919345
"Kepler-24 b","Kepler-24",1,2.34800000,0.03505036,,1156.81000000,290.4132621,38.3437283
"Kepler-15 b","Kepler-15",1,10.76000000,0.66000000,,739.41200000,296.2005506,49.1400304
"Kepler-268 c","Kepler-268",1,3.38000000,,,851.87000000,291.9761559,38.0550327
"Kepler-271 c","Kepler-271",1,0.95000000,,,404.54200000,283.0029316,44.2841080
"BD-14 3065 b","BD-14 3065 A",3,21.59000000,12.37000000,,589.42300000,153.6696689,-15.6428372
"TOI-4994 b","TOI-4994",1,8.54124329,0.28000000,,329.30400000,283.1325335,-78.4344302
"Kepler-273 c","Kepler-273",1,1.98000000,,,713.96400000,291.3021458,47.6976573
"Kepler-171 c","Kepler-171",1,2.56000000,,,863.85500000,296.7719082,41.7555958
"TOI-5005 b","TOI-5005",1,6.25000000,0.10300000,"G2 V",207.89100000,238.1081940,-48.1451000
"TOI-5007 b","TOI-5007",1,11.07447293,0.66400000,"M1&plusmn;0.5",203.35200000,236.0638704,-61.0413649
"Kepler-732 c","Kepler-732",1,1.27000000,,,174.82600000,283.7317274,45.9585288
"Kepler-80 e","Kepler-80",1,1.60000000,0.01299437,"K5",369.45100000,296.1125759,39.9787451
"TOI-5027 b","TOI-5027",1,10.76062147,2.02000000,,204.42900000,243.8850212,-69.2170972
"Kepler-238 b","Kepler-238",1,1.73000000,,,1798.75000000,287.8971066,40.6378141
"Kepler-82 d","Kepler-82",1,1.77000000,,,904.32600000,292.8733696,42.9661583
"Kepler-33 c","Kepler-33",1,3.20000000,,,1209.16000000,289.0775348,46.0051696
"Kepler-32 e","Kepler-32",1,1.50000000,,,323.84700000,297.8423073,46.5743595
"TOI-5076 b","TOI-5076",2,3.48935569,0.05080000,,82.85700000,50.5104166,17.2392094
"TOI-5082.01","TOI-5082",1,2.54811000,,,43.14060000,106.5695780,22.6831477
"Kepler-223 b","Kepler-223",1,2.99000000,0.02328289,,1859.71000000,298.3183909,47.2794824
"Kepler-107 d","Kepler-107",1,0.86000000,0.02422691,,525.99700000,297.0281620,48.2086019
"TOI-5108 b","TOI-5108",1,6.60000000,0.10068326,,130.91900000,166.2695041,11.2464069
"TOI-5110 b","TOI-5110",1,11.98240037,2.90000000,,392.25900000,94.4042694,31.6103309
"Kepler-80 f","Kepler-80",1,1.21000000,,"K5",369.45100000,296.1125759,39.9787451
"TOI-5126 b","TOI-5126",1,4.74000000,,"F V",160.41400000,151.6597827,18.6340631
"TOI-5126 c","TOI-5126",1,3.86000000,,"F V",160.41400000,151.6597827,18.6340631
"Kepler-297 d","Kepler-297",1,32.60000000,,,692.14000000,283.2091605,48.7776156
"TOI-5143 c","TOI-5143",1,16.25302201,,"K V",181.38000000,165.3651202,5.1394812
"Kepler-65 d","Kepler-65",1,1.52000000,,,303.72800000,288.6887221,41.1511076
"TOI-5159 b","TOI-5159",1,1.54732112,,,55.17880000,142.7859562,20.0193431
"TOI-5160 b","TOI-5160",1,2.39729851,,,151.46500000,114.6393985,31.3944536
"TOI-5174 b","TOI-5174",1,5.35100000,,,197.24300000,174.1094967,-2.0233506
"Kepler-23 b","Kepler-23",1,1.63800000,0.00805466,,835.75600000,294.2189131,49.4792536
"TOI-5181 A b","TOI-5181 A",2,13.34989601,1.04000000,,480.15500000,280.6774738,21.6998203
"Kepler-26 d","Kepler-26",1,1.07000000,,,335.30700000,284.9410627,46.5664505
"WASP-188 b","WASP-188",1,14.81827249,1.44300000,,675.28100000,278.7819771,36.6156327
"Kepler-148 b","Kepler-148",1,1.80000000,,,791.16300000,289.7861626,46.8588176
"TOI-5205 b","TOI-5205",1,11.60000000,1.08000000,"M4.0",86.44930000,313.7706819,24.3609770
"Kepler-150 e","Kepler-150",1,3.12000000,,,891.09200000,288.2341025,40.5208970
"TOI-5210 b","TOI-5210",1,10.72699453,0.25800000,,302.08600000,314.3169230,21.9502055
"TOI-5218 b","TOI-5218",1,9.86000000,2.06715317,,377.48300000,292.6634642,71.7629612
"Kepler-167 c","Kepler-167",2,1.67400000,,,341.90800000,292.6585253,38.3455558
"Kepler-426 b","Kepler-426",1,12.22000000,0.34000000,"G1 V",843.69500000,289.4346668,49.4734550
"Kepler-80 d","Kepler-80",1,1.53000000,0.02123777,"K5",369.45100000,296.1125759,39.9787451
"TOI-5232 b","TOI-5232",1,12.77823800,2.34000000,,609.38800000,294.3374248,35.2764934
"TOI-5238 b","TOI-5238",1,5.22000000,,,290.64600000,223.3588909,68.8594720
"Kepler-176 d","Kepler-176",1,2.51000000,,,527.32100000,294.6679021,43.8532104
"Kepler-178 c","Kepler-178",1,2.88000000,,,716.02500000,287.1010275,46.8964033
"Kepler-186 b","Kepler-186",1,1.07000000,,"M1",177.59400000,298.6527360,43.9549884
"TOI-5261 b","TOI-5261",1,11.60129502,11.49000000,,377.05400000,305.4585453,19.4358468
"Kepler-207 c","Kepler-207",1,1.50000000,,,875.51900000,290.0305195,42.1660555
"Kepler-62 e","Kepler-62",1,1.61000000,0.11300000,"K2 V",300.87400000,283.2125621,45.3496992
"WASP-154 b","WASP-154",1,10.76062147,0.62600000,,215.50100000,327.7191734,-8.6359458
"Kepler-33 e","Kepler-33",1,4.02000000,,,1209.16000000,289.0775348,46.0051696
"TOI-5292 A b","TOI-5292 A",2,12.64373023,1.29900000,"M0&plusmn;0.5",337.09500000,344.2223631,-8.1197473
"TOI-5293 A b","TOI-5293 A",2,11.90000000,0.54000000,"M3+/-1",162.22900000,355.8286820,-2.0450945
"Kepler-218 d","Kepler-218",1,2.66000000,,,656.38000000,295.4128785,46.2665801
"TOI-5300 b","TOI-5300",1,9.86390302,0.60000000,"K4 V",162.51000000,356.4811370,0.4587978
"TOI-5301 b","TOI-5301",1,13.09208946,3.72000000,,629.16100000,12.9908008,13.0783712
"Kepler-219 d","Kepler-219",1,2.81000000,,,787.07000000,288.7389481,46.7625929
"Kepler-223 e","Kepler-223",1,4.60000000,0.01510241,,1859.71000000,298.3183909,47.2794824
"TOI-5319 b","TOI-5319",1,2.83000000,,"M",61.17100000,35.2135563,23.5204408
"TOI-5322 b","TOI-5322",1,16.61170940,0.57900000,,476.89900000,6.5293373,14.3364283
"Kepler-224 b","Kepler-224",1,1.39000000,,,782.08800000,290.9342679,47.3575414
"TOI-5335 b","TOI-5335",1,4.02422162,,,331.28900000,46.9523734,15.3590831
"Kepler-228 b","Kepler-228",1,1.53000000,,,1644.61000000,296.2860853,48.2246328
"TOI-5340 b","TOI-5340",1,15.07607904,0.85000000,,532.62900000,59.3094816,22.3783373
"TOI-5344 b","TOI-5344",1,10.60369574,0.41200000,,138.36700000,63.2662165,20.9151568
"Kepler-235 e","Kepler-235",1,2.22000000,,,428.01800000,286.0790779,39.2782370
"TOI-5349 b","TOI-5349",1,10.20000000,0.40000000,"M1+/-0.5",188.33600000,52.7125703,20.8796279
"TOI-5350 b","TOI-5350",1,12.41955062,6.59000000,,277.41900000,74.4023015,21.6019759
"Kepler-53 c","Kepler-53",1,3.17000000,0.11326867,,1366.07000000,290.4617926,40.5624966
"Kepler-238 c","Kepler-238",1,2.39000000,,,1798.75000000,287.8971066,40.6378141
"TOI-5380 b","TOI-5380",1,3.48093238,,,286.78100000,112.7611492,73.1287844
"Kepler-244 c","Kepler-244",1,2.05000000,,,1036.49000000,287.2426410,42.3014185
"WASP-197 b","WASP-197",1,14.44837612,1.26900000,,483.67500000,160.6307133,28.1986255
"TOI-5386 A b","TOI-5386 A",2,14.70618268,0.48800000,,394.48600000,226.1069193,60.5362318
"TOI-5388.01","TOI-5388",1,0.99000000,0.00692197,"M3.0 V",18.52260000,152.1765169,35.5475571
"Kepler-82 e","Kepler-82",1,2.47000000,,,904.32600000,292.8733696,42.9661583
"TOI-5398 b","TOI-5398",1,10.30000000,0.18469085,"G V",130.85500000,161.8795569,36.3294345
"TOI-5398 c","TOI-5398",1,3.52000000,0.03712695,"G V",130.85500000,161.8795569,36.3294345
"Kepler-247 b","Kepler-247",1,1.64000000,,,663.71100000,288.6425609,43.0393769
"Kepler-83 c","Kepler-83",2,2.36000000,,,400.40900000,282.2325197,43.6655662
"Kepler-249 d","Kepler-249",1,1.57000000,,,190.40100000,296.9853002,43.6586043
"TOI-5422 b","TOI-5422",1,9.10169233,28.00000000,,346.14100000,86.8436173,25.6260342
"KOI-94 d","KOI-94",2,11.27000000,0.33400000,,477.05200000,297.3330716,41.8911186
"Kepler-251 b","Kepler-251",1,1.33000000,,,924.62500000,296.5662171,44.1058077
"Kepler-254 d","Kepler-254",1,2.50000000,,,1389.48000000,288.1646541,45.8164257
"Kepler-31 d","Kepler-31",1,3.90000000,6.80000000,,1664.64000000,294.0230229,45.8530535
"Kepler-32 d","Kepler-32",1,2.70000000,,,323.84700000,297.8423073,46.5743595
"Kepler-42 d","Kepler-42",1,0.57000000,,"M",40.05950000,292.2196000,44.6173667
"Kepler-286 d","Kepler-286",1,1.33000000,,,1226.85000000,290.6761874,48.2942362
"TOI-5486 b","TOI-5486",1,3.96824928,,,89.68110000,190.5495041,3.7886012
"TOI-5489 b","TOI-5489",1,1.40000000,,,45.09070000,128.6912940,11.4895882
"Kepler-296 b","Kepler-296",2,1.61000000,,,,286.5400278,49.4372614
"Kepler-1731 b","Kepler-1731",1,2.93295657,,,169.94800000,291.2544229,36.7434302
"TOI-5502 b","TOI-5502",1,4.12873780,,,248.65400000,135.2040560,27.9983339
"TOI-5515 b","TOI-5515",1,2.65362762,,,135.45900000,139.6163639,16.9899558
"TOI-5532 b","TOI-5532",1,2.52763693,,,90.99850000,41.3804035,5.1507331
"Kepler-63 b","Kepler-63",1,6.11000000,0.37800000,,194.03300000,289.2262876,49.5482814
"Kepler-253 b","Kepler-253",1,1.63000000,,,838.59500000,291.8419337,44.8581240
"TOI-5542 b","TOI-5542",1,11.30986153,1.32000000,"G3 V",348.84900000,302.7984228,-61.1354659
"Kepler-603 c","Kepler-603",1,6.50000000,,,1539.63000000,294.2809679,42.2909295
"TOI-5573 b","TOI-5573",1,9.75000000,0.35000000,,186.56200000,136.4259999,55.3071309
"KOI-351 g","KOI-351",1,,0.04719528,,848.25400000,284.4334642,49.3051239
"Kepler-11 b","Kepler-11",1,1.80000000,0.00600000,,646.34600000,297.1150949,41.9091092
"TOI-5592 b","TOI-5592",1,17.14974047,0.89900000,,597.02600000,106.6800684,65.8572490
"TOI-5595 b","TOI-5595",1,4.73740402,,,136.95500000,110.4601649,35.2219829
"Kepler-18 b","Kepler-18",1,2.00000000,0.02200000,,433.04700000,298.0794448,44.7462480
"TOI-5599 b","TOI-5599",1,7.18882120,,,547.94800000,199.3262375,55.6815392
"TOI-5605 b","TOI-5605",1,2.52611303,,,95.07350000,150.5380078,50.1453867
"TOI-5614 b","TOI-5614",1,3.21759316,,,223.01600000,189.4323154,69.4584273
"TOI-5616 b","TOI-5616",1,10.78000000,1.96332356,,390.41500000,184.9016378,48.6832895
"Kepler-20 e","Kepler-20",2,0.82100000,0.00239123,,282.56300000,287.6979913,42.3385782
"TOI-5624 d","TOI-5624",1,3.58400000,0.01541712,,101.91300000,180.8443476,49.2512257
"KOI-351 d","KOI-351",1,2.87000000,,,848.25400000,284.4334642,49.3051239
"TOI-5628 A b","TOI-5628 A",2,8.29464572,0.09000000,"M3.0&plusmn1.0",110.03000000,185.7279551,18.8367047
"TOI-5630 b","TOI-5630",1,2.37117553,,,134.04700000,236.4538532,40.3748618
"TOI-5634 A b","TOI-5634 A",2,10.42000000,1.85005489,,306.14400000,175.6436366,20.9652921
"Kepler-16 b","Kepler-16",2,8.44930000,0.33300000,,75.08520000,289.0758307,51.7572290
"Kepler-908 b","Kepler-908",3,1.22000000,,,290.84300000,295.3225434,39.3764624
"TOI-5678 b","TOI-5678",1,4.91000000,0.06292704,"G7 V",165.39300000,47.3841872,-34.1984808
"Kepler-911 b","Kepler-911",1,2.60000000,,,556.16800000,298.5891948,40.7506921
"TOI-5688 A b","TOI-5688 A",2,10.30000000,0.39000000,,226.31800000,266.9231001,47.7050486
"HD 23472 f","HD 23472",1,1.13700000,0.00242269,"K4 V",39.03410000,55.4590314,-62.7672667
"HD 23472 d","HD 23472",1,0.75000000,0.00173049,"K4 V",39.03410000,55.4590314,-62.7672667
"Kepler-907 b","Kepler-907",1,1.20000000,,,,285.4764959,41.6326615
"HD 23472 e","HD 23472",1,0.81800000,0.00226537,"K4 V",39.03410000,55.4590314,-62.7672667
"TOI-201 d","TOI-201",1,1.39000000,0.01824884,"F",113.82500000,87.4017825,-54.9104230
"LHS 1678 d","LHS 1678",2,0.98100000,,"M2.0 V",19.87820000,68.1789866,-39.7908744
"TOI-1260 d","TOI-1260",1,3.12000000,0.03725281,,73.59770000,157.1440712,65.8541986
"OGLE-2019-BLG-0362L b","OGLE-2019-BLG-0362L",1,,3.26000000,,5830.00000000,263.4652500,-24.8103611
"KMT-2021-BLG-0171L b","KMT-2021-BLG-0171L",1,,0.03523914,,4600.00000000,269.2416667,-30.0930556
"KMT-2021-BLG-1689L b","KMT-2021-BLG-1689L",1,,0.14473219,,7200.00000000,269.5791667,-30.1452778
"TOI-5704 b","TOI-5704",1,3.22740000,,,89.63700000,169.8248694,44.9890782
"Kepler-912 b","Kepler-912",1,2.80000000,,,2004.72000000,298.1111779,41.7583240
"TOI-5713 b","TOI-5713",1,1.77000000,,"M3.5+/-0.5",40.86680000,208.4587323,52.6027628
"TOI-5716 b","TOI-5716",1,0.96000000,,,39.41220000,201.9007989,73.1774325
"TOI-5720 b","TOI-5720",1,1.09000000,0.01352931,"M3.5 +/- 1.0",35.82560000,170.3135774,25.2732942
"TOI-5726.01","TOI-5726",1,2.55400000,,,108.84800000,123.3950504,68.5745899
"TOI-5728 b","TOI-5728",1,1.31000000,,,54.70450000,260.3509363,67.5504212
"TOI-5734 b","TOI-5734",1,2.10000000,0.02863180,"K3-K4 V",32.51020000,111.2558179,37.2311218
"TOI-5736 b","TOI-5736",1,1.56000000,,,92.36040000,213.7583971,49.5009379
"Kepler-2000 b","Kepler-2000",1,2.73000000,,,320.58800000,285.5743032,49.9621218
"Kepler-913 b","Kepler-913",1,2.06000000,,,991.61800000,297.5830564,41.9523531
"GJ 896 A b","GJ 896 A",2,,2.26000000,"M3.5 V",6.26022000,352.9700384,19.9370011
"LP 890-9 c","LP 890-9",1,1.36700000,0.07960270,"M6 V",32.42980000,64.1309096,-28.3157909
"Kepler-312 c","Kepler-312",1,3.15000000,,,797.72000000,298.3957687,42.4597712
"Wolf 327 b","Wolf 327",1,1.24000000,0.00796027,"M2.5 V",28.53210000,148.3783199,35.5705480
"Kepler-910 b","Kepler-910",1,0.82000000,,,400.28900000,296.0472937,42.7429414
"Kepler-914 b","Kepler-914",1,1.38000000,,,753.72300000,290.4120774,44.8993227
"TOI-5777 b","TOI-5777",1,3.09551273,,,114.27700000,141.0022390,82.8586961
"HD 105618 b","HD 105618",1,,0.08000000,,70.08370000,182.4021288,11.2115695
"HD 105618 c","HD 105618",1,,26.49100000,,70.08370000,182.4021288,11.2115695
"HD 109988 b","HD 109988",1,,21.82100000,,42.52790000,189.8154662,-32.7263607
"HD 110537 b","HD 110537",1,,27.09900000,,45.08580000,190.7462412,-4.0501059
"Kepler-909 b","Kepler-909",1,1.47000000,,,309.59600000,289.5063796,45.3709728
"HD 11112 b","HD 11112",1,,8.17600000,,44.38040000,27.0881399,-41.4944106
"HD 111232 c","HD 111232",1,,18.06300000,,28.95710000,192.2159553,-68.4246679
"HD 113337 c","HD 113337",3,,19.82100000,,36.18000000,195.4438496,63.6103280
"HD 11343 c","HIP 8541",2,,0.80400000,,155.12100000,27.5271962,-54.4651633
"HD 11505 b","HD 11505",1,,7.89900000,,38.96790000,28.2750265,-1.3284416
"HD 11506 d","HD 11506",1,,12.80000000,"G0 V",51.26100000,28.2106607,-19.5073960
"HD 122562 c","HD 122562",1,,0.23000000,,53.25280000,210.5886904,20.8810286
"HD 125271 b","HD 125271",1,,10.90400000,,39.34660000,216.6474037,-81.4542756
"HD 127506 b","HD 127506",1,,0.08600000,,22.52790000,217.6848544,35.4546059
"HD 135872 b","HD 135872",1,,5.48900000,,82.42510000,229.4213643,-5.2024735
"HD 136118 b","HD 136118",1,,13.10200000,,51.43590000,229.7306046,-1.5922913
"HD 13724 c","HD 13724",1,,0.16000000,,43.46500000,33.0859626,-46.8166738
"HD 140901 b","HD 140901",1,,0.04900000,,15.25280000,236.8689866,-37.9172333
"HD 140901 c","HD 140901",1,,1.80000000,"G7 IV",15.25280000,236.8689866,-37.9172333
"HD 142 A d","HD 142",2,,0.26000000,,26.18530000,1.5836771,-49.0753625
"HD 144899 b","HD 144899",1,,0.06400000,,115.66500000,242.5721002,-47.9146826
"HD 149806 b","HD 149806",1,,12.59700000,,20.27270000,249.2855187,0.2546794
"HD 151450 b","HD 151450",1,,0.12100000,,43.60020000,252.0080127,-15.9643450
"HD 151450 c","HD 151450",1,,5.14800000,,43.60020000,252.0080127,-15.9643450
"HD 153557 b","HD 153557",1,,0.06400000,,17.94120000,254.4706516,47.3678558
"HD 153557 c","HD 153557",1,,0.05500000,,17.94120000,254.4706516,47.3678558
"HD 153557 d","HD 153557",1,,27.45400000,,17.94120000,254.4706516,47.3678558
"HD 155918 b","HD 155918",1,,0.02400000,,27.56100000,260.5364025,-75.3492390
"HD 155918 c","HD 155918",1,,5.90900000,,27.56100000,260.5364025,-75.3492390
"HD 156098 b","HD 156098",1,,0.05000000,,48.24900000,259.2646870,-32.6630768
"HD 156098 c","HD 156098",1,,5.22800000,,48.24900000,259.2646870,-32.6630768
"HD 168863 b","HD 168863",1,,6.78000000,,39.89790000,275.6642157,-18.0219726
"HD 16905 b","HD 16905",1,,11.30000000,"K3 V",39.74010000,40.0136203,-61.3550396
"HD 18143 b","HD 18143",1,,0.03400000,,22.52430000,43.9140248,26.8723829
"HD 18143 c","HD 18143",1,,9.99800000,,22.52430000,43.9140248,26.8723829
"Kepler-915 b","Kepler-915",1,1.50000000,,,849.03600000,290.5921293,45.7372184
"HD 188641 b","HD 188641",1,,29.36500000,,64.33990000,299.4048303,-37.7448845
"HD 190228 b","HD 190228",1,,5.03000000,,62.71460000,300.7537294,28.3065564
"HD 194490 b","HD 194490",1,,11.20700000,,80.23490000,306.9980087,-51.6644646
"HD 199509 b","HD 199509",1,,0.13600000,,24.30560000,317.3445632,-82.0274926
"HD 204313 e","HD 204313",1,,15.31700000,,47.79450000,322.0510568,-21.7274194
"HD 205158 b","HD 205158",1,,0.39200000,,86.61590000,323.9186227,-59.6933144
"HD 213519 b","HD 213519",1,,0.02900000,,41.00140000,337.7727845,45.1452472
"HD 217786 c","HD 217786",2,,0.02300000,,55.48470000,345.7838088,-0.4303594
"HD 217958 b","HD 217958",1,,0.52400000,,61.79570000,346.1365770,-25.6917758
"HD 25912 b","HD 25912",1,,0.12000000,,49.16610000,60.9074988,-51.9315058
"Kepler-916 b","Kepler-916",1,1.76000000,,,830.71200000,290.9833818,45.9733334
"HD 25912 c","HD 25912",1,,16.52700000,,49.16610000,60.9074988,-51.9315058
"HD 28185 c","HD 28185",1,,6.00000000,,39.38090000,66.6100461,-10.5510754
"HD 28192 b","HD 28192",1,,0.31400000,,49.80630000,66.7032517,-1.7244842
"HD 29985 b","HD 29985",1,,5.47300000,,31.27070000,70.5216589,-33.9210696
"HD 43197 c","HD 43197",1,,7.86800000,,62.41120000,93.3993231,-29.8971929
"HD 457 b","HD 457",1,,26.57200000,,55.03750000,2.2492922,-39.7372401
"HD 56957 b","HD 56957",1,,5.91800000,,61.49250000,109.3253986,-40.6560651
"HD 62364 b","HD 62364",1,,18.77000000,"F7 V",53.11200000,113.9052658,-75.5442707
"HD 62364 c","HD 62364",1,,24.93000000,,53.11200000,113.9052658,-75.5442707
"HD 62549 b","HD 62549",1,,8.51900000,,49.33050000,116.0821439,-5.0541223
"Kepler-50 b","Kepler-50",1,1.71000000,,,250.11000000,288.1009312,50.0336844
"HD 72659 c","HD 72659",1,,19.40000000,"G2 V",51.89490000,128.5128072,-1.5686323
"HD 73267 c","HD 73267",1,,5.13100000,,50.40930000,129.0735123,-34.4594469
"HD 80883 b","HD 80883",1,,5.50000000,,34.60110000,139.9331831,-59.4780815
"HD 80913 b","HD 80913",1,,23.61400000,,61.36030000,138.1021548,-81.7684510
"HD 81817 c","HD 81817",1,,22.60900000,,269.12600000,144.2715659,81.3263096
"HD 86065 b","HD 86065",1,,9.05300000,,40.36610000,148.9256674,-18.1069385
"HD 88072 b","HD 88072",1,,7.90300000,,35.90980000,152.3467466,2.3710540
"HD 93351 b","HD 93351",1,,0.01100000,,56.16300000,161.6779279,-1.6885763
"HD 93351 c","HD 93351",1,,13.07000000,,56.16300000,161.6779279,-1.6885763
"HD 97037 b","HD 97037",1,,21.10500000,,32.41300000,167.5545621,-7.3901483
"GJ 2030 b","GJ 2030",1,,0.01500000,,37.07880000,50.8237604,-7.7950429
"GJ 2030 c","GJ 2030",1,,12.80300000,,37.07880000,50.8237604,-7.7950429
"GJ 3222 b","GJ 3222",2,,0.03600000,,18.23817000,50.8972464,-40.0762325
"GJ 680 b","GJ 680",2,,25.10000000,,9.67315000,263.8072214,-48.6788427
"GJ 9714 b","GJ 9714",1,,9.40300000,,20.51210000,315.4141767,-32.5250028
"HD 115404 A b","HD 115404 A",1,,0.09700000,,10.98160000,199.2155793,17.0160384
"HD 115404 A c","HD 115404 A",1,,10.31900000,,10.98160000,199.2155793,17.0160384
"HD 12235 b","HD 12235",1,,0.03300000,,31.76270000,30.0391601,3.0959098
"HD 12235 c","HD 12235",1,,9.86600000,,31.76270000,30.0391601,3.0959098
"HD 203387 b","HD 203387",1,,3.48000000,,61.74770000,320.5617820,-16.8345229
"Kepler-408 b","Kepler-408",1,0.82000000,0.01573168,,88.78320000,284.7862158,48.4232622
"HD 203387 c","HD 203387",1,,7.48500000,,61.74770000,320.5617820,-16.8345229
"HIP 19976 b","HIP 19976",2,,0.06800000,,40.27070000,64.2597881,-40.7985198
"HIP 35965 b","HIP 35965",1,,8.14900000,,50.16770000,111.2025182,-51.3257507
"HIP 55507 b","HIP 55507",1,,8.13500000,,25.48930000,170.5227246,46.9078030
"HIP 948 b","HIP 948",1,,20.60000000,,34.85230000,2.9276336,-39.2304879
"OGLE-2019-BLG-1470L AB c","OGLE-2019-BLG-1470L A",2,,2.20000000,,5900.00000000,271.9492083,-27.0335556
"TOI-5786 b","TOI-5786",2,8.54000000,0.22968369,,192.47500000,293.3223259,30.7042468
"TOI-5788 c","TOI-5788",1,2.27200000,0.02013665,,97.61400000,287.4249017,31.7615284
"TOI-5788 b","TOI-5788",1,1.52800000,0.01170443,,97.61400000,287.4249017,31.7615284
"TOI-5795 b","TOI-5795",1,5.62000000,0.07444269,"G3 V",156.53000000,304.8687820,-7.5476595
"TOI-5799 b","TOI-5799",1,1.73300000,,"M2 V",27.81230000,301.6301790,15.9891418
"TOI-5800 b","TOI-5800",1,2.46000000,0.02989034,"K3 V",42.90520000,305.0655462,-7.4119237
"HD 184010 b","HD 184010",1,,0.31000000,"K0 III-IV",60.79930000,292.8401421,26.6172796
"HD 184010 c","HD 184010",1,,0.30000000,"K0 III-IV",60.79930000,292.8401421,26.6172796
"HD 184010 d","HD 184010",1,,0.45000000,"K0 III-IV",60.79930000,292.8401421,26.6172796
"KIC 3526061 b","KIC 3526061",1,,18.15000000,,401.22900000,285.1863974,38.6111112
"NGTS-21 b","NGTS-21",1,14.90794433,2.36000000,"K3 V",592.89100000,311.2583112,-35.4278412
"KMT-2021-BLG-1898L b","KMT-2021-BLG-1898L",1,,0.73000000,,6900.00000000,265.6918750,-27.3758389
"HD 3167 e","HD 3167",1,,0.04688064,,47.28990000,8.7401487,4.3807215
"TOI-5803 b","TOI-5803",1,3.27320000,,,84.01260000,327.2487497,6.2781777
"Kepler-76 b","Kepler-76",1,15.24424000,2.01000000,,822.96000000,294.1921185,39.6189727
"TOI-5817 b","TOI-5817",2,3.08000000,0.03240742,"G2 IV-V",80.75420000,322.3777987,21.4745270
"TOI-969 c","TOI-969",1,,11.30000000,"K V",77.25540000,115.1366858,2.0985879
"OGLE-2017-BLG-1691L b","OGLE-2017-BLG-1691L",1,,0.04600000,,7290.00000000,263.5938333,-29.2848306
"KMT-2021-BLG-0320L b","KMT-2021-BLG-0320L",1,,0.10000000,,6950.00000000,269.3881250,-30.5039389
"KMT-2021-BLG-1303L b","KMT-2021-BLG-1303L",1,,0.38000000,,6280.00000000,271.8638750,-29.2815806
"KMT-2021-BLG-1554L b","KMT-2021-BLG-1554L",1,,0.12000000,,7680.00000000,267.8034167,-31.8643611
"Kepler-1762 b","Kepler-1762",1,2.76022913,,,1663.74000000,290.4931471,39.7855117
"HD 206893 b","HD 206893",1,,19.50000000,,40.75830000,326.3416874,-12.7833522
"K2-411 b","K2-411",1,0.98980000,,,298.21900000,58.0036310,19.3909877
"K2-413 b","K2-413",1,0.75990000,,,285.16200000,353.4175668,-7.6120272
"K2-413 c","K2-413",1,1.23270000,,,285.16200000,353.4175668,-7.6120272
"K2-414 c","K2-414",1,1.92870000,,,260.03600000,351.6361913,-4.6066569
"K2-414 b","K2-414",1,1.21900000,,,260.03600000,351.6361913,-4.6066569
"K2-412 b","K2-412",1,2.11600000,,,654.08500000,76.2621295,21.5801620
"Kepler-1712 b","Kepler-1712",1,2.28372556,,,156.26400000,284.9986980,50.1466922
"Kepler-923 b","Kepler-923",1,1.38000000,,,1000.28000000,294.1710831,40.0551372
"NGTS-23 b","NGTS-23",1,14.20177855,0.61300000,"F9 V",1074.95000000,70.4322947,-40.0445299
"NGTS-25 b","NGTS-25",1,11.46678726,0.63900000,"K0 V",521.23300000,307.4182976,-39.0323568
"HD 191939 g","HD 191939",1,,0.04247575,"G9 V",53.60890000,302.0256247,66.8503014
"TOI-5882 b","TOI-5882",1,11.46678726,22.01000000,,416.10400000,311.8886385,34.7374918
"Kepler-924 b","Kepler-924",1,3.07000000,,,1053.04000000,290.6685136,40.3977086
"TOI-5916 b","TOI-5916",1,11.35469745,0.71300000,"M2&plusmn;0.5",199.72400000,325.2995114,9.5990534
"Kepler-1763 b","Kepler-1763",1,1.14651332,,,756.48600000,294.1130368,40.3628861
"TOI-5926 b","TOI-5926",1,7.56807148,,,275.10300000,308.0784435,15.5030795
"Kepler-4 b","Kepler-4",1,4.00200000,0.07700000,,487.91600000,285.6154492,50.1357712
"Kepler-925 b","Kepler-925",1,2.34000000,,,611.11500000,290.1065581,40.4906242
"TOI-5938 b","TOI-5938",1,3.82000000,,,114.03500000,303.9088422,28.6592261
"HD 167768 b","HD 167768",1,,0.85000000,"G8 III",107.21400000,274.2213308,-3.0085807
"HD 114082 b","HD 114082",1,11.20898070,8.00000000,"F3 V",95.39060000,197.3171237,-60.3084347
"KMT-2021-BLG-0119L b","KMT-2021-BLG-0119L",1,,5.52000000,,3130.00000000,274.0005417,-29.7438889
"KMT-2021-BLG-0192L b","KMT-2021-BLG-0192L",1,,0.11000000,,5120.00000000,268.1049583,-30.0086889
"KMT-2021-BLG-2294L b","KMT-2021-BLG-2294L",1,,0.07000000,,6800.00000000,270.0624167,-28.6124389
"MOA-2019-BLG-008L b","MOA-2019-BLG-008L",1,,18.00000000,,2700.00000000,267.9828750,-29.9897306
"HD 206893 c","HD 206893",1,,11.10000000,,40.75830000,326.3416874,-12.7833522
"Kepler-926 b","Kepler-926",1,2.31000000,,,921.36100000,289.6793396,40.7004265
"TOI-1136 b","TOI-1136",1,,0.01101223,,84.53620000,192.1848981,64.8552755
"TOI-1136 g","TOI-1136",1,,0.01761957,,84.53620000,192.1848981,64.8552755
"TOI-6000 b","TOI-6000",1,0.94000000,,,75.76640000,292.6062979,68.1545924
"TOI-6002 b","TOI-6002",1,1.65000000,,"M3.5+/-0.5",32.02660000,299.6142524,32.2871702
"TOI-6008 b","TOI-6008",1,1.03000000,0.01258541,"M5.0",23.10080000,310.4487344,49.6468992
"KMT-2017-BLG-0673L b","KMT-2017-BLG-0673L",1,,3.67000000,,5080.00000000,264.7570417,-33.8080278
"KMT-2019-BLG-0414L b","KMT-2019-BLG-0414L",1,,4.57000000,,4410.00000000,268.8529167,-21.8955389
"GJ 1002 b","GJ 1002",1,,0.00339806,"M5.5 V",4.84867000,1.6764641,-7.5462123
"GJ 1002 c","GJ 1002",1,,0.00427904,"M5.5 V",4.84867000,1.6764641,-7.5462123
"KMT-2021-BLG-0240L b","KMT-2021-BLG-0240L",1,,0.21000000,,6600.00000000,267.5772917,-30.0049694
"TOI-6016 b","TOI-6016",1,13.67495645,1.17000000,"F",364.71500000,4.5239602,59.7661983
"TOI-6019 b","TOI-6019",1,12.30000000,0.46880643,,260.34200000,355.0913498,35.9408402
"OGLE-2006-BLG-284L A b","OGLE-2006-BLG-284L A",2,,0.45307467,,4000.00000000,269.6592500,-29.1366667
"KMT-2021-BLG-1077L b","KMT-2021-BLG-1077L",1,,0.22000000,"M V",8240.00000000,266.4891250,-33.8428111
"KMT-2021-BLG-1077L c","KMT-2021-BLG-1077L",1,,0.25000000,"M V",8240.00000000,266.4891250,-33.8428111
"MOA-2020-BLG-135L b","MOA-2020-BLG-135L",1,,0.03555378,,7900.00000000,268.4235000,-29.8075667
"Kepler-138 e","Kepler-138",1,,0.00135293,,66.86240000,290.3814122,43.2930645
"TOI-1288 c","TOI-1288",1,,0.26964235,,114.86500000,313.1670294,65.6087833
"nu Oct A b","nu Oct A",2,,2.19000000,"K1 IV",21.19990000,325.3702792,-77.3910853
"GJ 1151 c","GJ 1151",1,,0.03341426,"M 4.5V",8.03625000,177.7304866,48.3732334
"Proxima Cen d","Proxima Cen",3,,0.00081805,"M5.5 V",1.30119000,217.3934657,-62.6761821
"TOI-6029 b","TOI-6029",1,14.39233122,1.63500000,,603.11900000,8.3862555,61.8607659
"TOI-6034 b","TOI-6034",2,11.92000000,0.79800000,,117.99200000,317.9001392,68.4020762
"TOI-6038 A b","TOI-6038 A",2,6.41000000,0.24698862,,179.14700000,51.6572691,40.8172704
"Kepler-927 b","Kepler-927",1,1.72000000,,,831.68500000,289.3834807,41.3926651
"TOI-6041 b","TOI-6041",1,4.55000000,0.09092957,"G7",72.47310000,46.0610334,43.5576668
"OGLE-2019-BLG-0468L b","OGLE-2019-BLG-0468L",1,,3.43000000,"G",4400.00000000,266.4060000,-24.4472778
"OGLE-2019-BLG-0468L c","OGLE-2019-BLG-0468L",1,,10.22000000,"G",4400.00000000,266.4060000,-24.4472778
"TOI-1669 b","TOI-1669",1,,0.60095321,,111.27600000,45.9564744,83.5874273
"TOI-1694 c","TOI-1694",1,,0.99600000,"K2 V - K3 V",124.68000000,97.7487104,66.3605956
"KMT-2017-BLG-1194L b","KMT-2017-BLG-1194L",1,,0.01113809,,4240.00000000,274.3221250,-25.3239389
"KMT-2017-BLG-0428L b","KMT-2017-BLG-0428L",1,,0.01758811,,5400.00000000,271.3852500,-28.4902806
"KMT-2019-BLG-1806L b","KMT-2019-BLG-1806L",1,,0.01469346,,6640.00000000,270.5375417,-29.4148889
"KMT-2017-BLG-1003L b","KMT-2017-BLG-1003L",1,,0.01632957,,7090.00000000,265.4115000,-24.3739389
"KMT-2019-BLG-1367L b","KMT-2019-BLG-1367L",1,,0.01283712,,4670.00000000,272.4713333,-29.7622111
"OGLE-2017-BLG-1806L b","OGLE-2017-BLG-1806L",1,,0.01658127,,6400.00000000,266.6232500,-24.2722694
"KMT-2016-BLG-1105L b","KMT-2016-BLG-1105L",1,,0.00729954,,5080.00000000,266.4472500,-26.2663694
"OGLE-2019-BLG-1053L b","OGLE-2019-BLG-1053L",1,,0.00780295,,6800.00000000,270.1663750,-27.3415833
"KMT-2019-BLG-0253L b","KMT-2019-BLG-0253L",1,,0.02894644,,4900.00000000,267.8825833,-29.5654722
"OGLE-2018-BLG-0506L b","OGLE-2018-BLG-0506L",1,,0.05128554,,5600.00000000,267.6298333,-31.9240556
"Kepler-1764 b","Kepler-1764",1,4.55527871,,,1542.48000000,293.8799047,41.3938374
"OGLE-2018-BLG-0516L b","OGLE-2018-BLG-0516L",1,,0.06324167,,7000.00000000,269.6401250,-31.2623889
"OGLE-2019-BLG-1492L b","OGLE-2019-BLG-1492L",1,,0.11672965,,5600.00000000,270.0964583,-28.6311389
"OGLE-2018-BLG-0977L b","OGLE-2018-BLG-0977L",1,,0.02013665,,6500.00000000,268.5061250,-30.6048056
"KMT-2019-BLG-0953L b","KMT-2019-BLG-0953L",1,,0.04876845,,7200.00000000,269.3385833,-28.6746389
"OGLE-2016-BLG-1093L b","OGLE-2016-BLG-1093L",1,,0.71000000,,8120.00000000,269.0042917,-32.7134722
"KMT-2021-BLG-1391L b","KMT-2021-BLG-1391L",1,,0.01431590,,5720.00000000,270.6835833,-28.0605000
"KMT-2021-BLG-1253L b","KMT-2021-BLG-1253L",1,,0.05993800,,6640.00000000,267.6172083,-29.2792806
"KMT-2021-BLG-1372L b","KMT-2021-BLG-1372L",1,,0.19277698,,5970.00000000,264.4885417,-28.1483889
"KMT-2021-BLG-0748L b","KMT-2021-BLG-0748L",1,,0.45000000,,6090.00000000,272.4213333,-25.7465806
"KMT-2019-BLG-1042L b","KMT-2019-BLG-1042L",1,,0.19000000,,6600.00000000,270.5440417,-27.5806694
"KMT-2019-BLG-1552L b","KMT-2019-BLG-1552L",1,,4.05000000,,4600.00000000,269.5957917,-27.5669389
"KMT-2019-BLG-2974L b","KMT-2019-BLG-2974L",1,,0.28000000,,6100.00000000,267.8520833,-29.4231611
"Kepler-928 b","Kepler-928",1,1.59000000,,,508.80900000,289.9206760,41.5427758
"TOI-6054.01","TOI-6054",1,2.64000000,0.03932940,,79.40700000,56.3370070,60.3509170
"TOI-6054.02","TOI-6054",1,2.82000000,0.02926107,,79.40700000,56.3370070,60.3509170
"Kepler-929 b","Kepler-929",1,1.11000000,,,1311.23000000,298.4811022,41.6152603
"Wolf 1069 b","Wolf 1069",1,,0.00396440,"M5.0 V",9.58341000,306.5242477,58.5753044
"L 363-38 b","L 363-38",1,,0.01469346,,10.22950000,10.8555443,-41.2952926
"AF Lep b","AF Lep",1,,3.61000000,"F8",26.85640000,81.7699216,-11.9011752
"TOI-6080 b","TOI-6080",1,3.32424168,,,188.18300000,266.6044226,38.0787076
"GJ 463 b","GJ 463",1,,1.64900000,"M3.0 V",18.35540000,185.7440496,64.0324311
"TIC 279401253 b","TIC 279401253",1,11.20898070,6.14000000,,285.58400000,57.6572277,-15.0262251
"TIC 279401253 c","TIC 279401253",1,,8.02000000,,285.58400000,57.6572277,-15.0262251
"HD 169142 b","HD 169142",1,,3.00000000,,113.60000000,276.1240717,-29.7805318
"OGLE-2018-BLG-0799L b","OGLE-2018-BLG-0799L",1,,0.26000000,,4050.00000000,273.4590000,-25.4857222
"TOI-4156 c","TOI-4156",1,2.92303762,,,213.71900000,230.7808336,76.3318816
"TOI-6086 b","TOI-6086",1,1.18000000,,"M3.0",31.45660000,265.3704236,30.3037755
"HD 18438 b","HD 18438",1,,21.00000000,"M2.5 III",224.14600000,46.5318358,79.4185800
"TOI-1338 c","TOI-1338 A",2,,0.23723493,,399.01700000,92.1330955,-59.5409853
"Kepler-314 c","Kepler-314",1,2.90000000,,,268.88100000,294.6741507,42.0756037
"KMT-2021-BLG-0712L b","KMT-2021-BLG-0712L",1,,0.12015918,,3090.00000000,269.2856667,-31.1844694
"KMT-2021-BLG-0909L b","KMT-2021-BLG-0909L",1,,1.26000000,,6480.00000000,265.6202083,-27.6391389
"KMT-2021-BLG-2478L b","KMT-2021-BLG-2478L",1,,0.90000000,,2970.00000000,269.3092083,-29.1019694
"KMT-2021-BLG-1105L b","KMT-2021-BLG-1105L",1,,1.30000000,,4540.00000000,265.7322500,-25.5089111
"K2-415 b","K2-415",1,1.01500000,0.02359764,"M5 V",21.81820000,137.2015437,11.8622503
"TOI-1533 c","TOI-1533",1,7.50000000,0.11515648,,100.05100000,355.2467209,57.4852417
"WASP-84 c","WASP-84",1,1.95000000,0.04800000,"K0",100.58800000,131.1069959,1.8598933
"TOI-6109 c","TOI-6109",1,4.83260000,,"G3",151.73800000,50.1319206,42.6069564
"PZ Tel b","PZ Tel",1,,27.00000000,"G9 IV",47.06480000,283.2745823,-50.1808952
"KMT-2018-BLG-0030L b","KMT-2018-BLG-0030L",1,,1.45000000,,6480.00000000,264.5166667,-28.0416250
"KMT-2018-BLG-0087L b","KMT-2018-BLG-0087L",1,,0.23000000,,7020.00000000,264.3270000,-27.8320611
"KMT-2018-BLG-0247L b","KMT-2018-BLG-0247L",1,,2.11000000,,6760.00000000,264.5600417,-27.1504111
"Kepler-930 b","Kepler-930",1,2.13000000,,,848.39600000,298.3144494,42.2473698
"OGLE-2018-BLG-0298L b","OGLE-2018-BLG-0298L",1,,0.14000000,,6540.00000000,264.2845000,-29.7091111
"KMT-2018-BLG-2602L b","KMT-2018-BLG-2602L",1,,1.15000000,,4310.00000000,267.3970417,-21.9762000
"OGLE-2018-BLG-1119L b","OGLE-2018-BLG-1119L",1,,0.91000000,,5760.00000000,270.0292500,-32.3752778
"WASP-149 b","WASP-149",1,15.24421375,0.99100000,,211.73000000,124.0736810,-8.6865813
"TOI-6130 b","TOI-6130",1,14.34749530,1.05000000,"F",220.88200000,339.2050832,16.8271941
"WASP-155 b","WASP-155",1,13.45077684,0.87100000,,399.63000000,347.9797230,33.0476125
"Kepler-931 b","Kepler-931",1,1.33000000,,,,297.1326937,42.7682885
"WASP-102 b","WASP-102",1,14.90794433,0.62200000,,535.68900000,336.4643016,15.8566392
"Kepler-485 b","Kepler-485",1,14.41000000,,,1140.95000000,294.9963415,50.4700458
"Kepler-1650 b","Kepler-1650",1,0.96000000,,,134.39700000,297.7292296,42.8666919
"Kepler-1765 b","Kepler-1765",1,2.49508857,,,764.45600000,298.0144601,42.9574314
"Kepler-1670 b","Kepler-1670",1,3.35648010,,,2065.98000000,290.3264599,43.1217550
"Kepler-932 b","Kepler-932",1,1.37000000,,,465.61200000,296.9520797,43.2720233
"TOI-6223 b","TOI-6223",1,5.07000000,,"M0 V",133.12200000,355.9505977,33.0672361
"Kepler-315 b","Kepler-315",1,3.77000000,,,1160.63000000,298.0230967,43.3634761
"Gliese 12 b","Gliese 12",1,0.93000000,0.00298903,,12.21000000,3.9579137,13.5576175
"TOI-6255 b","TOI-6255",1,1.07900000,0.00453075,,20.31670000,331.5031606,39.2988284
"Kepler-933 b","Kepler-933",1,2.46000000,,,1017.20000000,289.5685257,43.5385438
"HIP 99770 b","HIP 99770",1,,17.00000000,,40.07650000,303.6338344,36.8066046
"Kepler-68 e","Kepler-68",2,,0.27200000,,144.16600000,291.0323102,49.0402129
"Kepler-454 d","Kepler-454",2,,2.31000000,,230.86900000,287.4786474,38.2290751
"K2-312 c","HD 80653",1,,5.29000000,"G0 V",109.86000000,140.3390845,14.3678691
"Kepler-10 d","Kepler-10",1,,0.03775622,,185.50600000,285.6792980,50.2414842
"Kepler-934 b","Kepler-934",1,2.09000000,,,608.73800000,290.2884494,43.7552623
"Kepler-104 c","Kepler-104",2,3.13000000,,,400.78500000,287.6046621,42.1665104
"Kepler-507 b","Kepler-507",1,1.30000000,,,391.64400000,297.0188074,50.4090460
"K2-2016-BLG-0005L b","K2-2016-BLG-0005L",1,,1.10000000,,5200.00000000,269.8798333,-27.6074722
"WISE J033605.05-014350.4 b","WISE J033605.05-014350.4",1,,8.25000000,,,54.0210417,-1.7306944
"OGLE-2018-BLG-1126L b","OGLE-2018-BLG-1126L",1,,0.05600000,,5700.00000000,268.3558750,-31.7247194
"OGLE-2018-BLG-1647L b","OGLE-2018-BLG-1647L",1,,0.97000000,,7880.00000000,268.9623750,-31.8170000
"OGLE-2018-BLG-1367L b","OGLE-2018-BLG-1367L",1,,0.95000000,,5370.00000000,269.7556250,-29.1683611
"OGLE-2018-BLG-0932L b","OGLE-2018-BLG-0932L",1,,0.89000000,,6620.00000000,268.3512083,-29.0218056
"OGLE-2018-BLG-1212L b","OGLE-2018-BLG-1212L",1,,0.20000000,,1550.00000000,271.0776250,-28.1940833
"TOI-815 c","TOI-815",2,2.62000000,0.07393927,"K3 V",59.71170000,155.8719377,-43.8349248
"WASP-193 b","WASP-193",2,14.78464554,0.11200000,,362.08700000,164.3491401,-29.9971229
"Kepler-316 c","Kepler-316",1,1.16000000,,,384.93800000,290.8258350,44.1838993
"HD 101581 c","HIP 56998",1,0.99000000,,,12.77810000,175.2563039,-44.4041485
"HD 101581 b","HIP 56998",1,0.95600000,,,12.77810000,175.2563039,-44.4041485
"TOI-6281 b","TOI-6281",1,1.92416074,,,57.74510000,172.3785238,-40.6094246
"LP 791-18 d","LP 791-18",1,1.03200000,0.00286318,"M(6.1 +/- 0.7) V",26.49270000,165.6904843,-16.4064445
"Kepler-1766 b","Kepler-1766",1,2.27904508,,,501.22900000,294.2772343,46.6752351
"TOI-6303 b","TOI-6303",1,11.59000000,7.84000000,,152.21900000,46.7806502,40.1471740
"Kepler-935 b","Kepler-935",1,1.35000000,,,471.78200000,295.0217193,46.6192011
"Kepler-936 b","Kepler-936",1,1.45000000,,,823.39900000,293.5777958,46.7362953
"Kepler-937 b","Kepler-937",1,3.72000000,,,1571.46000000,294.1688142,46.7146161
"TOI-6324 b","TOI-6324",1,1.05900000,0.00368123,,20.54880000,330.8445430,67.4986773
"TOI-6330 b","TOI-6330",1,10.89000000,10.00000000,,139.04200000,22.1679816,53.6860778
"Kepler-1767 b","Kepler-1767",1,3.01299077,,,820.50600000,293.6441248,46.9896696
"Kepler-938 b","Kepler-938",1,2.22000000,,,1182.05000000,294.7890593,46.9839352
"Kepler-939 b","Kepler-939",1,1.75000000,,,2093.62000000,293.8656181,47.0268148
"Kepler-940 b","Kepler-940",1,3.34000000,,,1260.78000000,294.2413053,47.2759642
"TOI-6383 A b","TOI-6383 A",2,11.29000000,1.04000000,"M3",171.31900000,60.4246951,60.8913677
"Kepler-941 b","Kepler-941",1,3.08000000,,,1088.36000000,294.3262617,47.2175461
"TOI-6393 b","TOI-6393",1,2.75958542,,,186.22900000,141.2436918,68.7883127
"Kepler-917 b","Kepler-917",1,1.91000000,,,3460.51000000,299.0512562,47.9492677
"TOI-6420 b","TOI-6420",1,11.93756445,8.20000000,,634.71200000,125.5443036,-19.1242852
"NGTS-33 b","NGTS-33",1,18.38272835,3.63000000,,437.85500000,107.8333348,-35.8505185
"TOI-6448 b","TOI-6448",1,8.47398941,,,386.87900000,110.1704109,-33.9223285
"Kepler-918 b","Kepler-918",1,1.74000000,,,1025.03000000,298.2007268,48.2677925
"KMT-2022-BLG-0440L b","KMT-2022-BLG-0440L",1,,0.04845382,,3500.00000000,269.5835833,-32.2953056
"KMT-2019-BLG-0298L b","KMT-2019-BLG-0298L",1,,1.81000000,,6710.00000000,264.8780000,-27.6381389
"KMT-2019-BLG-1216L b","KMT-2019-BLG-1216L",1,,0.09400000,,2740.00000000,268.4806250,-35.1366389
"KMT-2019-BLG-2783L b","KMT-2019-BLG-2783L",1,,1.16000000,,5910.00000000,269.2919167,-33.7885194
"OGLE-2019-BLG-0249L b","OGLE-2019-BLG-0249L",1,,7.12000000,,6370.00000000,265.4035000,-34.7017500
"OGLE-2019-BLG-0679L b","OGLE-2019-BLG-0679L",1,,3.34000000,,5630.00000000,265.7404167,-27.7728806
"HD 207496 b","HD 207496",1,2.25000000,0.01919275,"K2.5 V",23.60600000,328.7181708,-77.3388025
"Kepler-919 b","Kepler-919",1,2.25000000,,,1119.87000000,298.1147862,48.4943834
"K2-416 b","K2-416",1,2.66000000,5.20000000,"M V",120.31100000,349.2211822,-5.2015032
"K2-417 b","K2-417",1,3.31000000,2.20000000,"M V",94.04240000,350.1417675,-10.0365901
"MOA-2020-BLG-208L b","MOA-2020-BLG-208L",1,,0.14473219,,7490.00000000,268.4325000,-32.5893111
"HD 167677 b","HD 167677",1,,2.85000000,"G5 V",54.32580000,274.2067844,-11.4067857
"HD 89839 b","HD 89839",1,,3.76586854,,57.30630000,155.1688790,-53.6640291
"HD 165131 b","HD 165131",1,,18.70000000,"G3/5 V",57.42630000,271.3444007,-21.6737039
"HD 15906 c","HD 15906",1,2.93000000,,"K V",45.56210000,38.2712534,-10.3521780
"TOI-4010 e","TOI-4010",1,,2.17727549,"K V",177.50400000,20.2148196,66.0722009
"GJ 328 c","GJ 328",1,,0.06733193,"M0.0",20.52660000,133.7819507,1.5420011
"HIP 54597 b","HIP 54597",1,,2.40000000,"K5 V",39.74290000,167.6082179,-29.4143018
"BD-210397 b","BD-210397",1,,0.70000000,"K7 V",23.73240000,33.3024198,-21.1962147
"BD-210397 c","BD-210397",1,,4.80000000,"K7 V",23.73240000,33.3024198,-21.1962147
"HD 74698 b","HD 74698",1,,0.07000000,"G5 V",52.06480000,130.0744755,-71.8768726
"HD 74698 c","HD 74698",1,,0.40000000,"G5 V",52.06480000,130.0744755,-71.8768726
"HD 94771 b","HD 94771",1,,0.53000000,"G3/G5 V",57.78070000,163.9746776,-35.1145225
"TOI-2018 b","TOI-2018",1,2.26800000,0.02894644,"K V",27.99560000,229.8374423,29.2078771
"Kepler-1759 b","Kepler-1759",1,0.90377910,,,385.34800000,298.4656275,48.5593334
"TOI-6478 b","TOI-6478",2,4.60000000,,"M4.0+/-0.5",38.60570000,149.9918059,-16.1597935
"Kepler-313 b","Kepler-313",1,2.53000000,,,,298.2948708,48.7754000
"Kepler-1760 b","Kepler-1760",1,2.28995546,,,,284.1326058,48.8251452
"Kepler-1761 b","Kepler-1761",1,1.39109603,,,221.18600000,284.1329728,49.1426325
"Kepler-920 b","Kepler-920",1,2.42000000,,,1001.68000000,284.2969363,49.1585983
"Kepler-921 b","Kepler-921",1,2.87000000,,,934.49000000,284.6162253,49.1907438
"rho CrB e","rho CrB",1,,0.01167297,"G0",17.46710000,240.2600639,33.3001861
"TOI-1634 c","TOI-1634",2,,,,35.27360000,56.3906096,37.1122803
"HD 22946 d","HD 22946",1,2.60700000,0.08359857,,62.77920000,54.8195380,-42.7630276
"HIP 81208 C b","HIP 81208 C",3,,14.80000000,"M",147.53300000,248.8075000,-35.7247583
"MOA-2022-BLG-249L b","MOA-2022-BLG-249L",1,,0.01519688,,2000.00000000,268.8655417,-28.3060611
"DMPP-4 b","DMPP-4",1,,0.03838549,"F5-F8 V",25.32840000,293.5826648,51.2358069
"TOI-1470 c","TOI-1470",1,2.47000000,0.02277959,"M1.5 V",51.95030000,10.0891431,61.2133868
"GJ 367 c","GJ 367",1,,0.01299443,"M1.0 V",9.41263000,146.1214640,-45.7790165
"GJ 367 d","GJ 367",1,,0.01897250,"M1.0 V",9.41263000,146.1214640,-45.7790165
"HN Lib b","HN Lib",1,,0.01717908,"M4.0 V",6.24442000,218.5684823,-12.5170062
"TOI-1052 c","TOI-1052",1,,0.10791987,,129.80400000,337.5102738,-75.6465606
"HD 6860 b","HD 6860",1,,28.26000000,"M0 III",61.12469000,17.4329790,35.6204990
"HD 112300 b","HD 112300",1,,15.83000000,"M1 III",62.07324000,193.8988441,3.3972376
"TOI-6109 b","TOI-6109",1,4.87040000,,"G3",151.73800000,50.1319206,42.6069564
"Kepler-922 b","Kepler-922",1,1.42000000,,,536.32300000,284.7316084,49.5331490
"TOI-6564 b","TOI-6564",1,16.39873876,0.69900000,,191.37200000,205.8178791,-56.1564491
"Kepler-943 b","Kepler-943",1,5.93000000,,,2300.53000000,284.2739322,41.5349809
"Kepler-945 b","Kepler-945",1,2.63000000,,,1651.25000000,291.2697354,42.0960305
"HD 36384 b","HD 36384",1,,6.60000000,"M0 III",209.30900000,84.9319998,75.0439884
"MWC 758 c","MWC 758",1,,,"A8Ve",159.53700000,82.6147199,25.3324076
"Kepler-944 b","Kepler-944",1,2.63000000,,,1349.43000000,293.6012911,42.3797910
"TOI-4600 c","TOI-4600",1,9.42000000,9.27000000,"K V",216.05600000,258.4503674,64.5661727
"Kepler-942 b","Kepler-942",1,2.13000000,,,216.35400000,294.9550809,44.1499518
"Kepler-120 c","Kepler-120",1,1.53000000,,,388.63000000,287.8915707,39.3390979
"TOI-6628 b","TOI-6628",1,10.98480109,0.74000000,,320.52700000,225.8370504,-35.2305793
"TOI-198 b","TOI-198",1,1.36000000,0.00997394,,23.72620000,2.2715087,-27.1217452
"HD 73256 c","HD 73256",1,,16.00000000,"G8 IV",36.70800000,129.0949961,-30.0373339
"HD 75302 b","HD 75302",1,,5.40000000,"G5 V",30.32880000,132.3015641,3.4850141
"HD 108202 b","HD 108202",1,,3.00000000,"K4/5 V",38.68460000,186.4613189,-1.1109233
"HD 135625 b","HD 135625",1,,2.30000000,"G3 IV/V",56.51800000,229.4511514,-45.9225871
"HD 185283 b","HD 185283",1,,1.30000000,"K3 V",31.39500000,295.3233609,-56.3221096
"GJ 9404 b","GJ 9404",1,,0.03744159,,23.88390000,184.8472095,28.3827126
"HIP 29442 c","TOI-469",1,1.55100000,0.01415858,,68.19200000,93.0578446,-14.6493167
"HIP 29442 d","TOI-469",1,1.53800000,0.01617225,,68.19200000,93.0578446,-14.6493167
"KMT-2021-BLG-2010L b","KMT-2021-BLG-2010L",1,,1.07000000,,7090.00000000,268.0085000,-32.2697500
"KMT-2022-BLG-0371L b","KMT-2022-BLG-0371L",1,,0.26000000,,7140.00000000,265.3619167,-34.6986694
"KMT-2022-BLG-1013L b","KMT-2022-BLG-1013L",1,,0.31000000,,7710.00000000,264.7092500,-28.3556694
"Kepler-1651 b","Kepler-1651",2,1.84000000,,,66.40740000,283.6282602,48.3908081
"HD 99492 c","HD 99492",2,,0.05631970,"K2 V",18.20380000,171.6896870,3.0071331
"75 Cet c","75 Cet",2,,0.91200000,"G3 III",82.96130000,38.0391598,-1.0350269
"HIP 113103 b","HIP 113103",1,1.82900000,,,46.21220000,343.5723794,-43.0102291
"HIP 113103 c","HIP 113103",1,2.40000000,,,46.21220000,343.5723794,-43.0102291
"HAT-P-2 c","HAT-P-2",1,,10.70000000,,127.77400000,245.1514324,41.0479601
"TOI-199 c","TOI-199",1,,0.28000000,"G9 V",102.27000000,80.1058735,-59.8954326
"TOI-6651 b","TOI-6651",1,5.09000000,0.19192746,,212.12800000,15.7885904,35.3890405
"Kepler-1777 b","Kepler-1777",1,2.13189678,,,619.14600000,290.3286455,37.7231188
"NGTS-35 b","NGTS-35",1,10.90000000,0.47824548,"K3.5 V",183.07800000,170.2763360,-26.0666162
"TOI-6677 b","TOI-6677",1,5.83507112,,,340.52000000,290.4719117,-46.8749591
"Kepler-1034 b","Kepler-1034",1,2.26000000,,,654.54900000,286.1154093,37.9669464
"TOI-6692 b","TOI-6692",1,11.67975789,0.62000000,,312.90300000,312.6940436,-81.2723982
"TOI-6695 b","TOI-6695",1,9.52763359,0.21000000,"F5V-G0V",282.53600000,129.5720221,-23.5502170
"Kepler-109 c","Kepler-109",1,2.65000000,0.02580009,,474.86100000,290.3926795,40.2849074
"Kepler-1978 b","Kepler-1978",1,2.67000000,,,865.51200000,286.0067312,38.0095407
"TOI-6699 b","TOI-6699",1,2.32645266,,,85.84630000,317.0695839,-63.2504996
"Kepler-951 b","Kepler-951",2,5.59000000,,,382.50900000,287.7375794,38.1146488
"TOI-6707 b","TOI-6707",1,5.72673066,,,641.46700000,109.7634707,-58.1155263
"Kepler-323 c","Kepler-323",1,1.57000000,0.02139519,,454.88300000,291.3822988,38.1274595
"TOI-6716 b","TOI-6716",1,0.98200000,,"M4",18.88730000,111.6570820,-30.5521801
"HIP 66074 b","HIP 66074",1,,5.00000000,,35.44380000,203.1635632,75.0071038
"Kepler-1513 c","Kepler-1513",1,,0.26600000,"G V",349.24700000,289.7917561,39.2852655
"GJ 724 b","GJ 724",1,,0.03382328,"M1.0 V",16.96580000,280.2383650,-13.3824997
"GJ 3988 b","GJ 3988",1,,0.01161004,"M4.5 V",9.91050000,255.8503747,51.4089795
"AU Mic e","AU Mic",1,,0.06638802,,9.72210000,311.2911369,-31.3424500
"Kepler-1773 b","Kepler-1773",1,3.50469499,,,681.25500000,286.2232284,38.2581676
"Kepler-1024 b","Kepler-1024",1,3.91000000,,,1087.40000000,291.9510277,38.2516419
"TIC 87422071 b","TIC 87422071",1,10.86150230,1.29000000,,384.75800000,273.0346013,-44.2434042
"Kepler-967 b","Kepler-967",1,2.35000000,,,568.54600000,286.5580128,38.4052418
"Kepler-49 c","Kepler-49",1,2.44400000,0.02636643,,311.22200000,292.2945208,40.5918123
"Kepler-975 b","Kepler-975",1,1.48000000,,,426.08800000,290.5485100,38.4952415
"Kepler-1775 b","Kepler-1775",1,3.64762153,,,657.02300000,286.4023452,38.7385674
"TOI-1736 c","TOI-1736",1,,7.68024489,,88.94820000,43.4344615,69.1013450
"AU Mic d","AU Mic",1,,0.00331000,,9.72210000,311.2911369,-31.3424500
"GJ 806 b","GJ 806",1,1.33100000,0.00597807,"M1.5 V",12.04450000,311.2697002,44.5002351
"GJ 806 c","GJ 806",1,,0.01824884,"M1.5 V",12.04450000,311.2697002,44.5002351
"HD 110067 b","HD 110067",3,2.20000000,0.01790274,"K0.0 V",32.15850000,189.8392243,20.0273377
"HD 110067 c","HD 110067",3,2.38800000,0.01982202,"K0.0 V",32.15850000,189.8392243,20.0273377
"HD 110067 d","HD 110067",3,2.85200000,0.02680692,"K0.0 V",32.15850000,189.8392243,20.0273377
"HD 110067 e","HD 110067",3,1.94000000,0.01227077,"K0.0 V",32.15850000,189.8392243,20.0273377
"HD 110067 f","HD 110067",3,2.60100000,0.01585761,"K0.0 V",32.15850000,189.8392243,20.0273377
"HD 110067 g","HD 110067",3,2.60700000,0.02642936,"K0.0 V",32.15850000,189.8392243,20.0273377
"HD 88986 b","HD 88986",1,2.49000000,0.05411725,"G2 V",33.26730000,154.1166869,28.6820708
"HD 112570 b","HD 112570",1,,3.42000000,"K0 III",101.16600000,194.2824262,46.1765638
"HD 154391 b","HD 154391",1,,9.10000000,"K1 III",100.94700000,255.3201345,60.6489226
"LHS 3154 b","LHS 3154",1,,0.04137453,"M6.5",15.76060000,241.6367309,40.9068221
"TOI-544 c","TOI-544",1,,0.06764657,,41.11660000,82.2900716,-0.3428983
"Kepler-317 b","Kepler-317",1,2.09000000,,,940.58400000,294.9438822,39.0320499
"KMT-2021-BLG-1547L b","KMT-2021-BLG-1547L",1,,1.47000000,,5070.00000000,272.3995833,-29.0839389
"KMT-2021-BLG-1770L b","KMT-2021-BLG-1770L",1,,21.00000000,,6920.00000000,270.4399583,-27.4186694
"HD 63433 d","HD 63433",1,1.07300000,,"G5 V",22.40350000,117.4793699,27.3631342
"OGLE-2019-BLG-1180L b","OGLE-2019-BLG-1180L",1,,1.74700000,,6070.00000000,269.2465417,-27.9754444
"Kepler-995 b","Kepler-995",1,2.70000000,,,609.63800000,284.6157154,39.1309980
"KMT-2018-BLG-0885L b","KMT-2018-BLG-0885L",1,,29.00000000,,6890.00000000,268.9663333,-28.5133611
"KMT-2019-BLG-0297L b","KMT-2019-BLG-0297L",1,,19.00000000,,3090.00000000,270.0632917,-28.9652806
"KMT-2019-BLG-0335L b","KMT-2019-BLG-0335L",1,,21.00000000,,7710.00000000,262.8401250,-29.5906889
"GJ 341 b","GJ 341",1,0.88000000,0.01258541,"M1",10.45400000,140.3993759,-60.2811692
"Kepler-48 c","Kepler-48",1,2.71000000,0.04596797,,306.73800000,299.1393094,40.9489390
"Kepler-1053 b","Kepler-1053",1,0.98000000,,,151.12900000,291.4186349,39.1273664
"TIC 393818343 b","TIC 393818343",2,12.18416202,4.34000000,,93.73450000,310.2917002,3.6382967
"TOI-6884 b","TOI-6884",1,10.39072511,26.32000000,,562.37600000,193.0087935,26.6739510
"TOI-6894 b","TOI-6894",1,9.58367850,0.16800000,,73.81310000,173.4691418,12.4510906
"TOI-1386 c","TOI-1386",1,,0.23660566,,146.85800000,334.5041029,54.3190454
"TOI-238 c","TOI-238",1,2.18000000,0.02108056,"K2V",80.54070000,349.2310814,-18.6066463
"Kepler-48 f","Kepler-48",1,,0.93944088,,306.73800000,299.1393094,40.9489390
"Kepler-100 e","Kepler-100",1,,0.07596149,,304.64500000,291.3861294,41.9901394
"Kepler-139 e","Kepler-139",1,,1.34071029,,391.03800000,282.3919451,43.8894167
"HD 134606 b","HD 134606",1,,0.02860034,,26.79090000,228.8103897,-70.5203328
"HD 134606 c","HD 134606",1,,0.03558524,,26.79090000,228.8103897,-70.5203328
"HD 134606 d","HD 134606",1,,0.14095656,,26.79090000,228.8103897,-70.5203328
"Kepler-1772 b","Kepler-1772",1,2.68609988,,,871.56400000,289.4381201,39.2703594
"HD 134606 e","HD 134606",1,,0.00736246,,26.79090000,228.8103897,-70.5203328
"HD 134606 f","HD 134606",1,,0.01771396,,26.79090000,228.8103897,-70.5203328
"Teegarden's Star d","Teegarden's Star",1,,0.00258001,,3.83078000,43.2691449,16.8649024
"Kepler-416 b","Kepler-416",1,2.48000000,0.18300000,,690.81900000,291.5569554,39.2272923
"Kepler-331 b","Kepler-331",1,1.82000000,,,580.11900000,291.8343455,39.3073462
"TOI-6954 b","TOI-6954",1,3.63524486,,,190.04200000,168.3240591,-2.7877643
"Kepler-1671 b","Kepler-1671",1,1.32557381,,,357.05900000,291.7484295,39.4467817
"HS Psc b","HS Psc",1,,1.46000000,"K7 V",37.66040000,24.3473790,26.9528036
"NGC 2682 Sand 1429 b","NGC 2682 Sand 1429",1,,1.80000000,"F9.5 V",852.79300000,133.0147781,11.6899626
"CI Tau c","CI Tau",1,,3.60000000,,157.99800000,68.4667685,22.8416192
"TOI-791 c","TOI-791",1,12.94637271,0.05852214,"F7",341.22100000,118.4347574,-69.7017359
"Kepler-487 d","Kepler-487",1,2.77513568,,,872.34300000,295.2872318,41.2220033
"Kepler-1060 b","Kepler-1060",1,2.38000000,,,946.56500000,286.0252285,39.6309204
"HD 104067 c","HD 104067",1,,0.04153184,,20.36320000,179.7923543,-20.3556058
"Luhman 16 b","Luhman 16 A",1,,29.40000000,,,162.3282594,-53.3193715
"KMT-2021-BLG-1150L b","KMT-2021-BLG-1150L",1,,0.88000000,,3800.00000000,268.7901250,-31.3133306
"M62H b","M62H",1,,2.47000000,,,255.3074504,-30.1069833
"Kepler-350 c","Kepler-350",1,3.10000000,0.01900000,,956.85900000,285.4195845,39.7061009
"OGLE-2017-BLG-0640L b","OGLE-2017-BLG-0640L",1,,1.62000000,,6630.00000000,267.4651250,-29.4615000
"OGLE-2017-BLG-1275L b","OGLE-2017-BLG-1275L",1,,5.90000000,,7690.00000000,267.9154167,-29.4979694
"OGLE-2017-BLG-1237L b","OGLE-2017-BLG-1237L",1,,3.80000000,,6030.00000000,271.6499583,-28.3288306
"IRAS 04125+2902 b","IRAS 04125+2902",2,10.73820351,,,159.24400000,63.9283394,29.1665420
"Kepler-319 c","Kepler-319",1,2.63000000,,,503.43600000,288.8119782,39.7706431
"HIP 39017 b","HIP 39017",1,,23.60000000,"A9/F0",66.32170000,119.7665756,-4.3326006
"KMT-2023-BLG-0416L b","KMT-2023-BLG-0416L",1,,0.04100000,,5900.00000000,266.3240417,-25.0794889
"KMT-2023-BLG-1454L b","KMT-2023-BLG-1454L",1,,0.63000000,,7220.00000000,267.6200833,-29.6227500
"KMT-2023-BLG-1642L b","KMT-2023-BLG-1642L",1,,1.08000000,,6980.00000000,261.3660000,-29.0584694
"2MASS J11550485-7919108 b","2MASS J11550485-7919108",1,,20.00000000,,100.86200000,178.7691634,-79.3197558
"2MASS J21252752-8138278 b","2MASS J21252752-8138278",1,,12.00000000,,34.11540000,321.3662989,-81.6414894
"TOI-5624 b","TOI-5624",1,2.31400000,0.02957571,,101.91300000,180.8443476,49.2512257
"Kepler-1042 b","Kepler-1042",1,2.19000000,,,,288.6689428,39.8239935
"TOI-5624 c","TOI-5624",1,2.47400000,0.01510249,,101.91300000,180.8443476,49.2512257
"TOI-5624 e","TOI-5624",1,3.24700000,0.02800253,,101.91300000,180.8443476,49.2512257
"2MASS J03590986+2009361 b","2MASS J03590986+2009361",1,,18.00000000,,117.43500000,59.7911026,20.1599759
"ITG 15 b","ITG 15 A",2,,21.00000000,,136.37000000,69.9370379,26.0312128
"G 196-3 b","G 196-3",1,,26.00000000,,21.79120000,151.0884754,50.3861806
"Kepler-1026 b","Kepler-1026",1,2.21000000,,,351.23900000,283.6053012,39.9979286
"2MASS J11011926-7732383 b","2MASS J11011926-7732383",1,,28.00000000,,,165.3295388,-77.5440912
"HIP 77900 b","HIP 77900",1,,21.00000000,,150.86200000,238.6253901,-27.3387434
"TIC 139270665 b","TIC 139270665",1,7.22979255,0.46300000,"G2",189.87500000,124.0338967,33.2914532
"TIC 139270665 c","TIC 139270665",1,,4.89000000,"G2",189.87500000,124.0338967,33.2914532
"2MASS J0249-0557 c","2MASS J0249-0557 A",2,17.37392009,11.38000000,"M6 V",66.06130000,42.4851627,-5.9599921
"SPECULOOS-3 b","SPECULOOS-3",1,0.97700000,,"M6.5+/-0.5",,312.3632611,33.6123832
"TOI-1224 b","TOI-1224",1,2.10400000,,,37.33120000,37.1978356,-80.8991053
"TOI-1224 c","TOI-1224",1,2.88400000,,,37.33120000,37.1978356,-80.8991053
"UCAC3 113-933 b","UCAC3 113-933",1,,21.00000000,"M0",52.58290000,5.2758121,-33.8031679
"UCAC4 328-061594 b","UCAC4 328-061594",1,,21.00000000,"DC",39.90890000,152.6991091,-24.4532674
"GJ 900 b","GJ 900 A",3,,11.00000000,"K7",20.80650000,353.7526177,1.6055211
"NGTS-26 b","NGTS-26",1,14.88552637,0.29200000,,1093.69000000,217.6832961,-31.7324526
"TOI-1450 A c","TOI-1450 A",2,,0.00480448,"M3.0 V",22.44670000,286.8540627,59.0866254
"MOA-2022-BLG-563L b","MOA-2022-BLG-563L",1,,0.40000000,,6530.00000000,270.3002083,-27.8358306
"KMT-2023-BLG-0469L b","KMT-2023-BLG-0469L",1,,0.12400000,,7070.00000000,269.4067917,-28.7150611
"KMT-2023-BLG-0735L b","KMT-2023-BLG-0735L",1,,0.12200000,,6390.00000000,267.5759583,-29.2029194
"HD 284149 AB b","HD 284149 A",2,,26.28000000,,117.80700000,61.6616887,20.3030344
"TOI-4527.01","TOI-4527",1,0.90866170,,,18.10370000,19.4722574,5.4711996
"Kepler-1032 b","Kepler-1032",1,1.87000000,,,673.01000000,289.9308779,40.0977109
"TOI-7008 b","TOI-7008",1,4.94735276,,,410.46700000,216.9882531,79.4503960
"TOI-7009 b","TOI-7009",1,3.71000000,,,184.12000000,299.5131334,55.6510291
"Kepler-328 c","Kepler-328",1,5.40000000,0.12400000,,2213.19000000,295.8092756,40.0084866
"Kepler-11 d","Kepler-11",1,3.12000000,0.02300000,,646.34600000,297.1150949,41.9091092
"OGLE-2023-BLG-0836L b","OGLE-2023-BLG-0836L",2,,4.36000000,,5120.00000000,267.1868750,-23.7415194
"TIC 365102760 b","TIC 365102760",1,6.21000000,0.06040996,,555.54600000,305.8398236,54.3943194
"KMT-2023-BLG-1431L b","KMT-2023-BLG-1431L",1,,0.04279039,,6800.00000000,271.1835417,-29.7439194
"OGLE-2014-BLG-0221L b","OGLE-2014-BLG-0221L",1,,4.35000000,,3680.00000000,270.3037500,-27.4267639
"HD 48948 b","HD 48948",1,,0.01535420,"K3 V",16.90430000,102.4898110,60.3373133
"HD 48948 c","HD 48948",1,,0.02287398,"K3 V",16.90430000,102.4898110,60.3373133
"HD 48948 d","HD 48948",1,,0.03331987,"K3 V",16.90430000,102.4898110,60.3373133
"TIC 241249530 b","TIC 241249530",2,13.29385111,4.98000000,,324.44800000,95.3088995,53.2950203
"TIC 46432937 b","TIC 46432937",2,13.31626907,3.20000000,,90.53690000,83.8689794,-14.5971909
"TOI-1294 c","TOI-1294",1,,0.46251372,,332.64800000,223.0926408,70.4765573
"Kepler-1017 b","Kepler-1017",1,1.99000000,,,552.05800000,283.4692990,40.1325185
"TOI-1410 c","TOI-1410",1,,0.08495150,,72.75120000,334.8828486,42.5603141
"Gaia22dkvL b","Gaia22dkvL",1,,0.59100000,,1270.00000000,151.7690000,-66.1808889
"TOI-1408 c","TOI-1408",1,2.22000000,0.02391227,"F8 V",139.48400000,313.5110469,72.5806455
"GJ 238 b","GJ 238",1,0.56600000,,"M2.5 V",15.21420000,98.4548810,-58.5250316
"HD 118203 c","HD 118203",1,,11.79000000,,92.25890000,203.5099560,53.7281876
"Kepler-974 b","Kepler-974",1,1.57000000,,,134.31100000,285.0131082,40.2209547
"OGLE-2017-BLG-0448L b","OGLE-2017-BLG-0448L",1,,0.04908309,,7530.00000000,268.6686250,-31.0319167
"TIC 4672985 b","TIC 4672985",1,11.50041420,12.74000000,,253.38500000,38.4706782,-10.6573827
"TOI-7041 b","TOI-7041",1,11.43316031,0.36000000,,439.52000000,357.8021716,-50.8698618
"Kepler-955 b","Kepler-955",1,3.13000000,,,550.38300000,288.4714969,40.2698157
"HD 21520 b","HD 21520",1,2.69700000,0.05569043,,79.20800000,51.6403449,-43.6136649
"HD 222237 b","HD 222237",1,,5.19000000,"K3 V",11.44690000,354.9078642,-72.7253271
"TOI-4562 c","TOI-4562",1,,5.77000000,"F7 V",339.60500000,112.0100593,-63.5177788
"HIP 67522 c","HIP 67522",1,7.93595834,,,127.28000000,207.5260010,-40.8358961
"TOI-5489 c","TOI-5489",1,1.28000000,,,45.09070000,128.6912940,11.4895882
"Barnard b","Barnard's star",1,,0.00094076,"M3.5-4 V",1.82655000,269.4486144,4.7379808
"OGLE-2016-BLG-1598L b","OGLE-2016-BLG-1598L",1,,0.38000000,,5910.00000000,270.1907500,-29.1754389
"OGLE-2016-BLG-1800L b","OGLE-2016-BLG-1800L",1,,2.59000000,,6480.00000000,269.9032083,-30.8653611
"MOA-2016-BLG-526L b","MOA-2016-BLG-526L",1,,0.04700000,,6930.00000000,266.6682917,-34.3860806
"KMT-2016-BLG-2321L b","KMT-2016-BLG-2321L",1,,0.95000000,,3580.00000000,264.0579167,-25.5248806
"KMT-2023-BLG-1866L b","KMT-2023-BLG-1866L",1,,0.00827491,,6210.00000000,273.4822500,-28.4473889
"HD 75898 c","HD 75898",1,,8.49000000,"F8 V",78.05050000,133.4611999,33.0566885
"Kepler-158 d","Kepler-158",1,0.43000000,,"K",315.17700000,284.0323723,39.7815365
"Kepler-963 c","Kepler-963",1,0.60000000,,"G",771.49400000,296.7529742,45.0411049
"Kepler-879 c","Kepler-879",1,0.40000000,,"G",802.67200000,295.8065515,50.9097521
"Kepler-1489 c","Kepler-1489",1,0.51000000,,"G",1283.05000000,281.2957984,44.4654063
"Kepler-1672 b","Kepler-1672",1,2.97022762,,,391.18100000,297.9400971,40.2785566
"KOI-4978 b","KOI-4978",1,0.70000000,,"G",936.34100000,286.5907635,38.5582993
"Kepler-51 e","Kepler-51",1,,0.01699030,,783.83100000,296.4797624,49.9376486
"Kepler-340 c","Kepler-340",1,3.37000000,,,808.76200000,295.9334710,40.3005515
"Kepler-20 d","Kepler-20",2,2.60600000,0.04216111,,282.56300000,287.6979913,42.3385782
"Kepler-20 b","Kepler-20",2,1.77300000,0.03051961,,282.56300000,287.6979913,42.3385782
"Kepler-964 b","Kepler-964",1,2.12000000,,,454.62600000,295.3000650,40.5565792
"Kepler-348 b","Kepler-348",1,1.52000000,,,570.78300000,297.2550814,40.5483883
"TOI-7149 b","TOI-7149",1,13.20000000,0.70500000,"M4 V",126.12600000,244.7384657,19.1758116
"TOI-7155 b","TOI-7155",1,2.40821473,,,144.75100000,12.4454481,79.2878555
"TOI-7166 b","TOI-7166",1,2.01000000,,"M4.5+/-0.5",35.41530000,320.6806363,8.8893975
"TOI-2458 c","TOI-2458",1,,0.03215572,"F9-F9.5",112.95800000,79.6215290,1.2534390
"KMT-2021-BLG-2609L b","KMT-2021-BLG-2609L",1,,0.03200000,,7480.00000000,263.5188750,-27.5969389
"KMT-2022-BLG-0303L b","KMT-2022-BLG-0303L",1,,0.51300000,,6570.00000000,268.0331250,-22.6890806
"HD 86728 b","HD 86728",1,,0.02967010,,14.92020000,150.2500540,31.9218216
"Kepler-338 b","Kepler-338",1,2.44000000,,,552.79800000,282.9790593,40.7844188
"KMT-2024-BLG-1044L b","KMT-2024-BLG-1044L",1,,0.02438423,,7140.00000000,271.5640000,-27.5925806
"KMT-2022-BLG-2286L b","KMT-2022-BLG-2286L",1,,19.00000000,,7320.00000000,269.1652500,-28.8549194
"KMT-2023-BLG-1743L b","KMT-2023-BLG-1743L",1,,20.00000000,,7130.00000000,269.1652500,-28.8549194
"TOI-4504 d","TOI-4504",1,11.26000000,2.02000000,,342.60500000,114.4673065,-62.0782776
"HD 73344 c","HD 73344",1,,0.37300000,,35.26000000,129.6894456,23.6852651
"HD 73344 d","HD 73344",1,,2.55000000,,35.26000000,129.6894456,23.6852651
"Kepler-111 b","Kepler-111",1,1.58000000,,,657.22300000,291.6531630,44.6882613
"Kepler-970 b","Kepler-970",2,2.60900000,,,331.54500000,289.6252192,40.7087351
"WASP-132 d","WASP-132",1,,5.16000000,"K4 V",122.91000000,217.6091998,-46.1595160
"K2-360 c","EPIC 201595106",1,,0.04791894,,232.10000000,183.7203635,1.9681688
"HD 20794 f","HD 20794",1,,0.01831177,"G6 V",6.00278000,49.9997666,-43.0666533
"Gaia-4 b","Gaia-4",1,,11.80000000,,73.48290000,209.5063762,31.6954898
"Gaia-5 b","Gaia-5",1,,20.87000000,,41.18130000,302.0408173,41.9415455
"K2-99 c","K2-99",1,,8.40000000,,519.22900000,208.7737624,-5.4424943
"Gl 725 A b","Gl 725 A",2,,0.00874686,"M3",3.52140000,280.6834312,59.6381090
"KOBE-1 b","KOBE-1",1,,0.02768790,"K7 V",23.97180000,19.1660378,25.3310358
"KOBE-1 c","KOBE-1",1,,0.03901476,"K7 V",23.97180000,19.1660378,25.3310358
"TOI-2295 c","TOI-2295",1,,5.61000000,,126.27900000,281.5761962,50.4924657
"TOI-2537 c","TOI-2537",1,,7.23000000,,184.98600000,54.3882661,10.0577464
"GJ 2126 b","GJ 2126",1,,1.30000000,"M0 V",38.12900000,257.3606793,-35.3917190
"KOI-1843.03","Kepler-974",1,0.61000000,0.02517081,,134.31100000,285.0131082,40.2209547
"TOI-2015 c","TOI-2015",1,,0.02803400,"M4 +/- 0.5",47.34440000,232.1326528,27.3610730
"TOI-2443 b","TOI-2443",1,2.36300000,0.01510249,"K5 V",23.92580000,40.1798608,1.1996757
"Kepler-959 b","Kepler-959",1,4.38000000,,,807.72900000,292.1711850,40.8113849
"Kepler-1051 b","Kepler-1051",1,3.40000000,,,829.34300000,295.1581062,40.8988186
"Kepler-1774 b","Kepler-1774",1,3.18179549,,,816.59200000,288.5743991,40.9886069
"Kepler-333 b","Kepler-333",2,1.32000000,,,324.41300000,292.2861201,40.9135429
"Kepler-1675 b","Kepler-1675",1,3.12483349,,,651.11700000,283.8095478,41.0412517
"Kepler-105 c","Kepler-105",1,1.44000000,0.01761957,,459.22300000,287.8872376,46.2761224
"Kepler-971 b","Kepler-971",1,2.13000000,,,338.52200000,284.0945699,41.1828131
"Kepler-950 b","Kepler-950",1,8.98000000,,,2161.60000000,287.9565768,41.1302834
"Kepler-336 d","Kepler-336",1,2.37000000,,,768.86000000,290.2376224,41.3313637
"TOI-7333 b","TOI-7333",1,2.09469416,,,157.21700000,243.5319622,75.9166315
"Barnard c","Barnard's star",1,,0.00105403,"M3.5-4 V",1.82655000,269.4486144,4.7379808
"Kepler-1783 b","Kepler-1783",1,1.31946731,,,264.07800000,297.0210984,41.3771655
"Barnard d","Barnard's star",1,,0.00082749,"M3.5-4 V",1.82655000,269.4486144,4.7379808
"Barnard e","Barnard's star",1,,0.00060725,"M3.5-4 V",1.82655000,269.4486144,4.7379808
"GJ 3998 d","GJ 3998",1,,0.01909836,,18.14590000,259.0020507,11.0561751
"GJ 1289 b","GJ 1289",1,,0.01972763,"M4.5 Ve",8.35147000,355.7813464,36.5363314
"TOI-1266 d","TOI-1266",1,,0.01157857,"M2",36.01180000,197.9965833,65.8336973
"BD+05 4868 A b","BD+05 4868 A",2,,0.01950738,"K V",43.56870000,326.8614036,6.6053185
"ZTF J1230-2655 b","ZTF J1230-2655",1,13.78704626,22.10000000,,186.69000000,187.5689308,-26.9309608
"ZTF J1828+2308 b","ZTF J1828+2308",1,11.13051784,20.00000000,,201.82700000,277.2031946,23.1439121
"LP 261-75 b","LP 261-75 A",1,,21.00000000,"M4.5 V",33.92800000,147.7685281,35.9685562
"KMT-2019-BLG-0578L b","KMT-2019-BLG-0578L",1,,1.20000000,,7300.00000000,269.4846667,-27.7948611
"KMT-2021-BLG-0736L b","KMT-2021-BLG-0736L",1,,0.06607339,,7000.00000000,268.3225833,-29.7124194
"G 268-110 b","G 268-110",1,,0.00478245,"M5.0 V",,16.2236880,-18.1248020
"G 192-15 b","G 192-15",1,,0.00324074,"M5.0 V",9.53114000,90.6220931,49.8619390
"G 192-15 c","G 192-15",1,,0.04499283,"M5.0 V",9.53114000,90.6220931,49.8619390
"G 261-6 b","G 261-6",1,,0.00431050,"M5.5 V",10.62670000,291.0743200,75.5558405
"Gl 410 b","Gl 410",1,,0.02642936,,11.93240000,165.6604212,21.9669164
"Kepler-26 c","Kepler-26",1,2.72000000,0.01950728,,335.30700000,284.9410627,46.5664505
"Kepler-996 b","Kepler-996",1,1.98000000,,,1216.58000000,291.9127633,41.5335891
"Kepler-1029 b","Kepler-1029",1,1.26000000,,,366.65600000,292.1328738,41.5474786
"Kepler-948 b","Kepler-948",1,1.85000000,,,868.01700000,293.3002774,41.5233244
"Kepler-1057 b","Kepler-1057",1,3.36000000,,,1201.82000000,297.4521311,41.5580816
"TOI-7384 b","TOI-7384",1,3.56000000,,"M4",66.79020000,83.1031834,-39.8342501
"Kepler-139 f","Kepler-139",1,,0.11326867,,391.03800000,282.3919451,43.8894167
"TOI-771 c","TOI-771",1,,0.00903003,"M3",25.27880000,164.1138903,-72.9851736
"OGLE-2016-BLG-0007L b","OGLE-2016-BLG-0007L",1,,0.00415318,,4300.00000000,268.3560417,-29.6422500
"Kepler-1059 b","Kepler-1059",1,1.73000000,,,713.16700000,289.2202147,41.7064385
"AT2021ueyL b","AT2021ueyL",1,,1.34000000,"M V",1040.00000000,324.5450417,26.4665694
"Kepler-965 b","Kepler-965",1,3.38000000,,,582.82800000,298.5153169,41.8912305
"Kepler-952 b","Kepler-952",1,7.65000000,,,1304.25000000,285.3718781,41.9938697
"Kepler-1048 b","Kepler-1048",1,1.61000000,,,556.00600000,281.8983042,42.1657112
"Kepler-102 d","Kepler-102",1,1.15400000,0.00943906,,107.79600000,281.4824731,47.2078263
"K2-157 c","K2-157",1,,0.09670000,"G9 V",298.37300000,183.7514959,-5.7820178
"K2-157 d","K2-157",1,,0.07320000,"G9 V",298.37300000,183.7514959,-5.7820178
"HD 35843 b","HD 35843",1,,0.01837469,,69.60260000,81.3488924,-44.4312849
"KMT-2017-BLG-0849L b","KMT-2017-BLG-0849L",1,,0.02010519,,7220.00000000,265.3594583,-25.2812194
"KMT-2017-BLG-1057L b","KMT-2017-BLG-1057L",1,,0.07393927,,6500.00000000,265.4860000,-22.3351111
"KMT-2017-BLG-2331L b","KMT-2017-BLG-2331L",1,,0.53802617,,8030.00000000,264.4072083,-29.4612111
"OGLE-2017-BLG-0364L b","OGLE-2017-BLG-0364L",1,,0.23849347,,7860.00000000,265.2278750,-34.6175833
"TOI-2076 e","TOI-2076",1,1.30100000,0.01478785,"K V",41.90910000,217.3920159,39.7903991
"HD 87816 b","HD 87816",1,,6.74000000,"K0 III",133.23300000,151.5296524,-52.1878679
"HD 87816 c","HD 87816",1,,12.20000000,"K0 III",133.23300000,151.5296524,-52.1878679
"HD 94890 b","HD 94890",1,,2.13000000,"K0 III",61.70120000,164.1797804,-37.1383035
"HD 94890 c","HD 94890",1,,8.91000000,"K0 III",61.70120000,164.1797804,-37.1383035
"HD 102888 b","HD 102888",1,,5.69000000,"G8 III",126.48400000,177.6545263,-27.2779074
"TOI-6695 c","TOI-6695",1,,1.45000000,"F5V-G0V",282.53600000,129.5720221,-23.5502170
"TIC 434398831 b","TIC 434398831",1,3.51000000,,"G4 V",217.01100000,93.9592639,16.0238459
"Kepler-988 b","Kepler-988",1,2.07000000,,,304.88900000,290.7082585,42.2372245
"TIC 434398831 c","TIC 434398831",1,5.63000000,,"G4 V",217.01100000,93.9592639,16.0238459
"KMT-2017-BLG-2197L b","KMT-2017-BLG-2197L",1,,8.84000000,,7800.00000000,262.6113333,-30.1593111
"KMT-2022-BLG-1790L b","KMT-2022-BLG-1790L",1,,1.73000000,,6480.00000000,271.0562500,-27.0347500
"KMT-2022-BLG-2076L b","KMT-2022-BLG-2076L",1,,0.88000000,,5570.00000000,268.0511250,-29.0279306
"KMT-2023-BLG-2209L b","KMT-2023-BLG-2209L",1,,0.80000000,,5570.00000000,268.9942083,-29.3056694
"TOI-1117 c","TOI-1117",1,,0.02762497,"G5 V",167.59800000,273.6020606,-66.4199742
"Kepler-977 b","Kepler-977",1,2.62000000,,,568.75100000,291.5161959,42.2480736
"TOI-1117 d","TOI-1117",1,,0.03369743,"G5 V",167.59800000,273.6020606,-66.4199742
"Kepler-725 c","Kepler-725",1,,0.03051961,,758.46900000,283.9774949,44.8115613
"TIC 88785435 b","TIC 88785435",1,5.03000000,,"K7 V",122.38600000,224.2838576,-30.8800273
"TWA 7 b","TWA 7",1,,0.34000000,,33.99580000,160.6248102,-33.6712596
"KOI-134 c","KOI-134",1,,0.22000000,"F9V",1159.21000000,295.5865980,45.3649371
"L 98-59 f","L 98-59",1,,0.00880979,"M3 V",10.61940000,124.5328604,-68.3144658
"TOI-201 c","TOI-201",1,10.40000000,15.70029579,"F",113.82500000,87.4017825,-54.9104230
"HD 135344 A b","HD 135344 A",2,16.25302201,10.00000000,"A0 V",141.59500000,228.9538416,-37.1489176
"Kepler-947 b","Kepler-947",1,2.28000000,,,1730.78000000,294.3667312,42.2526408
"MOA-2022-BLG-091L b","MOA-2022-BLG-091L",1,,3.59000000,"G8 V",4250.00000000,268.9422083,-32.3414389
"KMT-2024-BLG-1209L b","KMT-2024-BLG-1209L",1,,2.64000000,"K3 V",3930.00000000,261.6129583,-28.1205611
"BEBOP-3 b","BEBOP-3",2,,0.55800000,,119.05200000,110.9026550,79.1323952
"OGLE-2015-BLG-1609L b","OGLE-2015-BLG-1609L",1,,0.24000000,,3300.00000000,270.8237917,-26.9071111
"GJ 9773 b","GJ 9773",1,,0.54300000,"M3.0 V",15.92110000,333.1502333,8.5503355
"GJ 508.2 b","GJ 508.2",1,,1.85000000,"M1.0 V",16.63740000,200.2443854,34.2776644
"MOA-2022-BLG-033L b","MOA-2022-BLG-033L",1,,0.03822818,"F7 V",1840.00000000,272.8756667,-25.0530806
"KMT-2023-BLG-0119L b","KMT-2023-BLG-0119L",1,,0.26334965,"K2.5 V",5410.00000000,266.8150417,-34.5721889
"Kepler-1781 b","Kepler-1781",1,2.38091029,,,962.63000000,291.7114906,42.3415097
"KMT-2023-BLG-1896L b","KMT-2023-BLG-1896L",1,,0.05144285,"K6 V",5490.00000000,271.0317500,-26.9589194
"HD 224018 b","HD 224018",1,0.91000000,0.01290004,"G V",105.48000000,358.6390056,-4.7233362
"HD 224018 c","HD 224018",1,2.42000000,0.03272206,"G V",105.48000000,358.6390056,-4.7233362
"HD 224018 d","HD 224018",1,2.40000000,0.01321468,"G V",105.48000000,358.6390056,-4.7233362
"K2-73 c","K2-73",1,,3.59313383,,269.18300000,335.0256620,-9.0560881
"HIP 41378 g","HIP 41378",1,,0.01809152,,106.28900000,126.6158279,10.0803708
"HD 28471 b","HD 28471",1,,0.01170443,"G5 V",43.64550000,66.2875166,-64.0786861
"HD 28471 c","HD 28471",1,,0.01799713,"G5 V",43.64550000,66.2875166,-64.0786861
"HD 28471 d","HD 28471",1,,0.01544859,"G5 V",43.64550000,66.2875166,-64.0786861
"WISPIT 1 b","WISPIT 1",2,,10.40000000,"K4 V",230.00700000,117.7985550,-50.1376852
"WISPIT 1 c","WISPIT 1",2,,5.30000000,"K4 V",230.00700000,117.7985550,-50.1376852
"WISPIT 2 b","WISPIT 2",1,,4.85000000,,134.90700000,290.8209991,-7.6820823
"GJ 536 c","GJ 536",1,,0.01853201,,10.40920000,210.2597264,-2.6522901
"TOI-2141 c","TOI-2141",1,,0.01931860,,77.68200000,258.7623456,18.3403449
"TOI-2141 d","TOI-2141",1,,0.04688064,,77.68200000,258.7623456,18.3403449
"Kepler-343 b","Kepler-343",1,2.41000000,,,927.19300000,291.9606620,42.4329567
"KMT-2024-BLG-0404L b","KMT-2024-BLG-0404L",1,,27.24000000,"M",7210.00000000,271.1470833,-27.9535000
"KMT-2024-BLG-0404L c","KMT-2024-BLG-0404L",1,,0.05443189,"M",7210.00000000,271.1470833,-27.9535000
"TOI-5799 c","TOI-5799",1,1.76000000,,"M2 V",27.81230000,301.6301790,15.9891418
"TOI-1203 b","TOI-1203",1,1.52000000,0.01104370,"G3 V",64.99430000,168.2267358,-34.4069371
"TOI-1203 c","TOI-1203",1,,0.01717908,"G3 V",64.99430000,168.2267358,-34.4069371
"TOI-1203 e","TOI-1203",1,,0.13246141,"G3 V",64.99430000,168.2267358,-34.4069371
"NGTS-32 b","NGTS-32",1,15.91675259,0.57000000,,837.45700000,223.8576228,-18.4323191
"HD 143811 AB b","HD 143811 A",2,15.69257298,6.10000000,,136.60800000,240.8891972,-30.1371574
"Kepler-107 c","Kepler-107",1,1.59700000,0.03146352,,525.99700000,297.0281620,48.2086019
"Kepler-1021 b","Kepler-1021",1,2.33000000,,,810.08200000,295.2048999,42.5596699
"HD 23079 c","HD 23079",1,,0.02598887,"F9.5 V",33.45910000,54.9281897,-52.9162344
"HD 196067 c","HD 196067",2,,0.03272206,"G0 V",39.93460000,310.4364195,-75.3514992
"TOI-2093 b","TOI-2093",1,,0.03335133,"K5 V",82.79820000,302.7375229,70.8696532
"HIP 18606 b","HIP 18606",1,,0.77000000,"K0/1 III",47.02880000,59.7181058,-5.4706979
"HIP 111909 b","HIP 111909",1,,1.21000000,"K1 III",88.07700000,340.0304354,-49.5985391
"HIP 111909 c","HIP 111909",1,,0.81000000,"K1 III",88.07700000,340.0304354,-49.5985391
"OGLE-2016-BLG-1266L b","OGLE-2016-BLG-1266L",1,,12.00000000,,3080.00000000,267.8535833,-29.7422500
"BD+37 3172 b","BD+37 3172",1,,10.60000000,,454.25100000,278.8155071,38.1153886
"BD+42 2315 b","BD+42 2315",1,,0.55000000,,610.71500000,187.5887597,41.2695674
"55 Cnc B b","55 Cnc B",2,,0.01101223,"M4.5 V",12.47730000,133.1679080,28.3152863
"Kepler-1006 b","Kepler-1006",1,1.54000000,,,,295.7542063,42.5373065
"55 Cnc B c","55 Cnc B",2,,0.01667566,"M4.5 V",12.47730000,133.1679080,28.3152863
"GJ 251 c","GJ 251",1,,0.01220785,,5.58057000,103.7002499,33.2664632
"TOI-7510 b","TOI-7510",1,7.31000000,0.05710000,"G3",249.00600000,273.7281880,-54.4340547
"TOI-7510 c","TOI-7510",1,10.81000000,0.41200000,"G3",249.00600000,273.7281880,-54.4340547
"TOI-7510 d","TOI-7510",1,10.52000000,0.59700000,"G3",249.00600000,273.7281880,-54.4340547
"TOI-756 c","TOI-756",1,,4.05000000,"M1 V",86.17590000,192.1037380,-45.4704709
"Kepler-1009 b","Kepler-1009",1,2.17000000,,,355.01900000,282.8598614,42.6658336
"Kepler-351 c","Kepler-351",1,3.19000000,,,1083.91000000,286.4527949,42.6577891
"TIC 231949697 b","TIC 231949697",1,1.52831855,,,50.24080000,94.2576817,-43.3661845
"Kepler-1027 b","Kepler-1027",2,0.89000000,,,405.10400000,287.5711746,42.8138159
"Kepler-1035 b","Kepler-1035",1,1.17000000,,,562.11600000,289.0422430,42.8824991
"BEBOP-4 AB b","BEBOP-4 A",2,,26.30000000,"G3 V",234.29400000,192.5772651,26.1595358
"KMT-2023-BLG-0548L b","KMT-2023-BLG-0548L",1,,3.42000000,,6830.00000000,270.3476250,-27.1067500
"Kepler-986 b","Kepler-986",1,2.36000000,,,548.36400000,293.0940391,42.8964457
"KMT-2023-BLG-0830L b","KMT-2023-BLG-0830L",1,,0.05600000,,7250.00000000,271.6579583,-28.3323111
"KMT-2023-BLG-0949L b","KMT-2023-BLG-0949L",1,,5.98000000,,6060.00000000,263.4194167,-28.0914611
"KMT-2024-BLG-1281L b","KMT-2024-BLG-1281L",1,,0.06000000,,7180.00000000,270.1693750,-32.7142500
"KMT-2024-BLG-2059L b","KMT-2024-BLG-2059L",1,,0.02200000,,6070.00000000,270.9297500,-28.5681889
"KMT-2024-BLG-2242L b","KMT-2024-BLG-2242L",1,,0.04400000,,7620.00000000,268.4150000,-29.5603111
"2MASS J22501512+2325342 b","2MASS J22501512+2325342",1,,30.00000000,"M3",57.23090000,342.5634097,23.4259058
"TOI-1422 c","TOI-1422",1,2.61000000,0.04404893,"G2 V",155.14100000,354.2408290,39.6392793
"Kepler-1780 b","Kepler-1780",1,3.60600667,,,790.51600000,294.0839282,42.8095104
"Kepler-49 d","Kepler-49",1,1.60000000,,,311.22200000,292.2945208,40.5918123
"Kepler-978 b","Kepler-978",1,2.99000000,,,682.52200000,286.7107166,43.0433585
"Kepler-1002 b","Kepler-1002",1,1.71000000,,,408.30300000,293.0794629,43.0736770
"TOI-1472 c","TOI-1472",1,3.33400000,0.06700000,,121.84000000,14.1142611,48.6375168
"CD-35 2722 b","CD-35 2722",1,17.37392009,29.50000000,"M1 V",22.38960000,92.3300147,-35.8255375
"HIP 54515 b","HIP 54515",1,,17.70000000,"A5 V",82.81010000,167.3066308,-1.3332838
"Kepler-1005 b","Kepler-1005",1,1.50000000,,,567.80600000,286.2858998,43.3205085
"TOI-6041 c","TOI-6041",1,,0.24510081,"G7",72.47310000,46.0610334,43.5576668
"V2376 Ori b","V2376 Ori",1,87.20586985,20.00000000,"M",,83.8398180,-5.3515552
"HD 128717 b","HD 128717",1,,19.80000000,,73.63600000,219.0881687,57.5609512
"NGTS-34 b","NGTS-34",1,3.65000000,0.06009532,"F8 V",120.47500000,162.4997176,-44.5478575
"KMT-2024-BLG-1005L b","KMT-2024-BLG-1005L",1,,21.00000000,,6950.00000000,269.8055833,-28.7557806
"Kepler-341 c","Kepler-341",1,1.70000000,,,1047.03000000,289.8615609,43.4727412
"TIC 270471727 b","TIC 270471727",1,2.75029559,,,182.10400000,97.2114071,-78.4730589
"Kepler-1015 b","Kepler-1015",1,3.55000000,,,739.35700000,292.7573088,43.4268439
"Kepler-1769 b","Kepler-1769",1,4.46500000,,,438.41200000,294.7433755,43.4611633
"Kepler-972 b","Kepler-972",1,4.65000000,,,1198.03000000,295.8286790,43.4254371
"Kepler-11 e","Kepler-11",1,4.19000000,0.02500000,,646.34600000,297.1150949,41.9091092
"Kepler-1770 b","Kepler-1770",1,2.84141754,,,582.94200000,299.2502851,43.4103663
"Kepler-1676 b","Kepler-1676",1,3.37695960,,,,287.2368778,43.5671665
"TOI-5789 c","TOI-5789",1,2.86000000,0.01573176,"K1 V",20.45810000,302.7734475,16.1897138
"TOI-5789 b","TOI-5789",1,,0.00667027,"K1 V",20.45810000,302.7734475,16.1897138
"TOI-5789 d","TOI-5789",1,,0.01349785,"K1 V",20.45810000,302.7734475,16.1897138
"TOI-5789 e","TOI-5789",1,,0.03652915,"K1 V",20.45810000,302.7734475,16.1897138
"KMT-2022-BLG-1818L b","KMT-2022-BLG-1818L",1,,4.00000000,,5300.00000000,270.7986250,-27.4811111
"KMT-2022-BLG-1818L c","KMT-2022-BLG-1818L",1,,0.36000000,,5300.00000000,270.7986250,-27.4811111
"GJ 3090 c","GJ 3090",1,,0.03146352,"M2 V",22.47510000,20.4384281,-46.7147234
"Kepler-961 b","Kepler-961",1,2.55000000,,,574.31400000,282.0354942,43.6312491
"KOINTREAU-1 b","XEST 17-036",1,,10.60000000,"M4",158.61800000,68.3592880,22.7580560
"KMT-2025-BLG-1616L b","KMT-2025-BLG-1616L",1,,0.13315361,"M V",7500.00000000,267.7788750,-30.1391111
"HD 176986 d","HD 176986",1,,0.02126934,"K2.5 V",27.78430000,285.7739138,-11.0449410
"HD 85426 c","TOI-1774",1,,0.03240742,,53.97400000,148.1619305,35.1110080
"GJ 4274 b","GJ 4274",1,,0.00934467,"M4.5 V",7.23556000,335.7805478,-17.6104078
"GJ 4274 c","GJ 4274",1,,0.02639789,"M4.5 V",7.23556000,335.7805478,-17.6104078
"TOI-375 c","TOI-375",1,,2.10600000,,396.21300000,47.1499034,-77.3833275
"TOI-375 d","TOI-375",1,,1.40200000,,396.21300000,47.1499034,-77.3833275
"KMT-2024-BLG-0176L b","KMT-2024-BLG-0176L",1,,0.76000000,,8340.00000000,266.5324583,-34.2105806
"KMT-2024-BLG-0349L b","KMT-2024-BLG-0349L",1,,11.86000000,,5750.00000000,261.3715417,-30.2470194
"KMT-2024-BLG-1870L b","KMT-2024-BLG-1870L",1,,1.06000000,,5480.00000000,272.4653333,-26.8828889
"KMT-2024-BLG-2087L b","KMT-2024-BLG-2087L",1,,4.39000000,,7190.00000000,268.4500417,-29.2631889
"GJ 887 d","GJ 887",1,,0.01919275,"M1 V",3.28679000,346.5027573,-35.8473489
"GJ 887 e","GJ 887",1,,0.00459367,"M1 V",3.28679000,346.5027573,-35.8473489
"HD 164604 c","HD 164604",1,,9.50000000,"K3.5 V",39.36330000,270.7787177,-28.5608343
"LHS 1903 e","LHS 1903",1,1.73200000,0.01821738,"M",35.69170000,107.8658260,48.3279327
"KOINTREAU-3 b","ISO-Oph 96",1,,3.40000000,"K6-M1",140.56300000,246.7687845,-24.7166830
"KOINTREAU-4 b","2MASS J16262785-2625152",1,,15.30000000,"M4.5",145.43400000,246.6160467,-26.4209954
"TOI-4336 A c","TOI-4336 A",3,1.25100000,0.00487685,"M3.5 V",22.54550000,206.1070129,-40.3373505
"DMPP-2 c","DMPP-2",1,,0.16294956,,137.94000000,27.4077310,-34.4590985
"DMPP-2 d","DMPP-2",1,,0.28880364,,137.94000000,27.4077310,-34.4590985
"DMPP-6 b","DMPP-6",1,,0.01824884,,54.63030000,120.3857827,-70.0234291
"DMPP-6 c","DMPP-6",1,,0.04238136,,54.63030000,120.3857827,-70.0234291
"DMPP-7 b","DMPP-7",1,,0.19315454,"G1 V",101.38600000,203.5284651,0.4988127
"DMPP-8 b","DMPP-8",1,,0.25513767,,76.13350000,305.3083517,-81.6166664
"DMPP-9 b","DMPP-9",1,,0.04540186,,109.53900000,316.3060007,-66.9581622
"TOI-2267 d","TOI-2267 B",2,1.77000000,,,,65.0615000,84.9008250
"KMT-2020-BLG-0202L b","KMT-2020-BLG-0202L",1,,12.28000000,,3840.00000000,267.0404583,-24.4744500
"KMT-2022-BLG-1551L b","KMT-2022-BLG-1551L",1,,2.96000000,,6900.00000000,265.2537500,-27.5518806
"KMT-2023-BLG-0466L b","KMT-2023-BLG-0466L",1,,3.25000000,,6800.00000000,270.6100000,-33.0029694
"KMT-2025-BLG-0121L b","KMT-2025-BLG-0121L",1,,7.77000000,,6200.00000000,267.1583750,-23.9988000
"HD 68475 b","HD 68475",1,,5.16000000,"K2 VC",33.42970000,122.7192621,-42.8128841
"HD 100508 b","HD 100508",1,,1.20000000,"K1 IV",32.75480000,173.3014057,-67.0546386
"HD 48265 c","HD 48265",1,,4.45000000,"G5 IV/V",90.54460000,100.0073683,-48.5418284
"HD 114386 c","HD 114386",1,,0.37000000,"K3 VC",27.92430000,197.6652124,-35.0561807
"KMT-2016-BLG-1337L b","KMT-2016-BLG-1337L",2,,0.28000000,"M",6920.00000000,269.1300417,-33.0341889
"Kepler-1778 b","Kepler-1778",1,3.01665969,,,1276.29000000,287.3612976,43.7388000
"KMT-2021-BLG-0852L b","KMT-2021-BLG-0852L",1,,0.49000000,,7230.00000000,265.8311667,-33.8918389
"KMT-2024-BLG-2005L b","KMT-2024-BLG-2005L",1,,0.16000000,,7720.00000000,268.4080833,-28.9009806
"KMT-2025-BLG-0481L b","KMT-2025-BLG-0481L",1,,0.59000000,,7980.00000000,265.3560000,-34.3717500
"TOI-1232 c","TOI-1232",1,,0.18400000,"G1 V",328.60400000,116.5013990,-61.8797935
"WISPIT 2 c","WISPIT 2",1,17.93436912,10.00000000,,134.90700000,290.8209991,-7.6820823
"CWISEP J193518.59-154620.3 b","CWISEP J193518.59-154620.3",1,,15.50000000,"Y",14.43000000,293.8262172,-15.7725727
"TIC 18942729 b","TIC 18942729",1,2.00021315,,,115.16900000,119.2150697,16.6772341
"TIC 24750448 b","TIC 24750448",1,2.43722231,,,178.14600000,26.1958598,-68.6447552
"Kepler-1025 b","Kepler-1025",1,1.98000000,,,803.77600000,284.5102140,43.9615628
"TIC 24750448 c","TIC 24750448",1,3.09028272,,,178.14600000,26.1958598,-68.6447552
"TIC 32032563 b","TIC 32032563",1,3.47739942,,,507.85800000,56.0905221,-68.8580554
"TIC 34085383 b","TIC 34085383",1,3.91982296,,,149.12000000,59.2353630,-7.3757198
"TIC 38825265 b","TIC 38825265",1,2.18869476,,,165.63800000,68.2492759,-65.2039666
"TIC 38828280 b","TIC 38828280",1,2.62701629,,,286.41500000,68.3926457,-62.1697135
"TIC 62895484 b","TIC 62895484",1,3.49391667,,,294.85700000,116.6385519,22.5903733
"TIC 65612701 b","TIC 65612701",1,5.07802804,,,151.62400000,310.4738195,36.3388288
"TIC 67686059 b","TIC 67686059",1,2.59125922,,,249.20300000,19.8843370,-35.2930148
"TIC 77319217 b","TIC 77319217",1,3.10879526,,,267.62000000,71.0406969,-39.8976018
"TIC 77552382 b","TIC 77552382",1,5.69176189,,,373.41500000,152.5133767,-4.9035250
"Kepler-107 b","Kepler-107",1,1.53600000,0.01195614,,525.99700000,297.0281620,48.2086019
"TIC 86380416 b","TIC 86380416",1,2.41236120,,,244.68000000,145.1603760,65.7327948
"TIC 88692598 b","TIC 88692598",1,1.81295951,,,73.52580000,149.2109097,47.7706699
"TIC 117642575 b","TIC 117642575",1,2.82716337,,,188.75800000,9.4800698,-37.0662905
"TIC 139702105 b","TIC 139702105",1,2.45316949,,,91.78840000,66.4980340,-18.2145450
"TIC 142589416 b","TIC 142589416",1,2.67899519,,,168.93300000,168.2439697,73.8301439
"TIC 153919886 b","TIC 153919886",1,2.70601108,,,132.33000000,171.8440734,68.1810449
"TIC 154870955 b","TIC 154870955",1,3.09467466,,,226.46300000,191.7456685,88.8298759
"TIC 160113658 b","TIC 160113658",1,3.49015778,,,200.15600000,59.4555606,-41.6320332
"TIC 161045582 b","TIC 161045582",1,2.24566738,,,162.24600000,223.6258514,49.0977250
"TIC 178172313 b","TIC 178172313",1,2.80405322,,,178.13700000,43.4062672,-32.0770480
"TIC 188624430 b","TIC 188624430",1,3.64811843,,,300.74300000,258.5566927,53.7060189
"TIC 198190129 b","TIC 198190129",1,2.92284949,,,130.03500000,246.3322839,60.3771414
"TIC 206466666 b","TIC 206466666",1,2.14817673,,,127.83700000,56.7694828,-52.3667509
"TIC 249022743 b","TIC 249022743",1,4.79568155,,,396.46000000,78.5762192,-3.4466123
"TIC 260969020 b","TIC 260969020",1,2.22686612,,,121.22200000,74.9407148,-79.5859489
"TIC 290487717 b","TIC 290487717",1,6.63777941,,,395.57400000,139.0870563,2.5508053
"TIC 294329732 b","TIC 294329732",1,2.07692266,,,189.33300000,109.1177907,-58.2371507
"TIC 320419023 b","TIC 320419023",1,2.77280763,,,288.89300000,118.0726215,11.8241773
"TIC 349520724 b","TIC 349520724",1,2.82626313,,,241.10500000,111.2314215,-64.6398433
"TIC 356227008 b","TIC 356227008",1,2.39024009,,,387.60900000,267.2508238,50.1308080
"TIC 390586021 b","TIC 390586021",1,2.86009388,,,114.55800000,199.8225789,-31.4655097
"TIC 423703298 b","TIC 423703298",1,2.77230429,,,136.19100000,22.9360486,-17.0135676
"TIC 437041147 b","TIC 437041147",1,2.21526814,,,246.60000000,132.9480195,6.7648369
"TIC 445839811 b","TIC 445839811",1,2.47771211,,,235.65500000,200.1188173,48.4072699
"TOI-1839 c","TOI-1839",1,2.40867246,,,116.08600000,196.8331106,5.8520458
"GJ 1137 c","HD 93083",1,,0.01610932,"K2 IV-V",28.51590000,161.0866672,-33.5776794
"TIC 147027702 b","TIC 147027702",1,10.92875618,1.09000000,,457.18600000,161.7728559,-43.9317971
"TIC 245076932 b","TIC 245076932",1,10.87271128,0.51000000,,303.96000000,198.0634857,-51.2144330
"TOI-5624 f","TOI-5624",1,,0.04090257,,101.91300000,180.8443476,49.2512257
"TIC 183374187 b","TIC 183374187",1,14.03364384,0.56000000,,1208.75000000,357.6160382,-41.4124228
"TOI-237 c","TOI-237",1,1.20600000,,,38.07490000,353.2435381,-29.4164870
"XO-2 S d","XO-2 S",2,,3.71000000,"G8 V",151.39800000,117.0309753,50.2169068
"HD 5388 b","HD 5388",1,,3.20000000,"F6 V",53.06610000,13.7990300,-47.4067326
"HD 16760 b","HD 16760",1,,21.50000000,"G5 V",50.17561000,40.5892123,38.6182163
"GJ 3378 b","GJ 3378",1,,0.00723661,"M4 V",7.72274000,90.2951302,59.5931917
"HIP 10090 b","HIP 10090",1,,3.87000000,"K0",82.39370000,32.4351198,-30.7470844
"Kepler-1782 b","Kepler-1782",1,2.22927435,,,305.79200000,280.9261620,44.0878036
"HIP 10090 c","HIP 10090",1,,0.85000000,"K0",82.39370000,32.4351198,-30.7470844
"HIP 8923 b","HIP 8923",1,,9.98000000,"G3 V",65.99570000,28.7250931,-11.5113361
"HIP 39330 b","HIP 39330",1,,1.67000000,"G5 V",36.39580000,120.6116831,-46.3353155
"HIP 98599 b","HIP 98599",1,,6.85000000,"F7 V",75.94280000,300.4090608,-22.1110649
"KMT-2023-BLG-1592L b","KMT-2023-BLG-1592L",1,,0.58000000,,7200.00000000,268.6786667,-29.0084194
"OGLE-2023-BLG-0766L b","OGLE-2023-BLG-0766L",1,,1.10000000,,7400.00000000,269.8296250,-28.3246889
"KMT-2023-BLG-0332L b","KMT-2023-BLG-0332L",1,,22.00000000,,6500.00000000,270.8901250,-27.2223889
"HD 190360 d","HD 190360",2,,0.03744159,"G7 IV-V",16.00690000,300.9092476,29.8945410
"HD 125136 b","HD 125136",1,,2.26000000,,121.25700000,215.3703435,-72.3175327
"HD 127195 b","HD 127195",1,,0.67000000,,84.71670000,217.8714193,-47.7292571
"Kepler-985 b","Kepler-985",1,2.98000000,,,679.36100000,290.1443390,44.0498808
"HD 127195 c","HD 127195",1,,0.65000000,,84.71670000,217.8714193,-47.7292571
"HD 126105 b","HD 126105",1,,1.67000000,"K1 III",82.88110000,216.0016789,-19.8010960
"TIC 150070085 b","TIC 150070085",1,3.62000000,,,204.36800000,110.1432005,53.5469842
"Kepler-327 b","Kepler-327",1,1.11000000,,,241.98700000,292.6422963,44.0876251
"Kepler-25 c","Kepler-25",2,5.21700000,0.04790000,,243.24900000,286.6383905,39.4879038
"Kepler-946 b","Kepler-946",1,1.93000000,,,1137.29000000,300.9295551,44.0286710
"Kepler-1014 b","Kepler-1014",1,2.39000000,,,624.80000000,285.1219875,44.1105331
"Kepler-1010 b","Kepler-1010",1,2.32000000,,,579.27300000,289.1926026,44.1493165
"Kepler-321 c","Kepler-321",1,2.32000000,,,384.54200000,294.4536991,44.1457626
"Kepler-1038 b","Kepler-1038",1,3.53000000,,,584.13600000,298.9721472,44.1323499
"Kepler-322 c","Kepler-322",1,1.67000000,,,400.48000000,281.3487514,44.2952525
"NGTS-38 b","NGTS-38",1,12.11690814,4.77000000,,268.63700000,108.7147541,-29.4306223
"bet Pic d","bet Pic",1,14.12331568,2.40000000,"A6 V",19.74420000,86.8212337,-51.0661480
"TOI-260 b","TOI-260",1,1.71000000,0.01330907,"K8 V",20.18520000,4.7730178,-9.9661505
"Kepler-993 b","Kepler-993",1,2.97000000,,,324.42300000,292.6141076,44.3946644
"Kepler-1013 b","Kepler-1013",1,2.15000000,,,422.24600000,290.2481023,44.4352935
"NGTS-39 b","NGTS-39",1,12.19537100,1.46700000,"F9 V",278.40200000,109.9386973,9.9412647
"Gaia23braL b","Gaia23braL",1,,1.63000000,,4330.00000000,155.6294583,-63.2639167
"Gliese 48 b","Gliese 48",1,,0.02551691,"M3.5 V",8.23366000,15.6582402,71.6781735
"Kepler-1054 b","Kepler-1054",1,2.63000000,,,1090.51000000,290.6011085,44.5563604
"Kepler-1033 b","Kepler-1033",1,2.51000000,,,1455.50000000,283.8450963,44.6090251
"Kepler-953 b","Kepler-953",1,4.21000000,,,258.89300000,288.9716297,44.6246451
"HD 60779 b","HD 60779",1,3.24600000,0.04464673,"G1 V",35.44450000,114.0047579,-3.1512910
"HD 60779 c","HD 60779",1,,0.08904176,"G1 V",35.44450000,114.0047579,-3.1512910
"Kepler-349 b","Kepler-349",1,1.90000000,,,940.72400000,293.6764689,44.6155972
"Kepler-1784 b","Kepler-1784",1,2.79936489,,,883.04500000,297.9541684,44.6674491
"Kepler-1768 b","Kepler-1768",1,2.23346338,,,632.76600000,299.9572335,44.7718851
"Kepler-37 d","Kepler-37",1,2.03000000,0.00629270,,63.92070000,284.0592503,44.5183733
"Kepler-330 c","Kepler-330",1,1.95000000,,,717.52700000,288.4474035,44.8017616
"Kepler-1003 b","Kepler-1003",1,1.78000000,,,941.90200000,292.0204349,44.8762427
"Kepler-1055 b","Kepler-1055",1,1.23000000,,,389.39700000,290.4867838,44.9325410
"Kepler-1008 b","Kepler-1008",2,1.28000000,,,282.56500000,296.5476395,44.9418307
"Kepler-1045 b","Kepler-1045",1,2.69000000,,,942.48500000,284.1832668,45.0740897
"Kepler-983 b","Kepler-983",1,2.36000000,,,714.43700000,285.1042243,45.0080745
"Kepler-980 b","Kepler-980",1,2.67000000,,,961.46800000,294.6129869,45.0601740
"Kepler-963 b","Kepler-963",1,2.66000000,,,771.49400000,296.7529742,45.0411049
"Kepler-127 d","Kepler-127",1,2.64000000,,,352.79400000,285.1899439,46.0280596
"Kepler-329 c","Kepler-329",1,1.93000000,,,439.71900000,299.2681646,45.2272852
"Kepler-1674 b","Kepler-1674",1,3.20577490,,,1012.48000000,294.8160447,45.3060844
"Kepler-1039 b","Kepler-1039",1,1.46000000,,,306.91000000,298.3266169,45.3154212
"Kepler-1018 b","Kepler-1018",1,2.58000000,,,1010.01000000,283.5967317,45.4078654
"Kepler-335 b","Kepler-335",1,3.39000000,,,1278.97000000,296.0642944,45.4285986
"Kepler-1779 b","Kepler-1779",1,3.03295685,,,908.50100000,300.4174607,45.6054854
"Kepler-1030 b","Kepler-1030",1,2.48000000,,,758.70200000,293.6819098,45.8175241
"Kepler-25 b","Kepler-25",2,2.74800000,0.02750000,,243.24900000,286.6383905,39.4879038
"Kepler-1058 b","Kepler-1058",1,2.72000000,,,491.99700000,294.5956256,45.8750556
"Kepler-1007 b","Kepler-1007",1,1.44000000,,,,295.9065297,45.8090893
"Kepler-1016 b","Kepler-1016",1,2.18000000,,,1402.82000000,294.6136890,45.9846265
"Kepler-345 c","Kepler-345",1,1.20000000,,,,295.2288521,45.9710432
"Kepler-958 b","Kepler-958",1,2.06000000,,,449.77300000,287.2566578,46.0667247
"Kepler-326 c","Kepler-326",1,1.40000000,,,487.67500000,294.3255898,46.0022646
"Kepler-352 c","Kepler-352",1,1.24000000,,,252.73300000,299.8966237,46.0519022
"Kepler-346 b","Kepler-346",1,2.66000000,,,984.10500000,288.0119248,46.1176003
"Kepler-127 c","Kepler-127",1,2.66000000,,,352.79400000,285.1899439,46.0280596
"Kepler-987 b","Kepler-987",1,3.26000000,,,914.12600000,289.4110582,46.1308443
"Kepler-999 b","Kepler-999",1,2.34000000,,,545.06300000,299.6604865,46.1984679
"Kepler-962 b","Kepler-962",1,1.97000000,,,411.48600000,295.3131906,46.2375024
"Kepler-344 b","Kepler-344",1,2.61000000,,,1002.94000000,292.4996101,46.3243406
"Kepler-1020 b","Kepler-1020",1,2.28000000,,,415.35800000,292.6724710,46.3772776
"Kepler-984 b","Kepler-984",1,2.12000000,,,460.18800000,296.9588566,46.3940661
"Kepler-479 b","Kepler-479",1,2.12000000,,,344.90100000,291.0218899,37.7698734
"Kepler-1012 b","Kepler-1012",1,1.29000000,,,411.07700000,289.2962253,46.4579889
"Kepler-949 b","Kepler-949",1,2.91000000,,,486.10500000,298.6079128,46.4536600
"Kepler-979 b","Kepler-979",1,2.72000000,,,576.50300000,300.3712023,46.4081872
"Kepler-1996 c","Kepler-1996",1,2.81000000,,,440.56100000,285.2537555,46.5822183
"Kepler-982 b","Kepler-982",1,2.25000000,,,801.47900000,288.4176803,46.5904531
"Kepler-1044 b","Kepler-1044",1,2.67000000,,,1278.96000000,293.1444017,46.6662155
"Kepler-66 b","Kepler-66",1,2.80000000,,"G0 V",1202.96000000,293.9815378,46.6877280
"Kepler-1052 b","Kepler-1052",1,2.93000000,,,943.44400000,295.3427300,46.6022134
"Kepler-93 b","Kepler-93",1,1.47800000,0.01466200,,95.91150000,291.4181275,38.6723124
"Kepler-960 b","Kepler-960",1,2.29000000,,,284.91600000,281.4572217,46.7465538
"Kepler-976 b","Kepler-976",1,3.96000000,,,1012.41000000,289.8696232,46.7296855
"Kepler-342 b","Kepler-342",1,2.25000000,,,781.61100000,292.6780488,46.7266813
"Kepler-318 b","Kepler-318",1,4.71000000,,,489.14100000,298.4828337,46.7936357
"Kepler-409 b","Kepler-409",1,1.19900000,0.01887811,,68.17300000,293.6792058,46.8527337
"Kepler-1011 b","Kepler-1011",1,2.87000000,,,736.77900000,297.4015491,46.8239976
"Kepler-990 b","Kepler-990",1,2.60000000,,,802.16300000,297.9381813,46.8813194
"Kepler-1056 b","Kepler-1056",1,3.01000000,,,982.51000000,299.5259832,46.8992561
"Kepler-493 b","Kepler-493",1,15.13000000,,,1745.77000000,295.3075252,38.8815716
"KOI-1783.01","KOI-1783",1,8.86000000,0.22338986,,865.73000000,289.3414629,46.9881550
"Kepler-1022 b","Kepler-1022",1,2.36000000,,,420.04200000,289.3520595,46.9736345
"Kepler-1046 b","Kepler-1046",1,1.71000000,,,721.53400000,296.7558056,46.9982799
"Kepler-1000 b","Kepler-1000",1,4.76000000,,,1115.62000000,286.6854729,47.0981948
"Kepler-1776 b","Kepler-1776",1,2.61157023,,,690.33600000,291.5344017,47.0424958
"Kepler-1677 b","Kepler-1677",1,2.70216183,,,735.36900000,298.4932730,47.0130566
"Kepler-473 b","Kepler-473",1,4.08000000,,,905.93700000,286.6300796,38.9455907
"Kepler-334 c","Kepler-334",1,1.43000000,,,426.59000000,287.1406177,47.1151153
"Kepler-337 c","Kepler-337",1,2.05000000,,,677.97500000,290.0605123,47.1639533
"Kepler-1037 b","Kepler-1037",1,1.28000000,,,446.91400000,296.3410342,47.1709335
"Kepler-989 b","Kepler-989",1,2.21000000,,,491.97800000,281.5827983,47.2334674
"Kepler-1019 b","Kepler-1019",1,1.46000000,,,194.18200000,283.7175909,47.2043818
"Kepler-332 b","Kepler-332",1,1.17000000,,,344.19000000,286.6627811,47.4136938
"Kepler-497 b","Kepler-497",1,6.04000000,,,1291.98000000,290.7659557,38.9279468
"Kepler-994 b","Kepler-994",1,1.60000000,,,188.15800000,289.0720752,47.4069180
"Kepler-1043 b","Kepler-1043",1,2.55000000,,,903.33200000,281.6629579,47.5685927
"Kepler-992 b","Kepler-992",1,1.62000000,,,259.63900000,284.4304085,47.6416613
"Kepler-981 b","Kepler-981",1,2.31000000,,,878.08200000,289.2489051,47.6501141
"Kepler-1049 b","Kepler-1049",1,0.95000000,,,162.00600000,287.3469567,47.7729078
"Kepler-969 b","Kepler-969",1,2.07000000,,,390.35400000,288.3724989,47.9335642
"Kepler-954 b","Kepler-954",1,2.32000000,,,215.81400000,295.8594318,47.9396001
"Kepler-1709 b","Kepler-1709",1,3.12424875,,,273.94600000,283.3748873,43.7883708
"Kepler-1040 b","Kepler-1040",1,2.08000000,,,482.11900000,283.1137663,48.1312774
"Kepler-339 b","Kepler-339",1,1.42000000,,,616.63700000,293.3517010,48.4445922
"Kepler-447 b","Kepler-447",1,18.49000000,1.37000000,"G8 V",268.04100000,285.2685283,48.5598835
"Kepler-1050 b","Kepler-1050",1,1.60000000,,,490.48800000,282.9249847,48.6264015
"Kepler-1001 b","Kepler-1001",1,3.15000000,,,928.97800000,286.2739151,48.6186972
"Kepler-1673 b","Kepler-1673",1,2.93551940,,,727.18700000,285.6671724,48.7195865
"Kepler-957 b","Kepler-957",1,5.50000000,,,824.68800000,290.1563633,48.8189710
"Kepler-1771 b","Kepler-1771",1,4.05537256,,,565.75200000,292.0134714,49.0191267
"Kepler-956 b","Kepler-956",1,3.00000000,,,544.93900000,292.5308289,49.0616555
"Kepler-998 b","Kepler-998",1,2.32000000,,,986.36400000,296.7541629,49.2087085
"Kepler-347 b","Kepler-347",1,1.97000000,,,1298.88000000,289.1995995,49.3056404
"Kepler-411 c","Kepler-411",2,4.42100000,0.08306327,"K2 V",153.67600000,287.6057027,49.5233937
"Kepler-45 b","Kepler-45",1,10.76000000,0.50500000,"M",381.94900000,292.8729292,41.0641727
"Kepler-324 c","Kepler-324",1,3.15000000,,,501.57400000,286.4714473,49.6490933
"Kepler-1041 b","Kepler-1041",1,2.94000000,,,1485.82000000,293.8817361,49.6831419
"Kepler-991 b","Kepler-991",1,2.54000000,,,389.56100000,297.0905543,49.6264867
"Kepler-1023 b","Kepler-1023",1,2.63000000,,,694.17500000,289.0297232,49.7697034
"Kepler-1028 b","Kepler-1028",1,1.33000000,,,607.91600000,289.5931004,49.7812447
"Kepler-1004 b","Kepler-1004",1,6.28000000,,,1152.68000000,297.3593427,49.7975464
"Kepler-325 b","Kepler-325",1,2.91000000,,,823.24200000,289.8354219,49.8256070
"Kepler-997 b","Kepler-997",1,1.36000000,,,467.56800000,289.2333767,49.9388952
"Kepler-973 b","Kepler-973",1,1.96000000,,,328.52000000,290.1653203,49.9238126
"Kepler-1036 b","Kepler-1036",1,3.01000000,,,489.43500000,295.1817093,49.9458172
"Kepler-65 c","Kepler-65",1,2.58000000,,,303.72800000,288.6887221,41.1511076
"Kepler-968 b","Kepler-968",1,2.00000000,,,290.32400000,285.6025889,50.1120401
"Kepler-966 b","Kepler-966",1,4.13000000,,,1027.80000000,297.2705760,50.1218365
"Kepler-1061 b","Kepler-1061",1,1.98000000,,,543.37500000,296.2300306,50.2752091
"Kepler-1047 b","Kepler-1047",1,2.09000000,,,817.64700000,288.6462564,50.7889645
"Kepler-188 b","Kepler-188",1,1.68000000,,,968.54400000,281.2797173,44.3154743
"Kepler-1062 b","Kepler-1062",1,1.76000000,,,397.45500000,283.8994187,41.2215940
"Kepler-1063 b","Kepler-1063",2,1.49000000,,,343.22600000,290.5267975,38.1428283
"Kepler-1112 b","Kepler-1112",1,3.02000000,,,1671.28000000,296.9687937,47.7514799
"Kepler-1681 b","Kepler-1681",1,2.55321772,,,758.30000000,296.6972773,46.3716969
"Kepler-91 b","Kepler-91",1,15.32270300,0.81000000,,1294.69000000,285.6729033,44.1167513
"Kepler-1113 b","Kepler-1113",1,2.81000000,,,1073.88000000,289.4066969,39.3388130
"Kepler-361 c","Kepler-361",1,2.52000000,,,930.32000000,296.8034146,46.7411011
"Kepler-1114 b","Kepler-1114",1,1.35000000,,,418.41700000,299.2370531,45.8347781
"Kepler-1115 b","Kepler-1115",1,1.70000000,,,983.24500000,294.9917723,40.1443964
"Kepler-1116 b","Kepler-1116",1,2.54000000,,,1008.57000000,291.9336573,44.1154992
"Kepler-1117 b","Kepler-1117",1,1.11000000,,,568.48700000,292.0847866,49.2374206
"Kepler-1118 b","Kepler-1118",1,2.74000000,,,888.32500000,299.9656619,44.1608805
"Kepler-1119 b","Kepler-1119",1,1.92000000,,,1757.23000000,297.0191018,44.3274936
"Kepler-1120 b","Kepler-1120",1,1.38000000,,,615.23100000,290.9144516,42.2865522
"Kepler-362 c","Kepler-362",1,1.45000000,,,1090.51000000,291.7716030,47.5299192
"Kepler-104 b","Kepler-104",2,3.10000000,,,400.78500000,287.6046621,42.1665104
"Kepler-363 d","Kepler-363",1,2.05000000,,,762.59600000,283.1920779,41.3054172
"Kepler-1121 b","Kepler-1121",1,1.91000000,,,482.04700000,297.7865467,47.8861542
"Kepler-1979 b","Kepler-1979",1,29.33000000,,,1076.27000000,289.8429062,38.3096220
"Kepler-1786 b","Kepler-1786",1,3.16305828,,,863.90900000,292.5877743,38.5219827
"Kepler-1122 b","Kepler-1122",1,2.04000000,,,1230.42000000,288.2805801,46.3408747
"Kepler-364 c","Kepler-364",1,2.15000000,,,891.46200000,281.5699998,47.3986233
"Kepler-1799 b","Kepler-1799",1,4.12801189,,,2254.69000000,288.3086994,51.4783348
"Kepler-1123 b","Kepler-1123",1,1.67000000,,,704.32300000,294.5177291,50.6703927
"Kepler-1124 b","Kepler-1124",1,1.28000000,,,289.89900000,286.5942529,37.8912836
"Kepler-1800 b","Kepler-1800",1,0.99679734,,,350.45500000,297.6513317,40.3524154
"Kepler-1125 b","Kepler-1125",1,1.84000000,,,2011.41000000,295.4812018,40.7319316
"Kepler-1068 b","Kepler-1068",1,3.63000000,,,1473.61000000,294.6481708,46.3923173
"Kepler-1126 b","Kepler-1126",1,1.73000000,,,635.73600000,285.6919550,45.6893993
"Kepler-365 b","Kepler-365",1,2.04000000,,,1038.99000000,295.6265640,49.1304110
"Kepler-1127 b","Kepler-1127",1,1.96000000,,,842.45900000,293.2173563,42.7205846
"Kepler-427 b","Kepler-427",1,13.79000000,0.29000000,"G2 V",1017.80000000,288.2545808,43.7048379
"Kepler-1128 b","Kepler-1128",1,3.65000000,,,1083.41000000,293.0633150,39.4034052
"Kepler-1129 b","Kepler-1129",1,2.96000000,,,1183.88000000,291.6044965,41.3093275
"Kepler-366 b","Kepler-366",1,1.46000000,,,1856.28000000,296.8520316,49.0844359
"Kepler-1130 b","Kepler-1130",2,0.80000000,,,249.34300000,285.2074210,45.3843330
"Kepler-354 b","Kepler-354",1,1.84000000,,,554.06400000,285.7515347,41.3356739
"Kepler-1131 b","Kepler-1131",1,1.59000000,,,1030.70000000,295.6514492,49.2612954
"Kepler-1801 b","Kepler-1801",1,2.70926154,,,839.33200000,295.1640095,39.2014024
"Kepler-367 b","Kepler-367",1,1.30000000,,,188.02700000,297.2925580,49.9817499
"Kepler-368 b","Kepler-368",1,3.26000000,,,770.97800000,291.8800180,45.3878419
"Kepler-1132 b","Kepler-1132",1,2.35000000,,,867.93100000,286.3675188,48.4238906
"Kepler-369 c","Kepler-369",1,1.41000000,,,,293.6743322,47.9084727
"Kepler-1133 b","Kepler-1133",1,1.97000000,,,753.13500000,293.3224114,42.8674925
"Kepler-1069 b","Kepler-1069",1,1.60000000,,,695.96700000,290.9792378,47.9889097
"Kepler-1804 b","Kepler-1804",1,1.59615726,,,434.45600000,301.3428675,44.6721750
"Kepler-1134 b","Kepler-1134",1,2.64000000,,,944.44500000,295.5678578,42.4781064
"Kepler-370 c","Kepler-370",1,1.91000000,,,1167.94000000,292.1710683,40.9162381
"Kepler-462 b","Kepler-462",1,3.00000000,0.16958752,,596.62500000,299.8211502,43.8142793
"Kepler-1135 b","Kepler-1135",1,1.85000000,,,1314.64000000,286.0029904,44.7565551
"Kepler-1070 b","Kepler-1070",1,1.73000000,,,939.00100000,293.1953923,49.3165410
"Kepler-1805 b","Kepler-1805",1,1.54502915,,,221.63900000,285.0865387,40.8990506
"Kepler-478 b","Kepler-478",1,2.71000000,,,,292.4870063,46.1961870
"Kepler-1136 b","Kepler-1136",1,1.64000000,,,491.40600000,284.1078441,44.2458047
"Kepler-371 b","Kepler-371",1,1.89000000,,,813.19200000,292.3264835,38.6575441
"Kepler-372 c","Kepler-372",1,2.09000000,,,1493.95000000,291.2562253,49.2589288
"Kepler-1137 b","Kepler-1137",1,2.20000000,,,921.77800000,287.1302407,48.6653470
"Kepler-1806 b","Kepler-1806",1,2.35560189,,,978.06600000,287.5349528,49.8016283
"Kepler-1138 b","Kepler-1138",1,1.70000000,,,872.32800000,285.8993164,48.3072850
"Kepler-1071 b","Kepler-1071",1,2.38000000,,,1042.27000000,293.0579794,45.2487472
"Kepler-1139 b","Kepler-1139",1,1.19000000,,,495.15600000,287.9455985,39.2305281
"Kepler-1807 b","Kepler-1807",1,2.70393215,,,1299.32000000,291.5494119,44.5272788
"Kepler-1140 b","Kepler-1140",1,2.77000000,,,656.48000000,281.6940529,46.9465210
"Kepler-1141 b","Kepler-1141",1,0.82000000,,,393.64200000,290.5436836,47.7259073
"Kepler-1142 b","Kepler-1142",1,1.47000000,,,1273.51000000,292.7144796,44.0822816
"Kepler-1143 b","Kepler-1143",1,1.67000000,,,555.18900000,287.3027720,39.2896399
"Kepler-1072 b","Kepler-1072",1,1.58000000,,,982.71600000,292.0443891,46.3289723
"Kepler-490 b","Kepler-490",1,11.65000000,,,1523.00000000,295.0256620,46.9559536
"Kepler-1144 b","Kepler-1144",1,1.99000000,,,1140.57000000,290.0432936,47.2578857
"Kepler-1145 b","Kepler-1145",1,1.40000000,,,691.96100000,295.3081524,43.0444026
"Kepler-1146 b","Kepler-1146",1,1.23000000,,,703.03800000,286.7167120,47.4256580
"Kepler-1808 b","Kepler-1808",1,3.02511302,,,1022.01000000,287.2924737,39.3832039
"Kepler-373 b","Kepler-373",1,1.36000000,,,1090.45000000,289.3879904,50.5970115
"Kepler-1809 b","Kepler-1809",1,1.51300000,,,409.60200000,290.2651662,40.5484937
"Kepler-374 c","Kepler-374",1,1.10000000,,,1265.61000000,294.1378921,42.3704075
"Kepler-1147 b","Kepler-1147",1,2.61000000,,,1657.36000000,292.5474753,41.6429221
"Kepler-1148 b","Kepler-1148",1,1.69000000,,,625.69200000,290.9536059,45.7195545
"Kepler-1149 b","Kepler-1149",1,1.44000000,,,1217.73000000,294.1891824,45.1515263
"Kepler-1150 b","Kepler-1150",2,1.02000000,,,358.51800000,296.7244553,49.5326846
"Kepler-1151 b","Kepler-1151",1,2.22000000,,,682.43600000,292.2477819,47.8784257
"Kepler-1682 b","Kepler-1682",1,2.88940836,,,1159.85000000,293.9835827,39.5728474
"Kepler-114 c","Kepler-114",1,1.60000000,0.00900000,,259.53300000,294.1214820,48.3497977
"Kepler-1064 b","Kepler-1064",1,1.55000000,,,,291.7415821,37.6888103
"Kepler-355 c","Kepler-355",1,2.71000000,,,1432.17000000,285.7994917,42.8117427
"Kepler-1810 b","Kepler-1810",1,3.91815325,,,1009.87000000,291.8129995,38.0880964
"Kepler-375 c","Kepler-375",1,2.65000000,,,1238.81000000,288.6178715,48.0983639
"Kepler-1811 b","Kepler-1811",1,3.84829873,,,1390.56000000,289.9793241,40.1427848
"Kepler-481 b","Kepler-481",1,2.50000000,,,813.72400000,291.9069862,49.2620760
"Kepler-1812 b","Kepler-1812",1,2.32494240,,,1409.19000000,298.0845087,40.2832525
"Kepler-1153 b","Kepler-1153",1,1.73000000,,,1119.49000000,289.1471849,45.8661300
"Kepler-1154 b","Kepler-1154",1,2.34000000,,,1460.10000000,297.4771158,39.8772345
"Kepler-1155 b","Kepler-1155",1,2.03000000,,,1128.72000000,288.8206058,39.5228712
"Kepler-1156 b","Kepler-1156",1,1.32000000,,,691.33100000,288.9240901,46.0575865
"Kepler-1157 b","Kepler-1157",1,1.09000000,,,342.14400000,283.1209268,43.5255701
"TrES-2 b","TrES-2",2,15.24424000,1.49000000,,215.32000000,286.8085258,49.3164211
"Kepler-1813 b","Kepler-1813",1,1.41300000,,,,292.2399069,48.5115214
"Kepler-1814 b","Kepler-1814",1,2.36961357,,,726.34600000,285.2166767,41.2824449
"Kepler-356 c","Kepler-356",1,1.81000000,,,707.55900000,292.4210998,37.6827919
"Kepler-1158 b","Kepler-1158",1,2.34000000,,,1484.25000000,292.2339048,41.5751832
"Kepler-1159 b","Kepler-1159",1,2.37000000,,,1213.71000000,294.2663250,45.2042317
"Kepler-1160 b","Kepler-1160",1,2.14000000,,,1077.63000000,287.8793899,43.3640752
"Kepler-1161 b","Kepler-1161",1,2.13000000,,,547.72600000,299.0770621,45.4405583
"Kepler-1162 b","Kepler-1162",1,2.21000000,,,940.21100000,283.2920273,45.4339813
"Kepler-1815 b","Kepler-1815",1,2.74892620,,,1006.63000000,300.1704720,43.9849048
"Kepler-1163 b","Kepler-1163",1,1.03000000,,,478.64700000,290.2358630,50.0300654
"Kepler-1164 b","Kepler-1164",1,1.12000000,,,431.62200000,287.5296372,38.8945065
"Kepler-1165 c","Kepler-1165",1,3.36093385,,,1575.20000000,286.9712284,44.7082669
"Kepler-1166 b","Kepler-1166",1,1.69000000,,,634.90600000,290.3484956,50.9028387
"Kepler-23 c","Kepler-23",1,3.00500000,0.02457301,,835.75600000,294.2189131,49.4792536
"Kepler-1167 b","Kepler-1167",1,1.71000000,,,820.90500000,298.3026595,47.6939654
"Kepler-1168 b","Kepler-1168",1,2.50000000,,,752.66600000,287.2977834,47.4554880
"Kepler-1073 b","Kepler-1073",1,2.30000000,,,809.89700000,294.1527259,38.2330886
"Kepler-1169 b","Kepler-1169",1,0.94000000,,,522.82300000,294.9115874,46.4914718
"Kepler-1170 b","Kepler-1170",1,2.41000000,,,1050.45000000,292.1685422,43.7795963
"Kepler-79 d","Kepler-79",1,7.15000000,0.01667566,,1020.72000000,300.5171067,44.3815508
"Kepler-480 b","Kepler-480",1,2.78000000,,,847.50800000,294.4639165,49.7650473
"Kepler-1171 b","Kepler-1171",1,2.56000000,,,573.00000000,294.9589285,38.5915968
"Kepler-376 c","Kepler-376",1,1.79000000,,,923.06700000,291.6071451,38.4103192
"Kepler-377 c","Kepler-377",1,2.06000000,,,823.80400000,295.4220717,38.7356737
"Kepler-1172 b","Kepler-1172",1,3.20000000,,,1306.53000000,290.4744875,37.7665499
"Kepler-1173 b","Kepler-1173",1,0.89000000,,,377.06000000,293.1311803,45.6634153
"Kepler-1787 b","Kepler-1787",1,2.31898181,,,778.60200000,289.0643042,47.1174041
"Kepler-1174 b","Kepler-1174",1,1.59000000,,,1408.75000000,281.8314296,42.2988910
"Kepler-12 b","Kepler-12",1,19.66058600,0.43200000,,881.38600000,286.2434458,50.0403671
"Kepler-1175 b","Kepler-1175",1,2.99000000,,,1121.89000000,289.1426847,46.8129656
"Kepler-1176 b","Kepler-1176",1,2.45000000,,,864.69900000,297.9197240,45.2742038
"Kepler-378 b","Kepler-378",1,0.75000000,,,152.09400000,294.9489697,46.4388673
"Kepler-379 c","Kepler-379",1,2.29000000,,,731.27400000,295.7010981,38.9458209
"Kepler-1816 b","Kepler-1816",1,1.96793970,,,437.82300000,296.8509823,50.6987736
"Kepler-1817 b","Kepler-1817",1,2.27349126,,,748.56900000,282.0333419,44.4779955
"Kepler-1074 b","Kepler-1074",1,1.25000000,,,250.81700000,284.4766869,46.2526781
"Kepler-113 c","Kepler-113",1,2.18000000,0.02737312,,262.35100000,287.9978721,50.9441847
"Kepler-1683 b","Kepler-1683",1,1.87477762,,,733.14300000,298.4501035,44.2840193
"Kepler-1177 b","Kepler-1177",1,1.90000000,,,1299.97000000,286.6714813,49.4062964
"Kepler-1818 b","Kepler-1818",1,1.71360684,,,1034.59000000,284.3284866,40.5688741
"Kepler-1819 b","Kepler-1819",1,3.90351256,,,1363.19000000,296.5600307,46.8574644
"Kepler-1179 b","Kepler-1179",1,1.32000000,,,415.20500000,284.0974305,47.8104856
"Kepler-1075 b","Kepler-1075",1,1.42000000,,,291.27500000,287.5011404,47.4691157
"Kepler-122 b","Kepler-122",1,2.34000000,,,1027.45000000,291.1118647,39.9490248
"Kepler-1180 b","Kepler-1180",1,1.99000000,,,1596.80000000,295.8874773,43.1559952
"Kepler-1181 b","Kepler-1181",1,1.57000000,,,938.41700000,289.7473165,39.5234131
"Kepler-1182 b","Kepler-1182",1,2.41000000,,,1545.39000000,296.3079895,43.8213706
"Kepler-1820 b","Kepler-1820",1,3.11883067,,,1425.39000000,296.7127400,48.2722828
"Kepler-1183 b","Kepler-1183",1,2.82000000,,,1919.19000000,292.2324228,38.8921946
"Kepler-1184 b","Kepler-1184",1,2.68000000,,,1157.84000000,291.2820310,46.9659514
"Kepler-1821 b","Kepler-1821",1,2.59248115,,,799.69900000,294.5254573,49.8724840
"Kepler-1076 b","Kepler-1076",1,0.80000000,,,,287.5902594,51.0606047
"Kepler-112 c","Kepler-112",1,2.40000000,,,513.20600000,296.9811361,43.2097025
"Kepler-1788 b","Kepler-1788",1,2.37850461,,,560.44500000,291.2243829,45.7780993
"Kepler-1065 b","Kepler-1065",1,3.73000000,,,1122.48000000,294.5113190,38.7904648
"Kepler-2001 c","Kepler-2001",1,1.82000000,,,776.55000000,291.6594558,50.5838585
"Kepler-1077 b","Kepler-1077",1,2.77000000,,,1101.42000000,291.0336333,42.2678448
"Kepler-1078 b","Kepler-1078",1,1.90000000,,,2481.71000000,293.2005664,43.0500379
"Kepler-1789 b","Kepler-1789",1,2.83137505,,,611.46100000,282.8631419,41.7966332
"Kepler-1678 b","Kepler-1678",1,3.30422249,,,847.33900000,292.5916297,38.3995629
"Kepler-1079 b","Kepler-1079",1,1.63000000,,,591.09800000,299.5495794,45.7696769
"Kepler-18 d","Kepler-18",1,6.98000000,0.05200000,,433.04700000,298.0794448,44.7462480
"Kepler-1080 b","Kepler-1080",1,3.28000000,,,1382.82000000,296.4644914,49.1828952
"Kepler-1066 b","Kepler-1066",1,2.36000000,,,344.25100000,298.8666210,46.5022325
"Kepler-1081 b","Kepler-1081",1,1.01000000,,,420.21500000,289.4447520,41.3179652
"Kepler-1082 b","Kepler-1082",1,1.12000000,,,739.55700000,289.3586737,50.5984489
"Kepler-357 d","Kepler-357",1,3.43000000,,,688.57300000,291.2429746,44.0086337
"Kepler-1083 b","Kepler-1083",1,3.36000000,,,902.63300000,283.1618831,45.1983360
"Kepler-1084 b","Kepler-1084",1,1.11000000,,,405.53300000,290.1019809,48.2511460
"Kepler-1085 c","Kepler-1085",1,3.26817741,,,1364.53000000,287.4776359,46.1411685
"Kepler-114 b","Kepler-114",1,1.26000000,,,259.53300000,294.1214820,48.3497977
"Kepler-1086 b","Kepler-1086",2,2.44000000,,,466.08400000,295.2511870,45.8429537
"Kepler-1087 b","Kepler-1087",1,0.61000000,,,362.62300000,294.9789253,46.0056741
"Kepler-358 c","Kepler-358",1,2.85000000,,,1101.10000000,293.2302333,48.2813901
"Kepler-353 c","Kepler-353",2,1.38000000,,,384.69400000,296.8565596,41.7580749
"Kepler-1790 b","Kepler-1790",1,3.14461450,,,1070.17000000,294.5668577,46.0757312
"Kepler-1791 b","Kepler-1791",1,3.12103321,,,602.21800000,284.4903166,42.6482636
"Kepler-1792 b","Kepler-1792",1,2.51990972,,,601.02900000,294.8400788,39.0859757
"Kepler-60 b","Kepler-60",1,1.71000000,0.01318315,,1025.10000000,288.9612535,42.2650472
"Kepler-110 c","Kepler-110",1,2.21000000,,,586.53100000,292.9291693,48.6028303
"Kepler-1088 b","Kepler-1088",1,1.42000000,,,280.62900000,281.5614578,42.4504087
"Kepler-1089 b","Kepler-1089",1,1.83000000,,,259.32800000,291.0926509,49.1901729
"Kepler-1995 b","Kepler-1995",1,4.28000000,,,595.33100000,284.3427250,46.3165907
"Kepler-1793 b","Kepler-1793",1,3.79037518,,,1189.88000000,291.9129477,40.9539265
"Kepler-359 c","Kepler-359",1,4.30000000,,,1443.21000000,293.2936129,42.1963497
"Kepler-1090 c","Kepler-1090",1,3.29265785,,,858.77000000,295.6629002,44.5258237
"Kepler-1091 b","Kepler-1091",1,1.46000000,,,914.29900000,299.7854426,43.6707235
"Kepler-113 b","Kepler-113",1,1.82000000,0.03700000,,262.35100000,287.9978721,50.9441847
"Kepler-1794 b","Kepler-1794",1,1.79426276,,,561.22900000,300.6196594,45.7888068
"Kepler-1092 b","Kepler-1092",1,2.07000000,,,981.23300000,297.7232008,47.1126833
"Kepler-1093 b","Kepler-1093",1,1.95000000,,,1072.88000000,284.9780251,41.4202077
"Kepler-1094 b","Kepler-1094",1,3.18000000,,,1291.01000000,292.3012109,38.2669983
"Kepler-1095 b","Kepler-1095",1,1.21000000,,,792.52200000,293.2624215,41.3650155
"Kepler-85 b","Kepler-85",1,1.77800000,0.00578929,,765.02500000,290.9734395,45.2902761
"Kepler-1096 b","Kepler-1096",1,1.24000000,,,377.97600000,294.7094688,45.9695533
"Kepler-1097 b","Kepler-1097",1,3.26000000,,,719.80200000,281.5941261,42.5963949
"Kepler-1098 b","Kepler-1098",1,1.30000000,,,1049.19000000,295.5026730,43.2326992
"Kepler-1099 b","Kepler-1099",1,2.83000000,,,1022.80000000,288.7499866,48.2771163
"Kepler-48 d","Kepler-48",1,2.04000000,0.02500000,,306.73800000,299.1393094,40.9489390
"Kepler-1100 b","Kepler-1100",1,1.75000000,,,693.61800000,291.8713535,44.0873907
"Kepler-1679 b","Kepler-1679",1,2.06920360,,,909.28000000,293.9005786,50.4270507
"Kepler-1101 b","Kepler-1101",1,2.47000000,,,742.47300000,294.5693544,45.6711623
"Kepler-1102 b","Kepler-1102",1,2.66000000,,,1246.05000000,281.3225917,48.0664955
"Kepler-1103 b","Kepler-1103",1,2.27000000,,,1331.92000000,287.3821348,49.4524247
"Kepler-1104 b","Kepler-1104",1,1.23000000,,,530.65800000,294.4685197,49.3309789
"Kepler-1067 c","Kepler-1067",1,1.74682428,,,667.69300000,285.3873706,45.0490265
"Kepler-360 b","Kepler-360",1,1.65000000,,,876.04400000,286.2847077,44.7815817
"Kepler-417 c","Kepler-417",1,,,,973.98900000,293.8241813,42.7796480
"Kepler-106 e","Kepler-106",1,2.56000000,0.03500000,,444.32200000,300.8640060,44.3375497
"Kepler-114 d","Kepler-114",1,2.53000000,0.01200000,,259.53300000,294.1214820,48.3497977
"Kepler-1105 b","Kepler-1105",1,2.01000000,,,318.00400000,281.1117588,42.4549698
"Kepler-67 b","Kepler-67",1,2.94000000,,"G9 V",1131.19000000,294.1533505,46.1663976
"Kepler-1106 b","Kepler-1106",1,1.65000000,,,1090.70000000,291.1451576,44.0624715
"Kepler-1795 b","Kepler-1795",1,1.66301611,,,,286.4792568,39.2698793
"Kepler-1107 b","Kepler-1107",1,1.34000000,,,428.79800000,291.0499340,39.1416740
"Kepler-1680 b","Kepler-1680",1,1.35954736,,,310.31500000,297.0746571,39.9338893
"Kepler-1785 b","Kepler-1785",1,2.70422447,,,745.74000000,295.7921797,47.6000699
"Kepler-1108 b","Kepler-1108",1,1.46000000,,,767.70100000,296.0422962,45.9851400
"Kepler-1109 b","Kepler-1109",1,2.19000000,,,685.08700000,291.6462654,39.3966122
"Kepler-103 c","Kepler-103",1,5.45390000,0.18396719,"G2",494.83200000,288.9845512,40.0644857
"Kepler-1796 b","Kepler-1796",1,2.75047868,,,825.88300000,301.5430397,44.6056251
"Kepler-1797 b","Kepler-1797",1,3.05774442,,,1338.49000000,292.4642406,45.9682799
"Kepler-1110 b","Kepler-1110",1,2.66000000,,,726.82800000,291.8080645,38.6226615
"Kepler-1111 b","Kepler-1111",1,2.00000000,,,841.53600000,295.4634045,45.8127697
"Kepler-1798 b","Kepler-1798",1,2.30911251,,,395.19600000,291.7262251,37.5289680
"Kepler-106 b","Kepler-106",1,0.82000000,0.01667558,,444.32200000,300.8640060,44.3375497
"Kepler-104 d","Kepler-104",2,3.58000000,,,400.78500000,287.6046621,42.1665104
"Kepler-100 b","Kepler-100",1,1.34000000,0.01261687,,304.64500000,291.3861294,41.9901394
"Kepler-100 d","Kepler-100",1,1.61000000,0.00943901,,304.64500000,291.3861294,41.9901394
"Kepler-101 c","Kepler-101",1,1.25000000,0.01000000,"G3 IV",927.98100000,283.2555070,48.3552474
"Kepler-20 f","Kepler-20",2,0.95200000,0.00440489,,282.56300000,287.6979913,42.3385782
"Kepler-33 b","Kepler-33",1,1.74000000,,,1209.16000000,289.0775348,46.0051696
"Kepler-102 f","Kepler-102",1,0.86100000,0.01352931,,107.79600000,281.4824731,47.2078263
"Kepler-102 c","Kepler-102",1,0.56700000,0.00534880,,107.79600000,281.4824731,47.2078263
"Kepler-102 b","Kepler-102",1,0.46000000,0.00346099,,107.79600000,281.4824731,47.2078263
"KOI-94 b","KOI-94",2,1.71000000,0.03300000,,477.05200000,297.3330716,41.8911186
"Kepler-37 c","Kepler-37",1,0.75500000,0.00409026,,63.92070000,284.0592503,44.5183733
"Kepler-37 b","Kepler-37",1,0.30980000,0.00248562,,63.92070000,284.0592503,44.5183733
"Kepler-37 e","Kepler-37",1,,,,63.92070000,284.0592503,44.5183733
"Kepler-68 c","Kepler-68",2,0.97900000,0.00409026,,144.16600000,291.0323102,49.0402129
"Kepler-49 e","Kepler-49",1,1.56000000,,,311.22200000,292.2945208,40.5918123
"Kepler-34 b","Kepler-34",2,8.56400000,0.22000000,,1800.82000000,296.4358022,44.6415369
"Kepler-115 b","Kepler-115",1,1.09000000,,,623.60900000,297.7119299,45.2619850
"Kepler-116 c","Kepler-116",1,2.30000000,,,955.16800000,294.7420605,43.5367842
"Kepler-50 c","Kepler-50",1,2.17000000,,,250.11000000,288.1009312,50.0336844
"Kepler-276 d","Kepler-276",1,2.80000000,0.05100000,,1144.86000000,293.5681970,39.0363123
"Kepler-280 c","Kepler-280",1,2.01000000,,,780.36100000,291.3905325,42.1804735
"Kepler-281 b","Kepler-281",1,2.82000000,,,1745.45000000,294.1081465,44.7706524
"Kepler-799 c","Kepler-799",1,2.78068551,,,,287.1748966,44.8784754
"Kepler-57 c","Kepler-57",1,2.19600000,0.02158397,,644.14000000,293.6413146,44.6570692
"Kepler-1991 b","Kepler-1991",1,1.47000000,,,855.82000000,285.0360506,45.0709909
"Kepler-804 c","Kepler-804",1,1.14000000,,,649.65000000,293.3722109,44.7851812
"Kepler-285 c","Kepler-285",1,1.12000000,,,824.31000000,291.3908469,48.0655392
"Kepler-128 c","Kepler-128",1,1.52100000,0.01063467,,396.37900000,282.4922622,43.9802442
"Kepler-288 b","Kepler-288",1,1.67000000,,,1194.15000000,288.9163997,39.5947523
"Kepler-58 c","Kepler-58",1,2.86000000,0.16675665,,969.25200000,296.3586251,39.1152033
"Kepler-449 b","Kepler-449",1,2.05600000,,,241.94900000,293.7327870,41.9006366
"Kepler-825 c","Kepler-825",1,1.84000000,,,807.85000000,294.7698250,39.3984081
"Kepler-289 b","Kepler-289",1,2.49000000,0.01164150,,704.43800000,297.4653351,42.8828517
"Kepler-1987 e","Kepler-1987",1,1.92000000,,,595.68300000,295.8254663,42.9433716
"Kepler-291 c","Kepler-291",1,1.88000000,,,1786.48000000,287.9163029,42.4372666
"Kepler-292 e","Kepler-292",1,2.67000000,,,1056.48000000,295.7661979,42.4242822
"Kepler-293 c","Kepler-293",1,3.83000000,,,974.63300000,286.3580611,42.4064917
"Kepler-129 c","Kepler-129",1,2.52000000,0.13529313,"G4 V",408.84500000,285.3111845,47.8484775
"Kepler-298 c","Kepler-298",1,1.93000000,,,518.20400000,283.0398448,48.8253303
"Kepler-508 b","Kepler-508",1,1.64000000,,,324.61800000,295.4042546,42.9812789
"Kepler-299 d","Kepler-299",1,1.86000000,,,1052.24000000,283.2070156,48.5805222
"Kepler-300 b","Kepler-300",1,1.67000000,,,1098.45000000,295.2886934,48.5997243
"Kepler-303 c","Kepler-303",1,1.14000000,,,209.73800000,283.1354742,43.6567036
"Kepler-1152 b","Kepler-1152",1,0.87000000,,,215.23300000,290.4341483,44.1077802
"Kepler-1186 b","Kepler-1186",1,2.23000000,,,1337.25000000,288.4796333,47.1017438
"Kepler-1187 b","Kepler-1187",1,2.61000000,,,1020.53000000,286.8919996,38.3185034
"Kepler-1822 b","Kepler-1822",1,2.64755943,,,897.59700000,297.2855000,41.3055733
"Kepler-1188 b","Kepler-1188",1,2.08000000,,,1717.48000000,283.1038438,43.1480487
"Kepler-1189 b","Kepler-1189",1,1.77000000,,,782.85200000,298.4264116,47.9468194
"Kepler-1190 b","Kepler-1190",1,1.33000000,,,342.50900000,284.9996582,49.4799506
"Kepler-1823 b","Kepler-1823",1,2.08612680,,,724.97100000,283.7547770,45.3351250
"Kepler-1824 b","Kepler-1824",1,2.38127597,,,1040.10000000,296.7071957,41.2036197
"Kepler-520 c","Kepler-520",1,1.07000000,,,623.90100000,293.1802903,41.6177408
"Kepler-126 b","Kepler-126",1,1.52000000,,,237.40100000,289.3473634,44.2084445
"Kepler-1825 b","Kepler-1825",1,1.42200732,,,430.25400000,292.5140647,42.6517554
"Kepler-1191 b","Kepler-1191",1,1.51000000,,,955.53600000,291.6577923,48.0092619
"Kepler-1192 b","Kepler-1192",1,2.36000000,,,1304.19000000,282.1405603,43.8964934
"Kepler-1826 b","Kepler-1826",1,1.47519116,,,336.95200000,292.7700072,48.8998469
"Kepler-1193 b","Kepler-1193",1,1.32000000,,,802.11600000,288.1447323,51.2756446
"Kepler-1827 b","Kepler-1827",1,1.85644292,,,686.46100000,292.2525301,40.7927895
"Kepler-380 b","Kepler-380",1,1.19000000,,,813.71300000,282.3947017,48.7591334
"Kepler-129 b","Kepler-129",1,2.40000000,0.06292704,"G4 V",408.84500000,285.3111845,47.8484775
"Kepler-136 c","Kepler-136",2,1.99000000,,,420.81800000,296.4673039,42.5987984
"Kepler-1194 b","Kepler-1194",1,1.51000000,,,757.38200000,291.6994841,38.1452065
"Kepler-1195 b","Kepler-1195",1,2.08000000,,,918.56600000,284.3510523,40.8529319
"Kepler-1196 b","Kepler-1196",1,2.23000000,,,922.33300000,292.3695850,43.9108663
"Kepler-1197 b","Kepler-1197",1,1.25000000,,,486.94000000,291.6693437,42.5907441
"Kepler-1198 b","Kepler-1198",1,1.47000000,,,743.03000000,288.8339659,44.8381980
"Kepler-1199 b","Kepler-1199",1,1.15000000,,,563.49300000,293.7258092,47.2469219
"Kepler-36 c","Kepler-36",1,3.67900000,0.02243338,,527.95600000,291.2501859,49.2318073
"Kepler-1200 b","Kepler-1200",1,1.06000000,,,588.71500000,296.6034317,44.1292537
"Kepler-138 b","Kepler-138",1,0.64000000,0.00022024,,66.86240000,290.3814122,43.2930645
"Kepler-1201 b","Kepler-1201",1,2.29000000,,,944.24100000,294.6147908,40.8331158
"Kepler-1202 b","Kepler-1202",1,2.94000000,,,1175.38000000,292.2906060,44.6532281
"Kepler-1203 b","Kepler-1203",1,1.06000000,,,317.02200000,292.7734523,44.1780880
"Kepler-1204 b","Kepler-1204",1,3.05000000,,,1175.22000000,289.4415238,42.4981476
"Kepler-1205 b","Kepler-1205",1,1.41000000,,,698.48500000,290.2796734,41.5150499
"Kepler-1828 b","Kepler-1828",1,2.11598626,,,871.81000000,292.4275963,37.3207616
"Kepler-381 c","Kepler-381",1,1.12000000,,,267.32300000,285.1828685,43.8310283
"Kepler-126 d","Kepler-126",1,2.50000000,,,237.40100000,289.3473634,44.2084445
"Kepler-1829 b","Kepler-1829",1,2.47887001,,,679.92100000,288.6644840,51.4983798
"Kepler-139 c","Kepler-139",1,3.38000000,,,391.03800000,282.3919451,43.8894167
"Kepler-1206 b","Kepler-1206",1,1.64000000,,,762.01900000,295.9383737,49.7911337
"Kepler-1207 b","Kepler-1207",1,1.62000000,,,1754.19000000,295.0641963,49.3589615
"Kepler-1830 b","Kepler-1830",1,3.32992941,,,1056.88000000,295.1390408,40.9790527
"Kepler-1831 b","Kepler-1831",1,1.97019818,,,1053.49000000,295.3024604,49.5890456
"Kepler-98 b","Kepler-98",1,1.99000000,0.01100000,,350.31500000,285.6616933,37.9645672
"Kepler-1832 b","Kepler-1832",1,1.22719556,,,486.17400000,299.8517779,43.7320611
"Kepler-141 b","Kepler-141",1,0.69000000,,,301.18300000,297.9707271,47.7316041
"Kepler-430 b","Kepler-430",1,3.25000000,,,917.47700000,292.8085984,49.5794242
"Kepler-1209 b","Kepler-1209",1,1.51000000,,,505.53100000,287.5849352,49.1547328
"Kepler-1833 b","Kepler-1833",1,1.30027362,,,591.60200000,290.8714239,45.4102813
"Kepler-1210 b","Kepler-1210",1,1.70000000,,,1176.53000000,292.8321598,48.2193376
"Kepler-1211 b","Kepler-1211",1,2.55000000,,,1826.53000000,285.7207618,40.8569116
"Kepler-1212 b","Kepler-1212",1,2.14000000,,,1316.57000000,296.8534096,50.0373196
"Kepler-1213 b","Kepler-1213",1,1.19000000,,,807.81200000,289.4858423,50.9441967
"Kepler-382 b","Kepler-382",1,1.32000000,,,935.44600000,299.1362435,45.8699582
"Kepler-142 d","Kepler-142",1,2.16000000,,,548.68600000,295.1190067,48.4813635
"Kepler-1214 b","Kepler-1214",1,2.36000000,,,729.22700000,285.1427113,49.8006565
"Kepler-1215 b","Kepler-1215",1,1.22000000,,,661.02200000,297.4636477,48.1813978
"Kepler-135 b","Kepler-135",1,1.81000000,,,621.85500000,290.4950939,38.7954956
"Kepler-1216 b","Kepler-1216",1,1.39000000,,,1258.36000000,287.4052661,45.9179790
"Kepler-144 c","Kepler-144",1,1.35000000,,,384.91700000,281.9156128,42.7755535
"Kepler-1217 b","Kepler-1217",1,1.99000000,,,1347.71000000,289.1866841,50.9375614
"Kepler-516 b","Kepler-516",1,5.74000000,,,687.09400000,295.6087625,38.7357368
"Kepler-1218 b","Kepler-1218",1,1.44000000,,,840.50300000,291.5788505,44.5316825
"Kepler-1219 b","Kepler-1219",1,2.12000000,,,880.89500000,297.2158443,47.3785082
"Kepler-1220 b","Kepler-1220",1,1.52000000,,,961.90700000,297.0703980,42.9777396
"Kepler-1834 b","Kepler-1834",1,1.45938340,,,500.39500000,294.6646789,39.7838461
"Kepler-145 b","Kepler-145",1,2.65000000,0.11700000,,566.85000000,291.3877397,44.5290465
"Kepler-1655 b","Kepler-1655",1,2.21300000,0.01699030,,213.26000000,286.6895986,39.2120802
"Kepler-1221 b","Kepler-1221",1,1.88000000,,,913.65000000,285.8223636,45.7118423
"Kepler-1222 b","Kepler-1222",1,0.79000000,,,415.21800000,294.8896160,49.3798215
"Kepler-1223 b","Kepler-1223",1,1.22000000,,,459.95700000,285.2956462,44.5527542
"Kepler-1224 b","Kepler-1224",1,1.33000000,,,559.59800000,286.6257591,37.5373130
"Kepler-510 b","Kepler-510",1,2.47000000,,,386.17700000,287.6550196,39.2441716
"Kepler-1225 b","Kepler-1225",1,1.82000000,,,1347.52000000,290.6332748,40.1369671
"Kepler-1226 b","Kepler-1226",1,1.45000000,,,1125.72000000,296.3768521,50.6214592
"Kepler-1227 b","Kepler-1227",1,2.29000000,,,623.70600000,287.0664109,41.8749712
"Kepler-1228 b","Kepler-1228",1,1.54000000,,,515.45300000,296.5527610,46.9661945
"Kepler-1835 b","Kepler-1835",1,3.53387773,,,1404.38000000,280.3148152,43.9856885
"Kepler-383 b","Kepler-383",1,1.32000000,,,,291.3426078,38.3631616
"Kepler-384 b","Kepler-384",1,1.12000000,,,895.67800000,286.0261113,44.7828571
"Kepler-147 b","Kepler-147",1,1.53000000,,,1042.02000000,287.9757213,39.0871680
"Kepler-131 b","Kepler-131",1,2.41000000,0.05100000,,228.67800000,288.5308924,40.9423730
"Kepler-1836 b","Kepler-1836",1,2.55303229,,,1472.62000000,292.3150933,40.8387799
"Kepler-1837 b","Kepler-1837",1,2.06673842,,,1229.18000000,288.2076012,45.6834463
"Kepler-1684 b","Kepler-1684",1,2.87084792,,,621.99600000,294.0054181,46.3106625
"Kepler-1229 b","Kepler-1229",1,1.40000000,,,265.48200000,297.4868347,46.9966782
"Kepler-1230 b","Kepler-1230",1,2.71000000,,,1364.22000000,283.2645129,41.7114526
"Kepler-1231 b","Kepler-1231",1,1.42000000,,,987.23700000,288.5882888,42.6056644
"Kepler-1232 b","Kepler-1232",1,1.93000000,,,632.86500000,296.5500966,49.1023070
"Kepler-1233 b","Kepler-1233",1,2.60000000,,,1178.70000000,297.3750954,46.6622201
"Kepler-1234 b","Kepler-1234",1,2.81000000,,,916.74900000,287.5220359,51.3759464
"Kepler-132 d","Kepler-132",2,1.55000000,,,349.54900000,283.2358100,41.3430370
"Kepler-151 c","Kepler-151",1,2.09000000,,,649.91900000,292.1627933,41.0231947
"Kepler-1235 b","Kepler-1235",1,0.79000000,,,540.60400000,284.9030677,43.9540616
"Kepler-1236 b","Kepler-1236",1,2.14000000,,,999.64000000,295.6247375,42.5458739
"Kepler-385 c","Kepler-385",1,3.04000000,,,1432.61000000,294.3385109,50.3365178
"Kepler-518 b","Kepler-518",1,2.11000000,,,337.90100000,287.0900190,41.3737576
"Kepler-549 b","Kepler-549",1,2.57000000,,,635.14500000,283.0228527,47.2611431
"Kepler-1237 b","Kepler-1237",1,2.86000000,,,1064.31000000,295.6292745,44.6905815
"Kepler-1238 b","Kepler-1238",1,1.93000000,,,1632.13000000,297.9057655,40.1628378
"Kepler-1239 b","Kepler-1239",1,2.90000000,,,2140.60000000,293.1273357,42.3200578
"Kepler-1240 b","Kepler-1240",1,1.15000000,,,862.18600000,282.9997682,40.5574322
"Kepler-386 c","Kepler-386",1,1.58000000,,,882.46200000,289.8589165,48.6938077
"Kepler-99 b","Kepler-99",2,1.48000000,0.01900000,,208.36900000,297.3539994,41.3000452
"Kepler-387 b","Kepler-387",1,1.03000000,,,801.05200000,287.7982699,45.6567655
"Kepler-1241 b","Kepler-1241",1,2.63000000,,,968.72200000,294.5762033,38.4569588
"Kepler-1242 b","Kepler-1242",1,2.26000000,,,687.61500000,284.6062174,41.1963440
"Kepler-1243 b","Kepler-1243",1,1.75000000,,,758.17000000,294.0093970,42.8807779
"Kepler-519 b","Kepler-519",2,2.10000000,,,246.61000000,299.3196708,41.3847447
"Kepler-155 c","Kepler-155",1,2.24000000,,,293.49900000,288.4957831,51.0819286
"Kepler-1244 b","Kepler-1244",1,1.35000000,,,1075.81000000,282.3012505,46.5161814
"Kepler-1245 b","Kepler-1245",1,1.44000000,,,805.93600000,290.7443078,43.2607530
"Kepler-1246 b","Kepler-1246",1,1.36000000,,,436.50500000,287.6572346,48.9822053
"Kepler-1247 b","Kepler-1247",1,2.33000000,,,1045.92000000,294.5335974,46.6182365
"Kepler-520 b","Kepler-520",1,1.66000000,,,623.90100000,293.1802903,41.6177408
"Kepler-1838 b","Kepler-1838",1,1.66049425,,,451.24200000,298.9917165,40.1422600
"Kepler-1248 b","Kepler-1248",1,1.18000000,,,593.02600000,288.0592191,51.3544564
"Kepler-388 b","Kepler-388",1,0.81000000,,,,284.8280577,44.6086451
"Kepler-1839 b","Kepler-1839",1,1.94937590,,,1136.60000000,294.2244432,50.0755761
"Kepler-1249 b","Kepler-1249",1,2.38000000,,,1904.54000000,296.8948517,44.3717429
"Kepler-1840 b","Kepler-1840",1,2.77771129,,,513.10700000,298.5948803,41.4359643
"Kepler-1715 b","Kepler-1715",1,4.14042267,,,522.60500000,293.9297337,41.6029048
"Kepler-1841 b","Kepler-1841",1,1.48912557,,,631.70000000,287.7069031,40.6852161
"Kepler-1250 b","Kepler-1250",1,1.92000000,,,2126.85000000,287.7938184,45.9802492
"Kepler-389 b","Kepler-389",1,1.51000000,,,816.55900000,291.9600082,44.9000587
"Kepler-161 c","Kepler-161",1,2.05000000,,,434.63200000,290.5164698,43.0838642
"Kepler-1842 b","Kepler-1842",1,2.35388681,,,923.55100000,286.2516039,42.3784353
"Kepler-1843 b","Kepler-1843",1,2.70909809,,,784.62500000,292.8852302,41.2791690
"Kepler-1251 b","Kepler-1251",1,1.84000000,,,902.20400000,292.1151093,49.2563792
"Kepler-1252 b","Kepler-1252",1,1.67000000,,,648.97900000,298.9503634,46.6928437
"Kepler-1253 b","Kepler-1253",1,1.33000000,,,514.52400000,283.8852196,47.6371507
"Kepler-1254 b","Kepler-1254",1,1.55000000,,,622.81800000,285.1733174,48.7700099
"Kepler-118 b","Kepler-118",1,1.96000000,,,574.22800000,299.2131881,41.4248195
"Kepler-163 b","Kepler-163",1,1.05000000,,,689.81400000,295.0027458,46.9873389
"Kepler-1255 b","Kepler-1255",1,2.32000000,,,1617.07000000,295.2392569,42.7264842
"Kepler-137 c","Kepler-137",1,1.88000000,,,302.97900000,282.1355875,43.0391951
"Kepler-1256 b","Kepler-1256",1,1.49000000,,,891.19200000,291.4742443,44.6834119
"Kepler-1844 b","Kepler-1844",1,3.03648191,,,1804.36000000,292.6903973,37.9345682
"Kepler-1845 b","Kepler-1845",1,2.43836702,,,710.72400000,292.9016226,38.2970320
"Kepler-1257 b","Kepler-1257",1,1.52000000,,,1105.95000000,296.0756231,45.6270165
"Kepler-1258 b","Kepler-1258",1,0.86000000,,,717.55500000,285.4049723,49.9948186
"Kepler-1259 b","Kepler-1259",1,1.43000000,,,805.56200000,297.8414628,46.9676288
"Kepler-1260 b","Kepler-1260",1,1.77000000,,,1734.43000000,295.5912652,42.5552261
"Kepler-164 e","Kepler-164",1,4.24000000,,,890.75800000,287.7808115,47.6298453
"Kepler-1716 b","Kepler-1716",1,2.42476850,,,195.43900000,297.2717207,43.3330644
"Kepler-1261 b","Kepler-1261",1,2.26000000,,,744.29400000,285.2324786,48.8066963
"Kepler-390 b","Kepler-390",2,0.82000000,,,435.27700000,291.6288086,41.2088351
"Kepler-1846 b","Kepler-1846",1,1.76378826,,,374.61500000,294.3909489,44.7629523
"Kepler-1685 b","Kepler-1685",1,2.57673985,,,1141.89000000,296.1882618,43.9368118
"Kepler-139 b","Kepler-139",1,2.94000000,,,391.03800000,282.3919451,43.8894167
"Kepler-1262 b","Kepler-1262",1,1.82000000,,,1054.87000000,288.7718287,42.2131694
"Kepler-1847 b","Kepler-1847",1,2.74516914,,,1693.86000000,296.6014013,44.3252289
"Kepler-1263 b","Kepler-1263",1,1.14000000,,,664.83000000,286.4836260,46.7526182
"KOI-2513.01","KOI-2513",1,2.80224517,23.00000000,,1369.87000000,293.6688776,46.3792321
"Kepler-111 c","Kepler-111",1,7.08407580,0.70000000,,657.22300000,291.6531630,44.6882613
"Kepler-522 b","Kepler-522",1,6.91000000,,,639.23900000,288.1539730,44.0688154
"Kepler-167 d","Kepler-167",2,1.23800000,,,341.90800000,292.6585253,38.3455558
"Kepler-1264 b","Kepler-1264",1,1.18000000,,,801.99300000,289.8844102,45.2115075
"Kepler-1265 b","Kepler-1265",1,1.35000000,,,583.64100000,284.5858364,47.0795646
"Kepler-1266 b","Kepler-1266",1,2.58000000,,,849.31200000,285.8693277,42.7279996
"Kepler-1848 b","Kepler-1848",1,1.40885390,,,309.69600000,299.3814921,45.5920846
"Kepler-1267 b","Kepler-1267",1,3.01000000,,,1379.43000000,299.1695093,43.4410533
"Kepler-1268 b","Kepler-1268",1,2.03000000,,,1840.77000000,287.8384190,43.1531776
"Kepler-1849 b","Kepler-1849",1,2.38685349,,,631.88400000,285.2919300,41.2557275
"Kepler-169 c","Kepler-169",1,1.21000000,,,406.52900000,285.9999204,40.9193822
"Kepler-1850 b","Kepler-1850",1,0.72909663,,,250.19900000,287.1428295,43.6161177
"Kepler-1851 b","Kepler-1851",1,3.90012032,,,1589.81000000,285.6737597,45.6398375
"Kepler-436 c","Kepler-436",1,2.33000000,,,588.86700000,301.7207775,44.4120856
"Kepler-1269 b","Kepler-1269",1,1.63000000,,,1097.23000000,287.8055442,45.3405371
"Kepler-1852 b","Kepler-1852",1,1.88610592,,,772.48100000,288.0297157,40.3441934
"Kepler-1270 b","Kepler-1270",1,3.32000000,,,1095.05000000,286.7156676,48.6452552
"Kepler-1271 b","Kepler-1271",1,1.48000000,,,831.99100000,286.3442954,37.4119347
"Kepler-1853 b","Kepler-1853",1,1.51862272,,,562.34800000,284.7478834,46.3735415
"Kepler-172 d","Kepler-172",1,2.25000000,,,828.59200000,283.3684093,41.8218390
"Kepler-1272 b","Kepler-1272",1,2.37000000,,,1206.37000000,285.2197605,38.8058393
"Kepler-1854 b","Kepler-1854",1,2.58746104,,,423.34800000,286.2859300,37.3869915
"Kepler-391 b","Kepler-391",1,2.50000000,3.46098705,"K2 III-IV",869.23600000,290.6218844,51.0573453
"Kepler-1855 b","Kepler-1855",1,1.21620500,,,,283.4018628,41.5161554
"Kepler-406 b","Kepler-406",1,1.43000000,0.02000000,,364.03000000,291.8481764,44.9682807
"Kepler-1856 b","Kepler-1856",1,1.73447868,,,848.76000000,295.9091695,51.3478777
"Kepler-1273 b","Kepler-1273",1,2.49000000,,,1114.24000000,285.8032016,44.8733983
"Kepler-1274 b","Kepler-1274",1,1.42000000,,,614.64800000,284.5936858,46.4497364
"Kepler-173 b","Kepler-173",1,1.29000000,,,833.16500000,294.6466171,41.8840952
"Kepler-1857 b","Kepler-1857",1,1.96065412,,,853.27500000,296.4557129,39.5985370
"Kepler-523 b","Kepler-523",1,1.96000000,,,253.29500000,284.0611224,45.5068127
"Kepler-1275 b","Kepler-1275",1,1.48000000,,,1153.98000000,293.5004955,44.9324455
"Kepler-1858 b","Kepler-1858",1,2.42168247,,,833.05500000,292.3074315,46.6265790
"Kepler-1276 b","Kepler-1276",1,1.19000000,,,538.48100000,287.8570173,40.5471909
"Kepler-175 c","Kepler-175",1,3.10000000,,,1312.34000000,289.5532320,43.8761160
"Kepler-1277 b","Kepler-1277",1,1.60000000,,,557.19300000,295.1025166,40.5723736
"Kepler-1686 b","Kepler-1686",1,1.42553017,,,729.82300000,291.6067189,42.0359783
"Kepler-1278 b","Kepler-1278",1,1.01000000,,,889.42600000,282.9569197,42.8255589
"Kepler-1279 b","Kepler-1279",1,1.75000000,,,1494.22000000,288.0955917,40.3659090
"Kepler-1280 b","Kepler-1280",1,1.87000000,,,1486.70000000,293.5738933,45.3844919
"Kepler-180 b","Kepler-180",1,1.50000000,,,695.65000000,295.5712566,49.7745140
"Kepler-140 b","Kepler-140",1,1.61000000,,,583.85900000,287.3694056,46.7681473
"Kepler-182 b","Kepler-182",1,2.58000000,,,1549.09000000,289.8301128,50.5862025
"Kepler-1859 b","Kepler-1859",1,1.58313575,,,1331.25000000,293.9886751,46.7179996
"Kepler-1281 b","Kepler-1281",1,1.64000000,,,,295.3543571,48.5153932
"Kepler-1860 b","Kepler-1860",1,1.13863767,,,438.70300000,294.3508497,50.0809627
"Kepler-1861 b","Kepler-1861",1,2.20677414,,,829.98500000,295.8465148,49.9361586
"Kepler-1998 b","Kepler-1998",1,0.60000000,,,340.96500000,283.4291536,47.5923973
"Kepler-392 b","Kepler-392",1,1.00000000,,,681.42800000,288.6608260,43.3681938
"Kepler-122 d","Kepler-122",1,2.20000000,,,1027.45000000,291.1118647,39.9490248
"Kepler-185 b","Kepler-185",1,1.17000000,,,466.73500000,282.4681674,43.8899464
"Kepler-1282 b","Kepler-1282",1,1.55000000,,,1103.29000000,290.1761688,46.6983036
"Kepler-133 c","Kepler-133",1,2.84000000,,,653.60000000,297.2778906,48.3203542
"Kepler-1283 b","Kepler-1283",1,1.91000000,,,2921.99000000,295.4623336,40.7769335
"Kepler-1687 b","Kepler-1687",1,1.65623882,,,417.01400000,289.7428363,50.7870626
"Kepler-1284 b","Kepler-1284",1,1.21000000,,,882.32400000,291.2789549,47.6875766
"Kepler-1285 b","Kepler-1285",1,0.97000000,,,422.26900000,281.8353366,44.1558825
"Kepler-1286 b","Kepler-1286",1,2.15000000,,,1354.46000000,280.2583709,43.8357433
"Kepler-393 b","Kepler-393",1,1.29000000,,,881.40400000,290.9952050,45.1921880
"Kepler-186 e","Kepler-186",1,1.27000000,,"M1",177.59400000,298.6527360,43.9549884
"Kepler-97 b","Kepler-97",1,1.48000000,0.01100000,,400.90700000,287.3265292,48.6733443
"Kepler-394 b","Kepler-394",1,1.60000000,,,1058.72000000,296.3019792,50.6723115
"Kepler-1287 b","Kepler-1287",1,1.54000000,,,1003.26000000,289.1346298,47.0630180
"KOI-134 b","KOI-134",1,12.03844527,1.09000000,"F9V",1159.21000000,295.5865980,45.3649371
"Kepler-187 b","Kepler-187",1,1.41000000,,,1143.00000000,299.7964955,44.0892448
"Kepler-1288 b","Kepler-1288",1,1.12000000,,,814.07800000,285.7135000,41.6058799
"Kepler-1994 b","Kepler-1994",1,0.51000000,,,241.99100000,297.1487941,46.2969247
"Kepler-1289 b","Kepler-1289",1,1.52000000,,,1053.57000000,296.3887670,41.0405090
"Kepler-512 b","Kepler-512",1,2.69000000,,,467.37500000,298.2689217,48.9167391
"Kepler-1290 b","Kepler-1290",1,1.42000000,,,1593.70000000,290.6852287,43.8596155
"Kepler-189 b","Kepler-189",1,1.21000000,,,591.53400000,287.5646296,44.3050662
"Kepler-1291 b","Kepler-1291",1,1.66000000,,,897.35200000,289.3770051,40.0010791
"Kepler-1292 b","Kepler-1292",1,1.82000000,,,1493.43000000,284.9057222,43.9491434
"Kepler-1862 b","Kepler-1862",1,2.20300000,,,1232.19000000,296.7533555,49.3780726
"Kepler-1293 b","Kepler-1293",1,0.97000000,,,1028.16000000,290.0258783,48.3359227
"Kepler-513 b","Kepler-513",1,2.20000000,,,468.25800000,285.0416235,50.0753913
"Kepler-1294 b","Kepler-1294",1,3.19000000,,,1855.70000000,291.2681037,44.4881624
"Kepler-1295 b","Kepler-1295",1,1.55000000,,,1174.46000000,291.3978451,45.5885530
"Kepler-190 c","Kepler-190",1,1.46000000,,,433.38700000,288.5839761,44.7337701
"Kepler-1652 b","Kepler-1652",1,1.60000000,,,,294.3660313,49.9150219
"Kepler-1296 b","Kepler-1296",1,0.91000000,,,1551.54000000,292.1251038,41.4077928
"Kepler-1297 b","Kepler-1297",1,0.97000000,,,1439.47000000,289.9564415,47.0203466
"Kepler-1863 b","Kepler-1863",1,2.26309256,,,865.54600000,282.2397185,43.2440854
"Kepler-1298 b","Kepler-1298",1,1.31000000,,,544.16300000,284.4227535,49.1061907
"Kepler-514 b","Kepler-514",2,1.72000000,,,455.33600000,286.2471739,50.2423694
"Kepler-1299 b","Kepler-1299",1,2.98000000,,,1404.94000000,286.1501263,37.4113438
"Kepler-1300 b","Kepler-1300",1,1.37000000,,,777.02500000,289.0330532,40.0869182
"Kepler-191 c","Kepler-191",1,1.86000000,,,594.46400000,291.1833211,45.3230937
"Kepler-1864 b","Kepler-1864",1,0.75408365,,,298.89400000,289.6867653,41.5889178
"Kepler-1865 b","Kepler-1865",1,1.57686072,,,922.25500000,293.9412380,41.5904136
"Kepler-450 b","Kepler-450",1,6.14000000,,,455.98200000,295.4865821,51.0135237
"Kepler-1301 b","Kepler-1301",1,1.40000000,,,854.28000000,286.6041816,42.4403309
"Kepler-616 c","Kepler-616",1,3.41000000,,,945.77500000,294.9891370,46.8383058
"Kepler-1302 b","Kepler-1302",1,1.43000000,,,634.58000000,290.9892462,50.3080640
"Kepler-1303 b","Kepler-1303",1,1.42000000,,,897.78300000,284.2871470,42.3555784
"Kepler-395 c","Kepler-395",1,1.32000000,,,421.38200000,293.5111889,45.1366252
"Kepler-132 c","Kepler-132",2,1.28000000,,,349.54900000,283.2358100,41.3430370
"Kepler-1304 b","Kepler-1304",1,2.29000000,,,2176.08000000,285.2763652,39.4468274
"Kepler-1305 b","Kepler-1305",1,1.88000000,,,1575.23000000,297.3394624,46.3472165
"Kepler-1306 b","Kepler-1306",1,1.91000000,,,1107.50000000,294.4783627,46.9458638
"Kepler-619 d","Kepler-619",1,4.17000000,,,900.67800000,290.8490899,48.4159782
"Kepler-1866 b","Kepler-1866",1,2.08215108,,,976.73700000,286.2246453,44.6544869
"Kepler-137 b","Kepler-137",1,1.47000000,,,302.97900000,282.1355875,43.0391951
"Kepler-1307 b","Kepler-1307",1,2.47000000,,,1014.62000000,292.8698348,46.7418679
"Kepler-1308 b","Kepler-1308",1,0.52000000,,,112.70500000,285.9287514,38.5207097
"Kepler-1867 b","Kepler-1867",1,1.15985997,,,680.58300000,294.9971007,43.4358698
"Kepler-1309 b","Kepler-1309",1,2.37000000,,,,298.7351131,40.7641262
"Kepler-51 d","Kepler-51",1,9.70000000,0.02400000,,783.83100000,296.4797624,49.9376486
"Kepler-1310 b","Kepler-1310",1,1.44000000,,,569.18500000,283.9200236,40.7400419
"Kepler-132 b","Kepler-132",2,1.21000000,,,349.54900000,283.2358100,41.3430370
"Kepler-396 c","Kepler-396",1,5.30000000,0.05600000,,223.75700000,296.1328135,48.9773095
"Kepler-1311 d","Kepler-1311",1,9.65837605,,,866.33100000,289.6512597,43.8244445
"Kepler-1312 b","Kepler-1312",1,2.10000000,,,299.10400000,292.9712801,41.0357494
"Kepler-51 c","Kepler-51",1,9.00000000,0.01300000,,783.83100000,296.4797624,49.9376486
"Kepler-517 b","Kepler-517",2,2.67000000,,,289.90700000,293.6755138,41.2952061
"Kepler-1313 b","Kepler-1313",1,1.76000000,,,174.23400000,292.3885820,42.2332767
"Kepler-397 c","Kepler-397",1,6.18000000,,,,295.8940373,42.3805156
"Kepler-122 e","Kepler-122",1,2.60000000,,,1027.45000000,291.1118647,39.9490248
"Kepler-198 c","Kepler-198",1,2.47000000,,,495.35800000,290.6731326,38.6910045
"Kepler-92 b","Kepler-92",1,3.51000000,0.20200000,,477.99200000,289.0860607,41.5630224
"Kepler-1868 b","Kepler-1868",1,3.14950109,,,274.18000000,293.2983733,43.5558025
"Kepler-1869 c","Kepler-1869",1,0.74000000,,,113.02500000,292.6149958,42.7643438
"Kepler-1314 b","Kepler-1314",1,5.11000000,,,,294.2373599,45.1968274
"Kepler-1870 b","Kepler-1870",1,2.10143764,,,407.21600000,293.9335076,40.5907040
"Kepler-398 b","Kepler-398",1,0.93000000,,,177.35500000,291.4688524,40.3437001
"Kepler-1315 b","Kepler-1315",1,1.38000000,,,480.86900000,295.8215678,46.0530562
"Kepler-201 c","Kepler-201",1,2.85000000,,,636.44500000,293.6260590,41.2728004
"Kepler-1316 b","Kepler-1316",1,3.54000000,,,800.87100000,298.8358277,40.2930714
"Kepler-1317 b","Kepler-1317",1,1.56000000,,,728.30300000,291.6118842,42.1159787
"Kepler-1318 b","Kepler-1318",1,3.11000000,,,475.24800000,290.3763246,41.1507928
"Kepler-445 c","Kepler-445",1,2.51000000,,"M4",127.20100000,298.7363395,46.4991236
"Kepler-136 b","Kepler-136",2,2.05000000,,,420.81800000,296.4673039,42.5987984
"Kepler-1319 b","Kepler-1319",2,1.34000000,,,103.91700000,290.9564463,49.3667933
"Kepler-203 d","Kepler-203",1,1.44000000,,,703.30200000,297.0899590,41.3880686
"Kepler-399 d","Kepler-399",1,1.89000000,,,740.53700000,299.5017242,40.6707669
"Kepler-1320 b","Kepler-1320",1,1.70000000,,,647.42400000,288.4335977,40.3808519
"Kepler-400 b","Kepler-400",1,1.65000000,,,845.97000000,290.9444679,40.4800528
"Kepler-138 c","Kepler-138",1,1.51000000,0.00723661,,66.86240000,290.3814122,43.2930645
"Kepler-401 b","Kepler-401",1,1.71000000,,,965.56000000,290.0827494,50.8634361
"Kepler-1321 b","Kepler-1321",1,4.92000000,,,769.14600000,294.5285970,46.6408737
"Kepler-204 c","Kepler-204",1,1.79000000,,,686.72300000,285.3471620,41.7618450
"Kepler-1322 b","Kepler-1322",1,1.61000000,,,1350.32000000,293.2045009,45.4353919
"Kepler-1323 b","Kepler-1323",1,1.52000000,,,465.41700000,292.8722515,46.0987290
"Kepler-1324 b","Kepler-1324",1,1.51000000,,,481.66700000,291.1849503,40.3112023
"Kepler-1325 b","Kepler-1325",1,2.86000000,,,973.36800000,285.0171505,42.0853120
"Kepler-402 c","Kepler-402",1,1.56000000,,,625.33900000,288.3701976,43.3546109
"Kepler-1871 b","Kepler-1871",1,2.42172881,,,854.62300000,292.4275044,38.4728824
"Kepler-206 b","Kepler-206",1,1.20000000,,,594.44700000,291.6346564,41.8338415
"Kepler-1326 b","Kepler-1326",1,4.18000000,,,698.32600000,296.2221990,39.2689420
"Kepler-1327 b","Kepler-1327",1,1.80000000,,,678.06900000,289.0648073,50.4609183
"Kepler-1328 b","Kepler-1328",1,0.98000000,,,813.54300000,284.6753857,44.4177225
"Kepler-403 b","Kepler-403",1,1.25000000,,,840.26900000,289.9214256,46.7445267
"Kepler-1688 b","Kepler-1688",1,1.26174569,,,,289.5530051,41.2978532
"Kepler-1872 b","Kepler-1872",1,2.38421141,,,840.18200000,281.0491988,43.3225996
"Kepler-1873 b","Kepler-1873",1,1.62573811,,,820.95700000,294.5965570,46.0483705
"Kepler-208 c","Kepler-208",1,1.39000000,,,775.32800000,293.8901979,42.5279413
"Kepler-1329 b","Kepler-1329",1,2.17000000,,,588.03700000,281.6476437,48.2709523
"Kepler-1330 b","Kepler-1330",1,1.65000000,,,1720.48000000,290.5767116,39.9568913
"Kepler-1714 b","Kepler-1714",1,3.26437302,,,409.46000000,293.7164655,46.2266878
"Kepler-1331 b","Kepler-1331",1,1.05000000,,,319.19700000,297.0737928,41.2244613
"Kepler-1332 b","Kepler-1332",1,1.37000000,,,528.68500000,291.0286411,43.9137055
"Kepler-1333 b","Kepler-1333",1,2.81000000,,,932.44600000,293.5275797,41.1113940
"Kepler-1334 b","Kepler-1334",1,2.29000000,,,1223.04000000,289.3115320,51.3209059
"Kepler-211 b","Kepler-211",1,1.26000000,,,309.35300000,285.4391183,43.1685051
"Kepler-1335 b","Kepler-1335",1,1.45000000,,,621.85300000,284.8384394,42.0703371
"Kepler-1336 b","Kepler-1336",1,1.98000000,,,1126.64000000,296.2776587,46.8998006
"Kepler-1337 b","Kepler-1337",1,2.41000000,,,601.62900000,287.0091176,46.7961229
"Kepler-1338 b","Kepler-1338",1,0.92000000,,,753.26000000,284.0422701,41.6990348
"Kepler-1339 b","Kepler-1339",1,0.71000000,,,371.04900000,283.7457695,48.3734690
"Kepler-1689 b","Kepler-1689",1,0.94678642,,,294.12200000,291.5741663,38.6559433
"Kepler-212 b","Kepler-212",1,1.09000000,,,687.19400000,287.6208165,43.1416239
"Kepler-1340 b","Kepler-1340",1,1.55000000,,,981.77900000,296.2328099,42.4727965
"Kepler-1690 b","Kepler-1690",1,2.81109223,,,703.78900000,288.1566649,41.8779417
"Kepler-1874 b","Kepler-1874",1,2.21110724,,,408.00700000,286.3718158,43.6920810
"Kepler-1341 b","Kepler-1341",2,2.99000000,,,476.95700000,280.5116813,44.1593503
"Kepler-213 c","Kepler-213",1,2.34000000,,,634.93900000,290.8241931,44.6472832
"Kepler-511 c","Kepler-511",1,4.20964327,,,651.99900000,282.9455384,47.5749181
"Kepler-404 b","Kepler-404",1,1.27000000,,,812.52400000,286.3985796,45.3435241
"Kepler-215 c","Kepler-215",1,1.77000000,,,485.99700000,294.9735313,45.2136867
"Kepler-1342 b","Kepler-1342",1,1.66000000,,,890.72400000,297.0200549,43.4325382
"Kepler-1875 b","Kepler-1875",1,3.22686692,,,1660.45000000,296.7727406,50.1883667
"Kepler-1343 b","Kepler-1343",1,1.93000000,,,1756.71000000,294.2944830,50.7253850
"Kepler-1344 b","Kepler-1344",1,1.84000000,,,853.95900000,287.0862799,46.9457998
"Kepler-122 f","Kepler-122",1,1.75000000,0.11300000,,1027.45000000,291.1118647,39.9490248
"Kepler-134 b","Kepler-134",1,2.00000000,,,334.79700000,284.7391156,49.5984448
"Kepler-221 d","Kepler-221",1,2.73000000,,,385.23100000,296.6547477,46.8352242
"Kepler-1345 b","Kepler-1345",1,2.36000000,,,1355.02000000,292.4779428,46.0228210
"Kepler-1346 b","Kepler-1346",1,1.58000000,,,843.70100000,291.8413410,45.1791850
"Kepler-1347 b","Kepler-1347",1,1.03000000,,,,299.6595903,40.8438526
"Kepler-1348 b","Kepler-1348",1,1.94000000,,,1213.82000000,292.0874126,49.7887090
"Kepler-1349 b","Kepler-1349",1,0.70000000,,,276.32300000,286.3385562,48.7442697
"Kepler-1350 b","Kepler-1350",1,2.52000000,,,340.69100000,288.2506110,46.6794847
"Kepler-515 b","Kepler-515",2,1.46000000,,,,290.4939130,52.0556110
"Kepler-221 e","Kepler-221",1,2.63000000,,,385.23100000,296.6547477,46.8352242
"Kepler-1351 b","Kepler-1351",1,0.65000000,,,202.78200000,293.6084289,42.1978746
"Kepler-1876 b","Kepler-1876",1,0.85300000,0.00755124,,259.93500000,299.1604859,41.1437964
"Kepler-1691 b","Kepler-1691",1,1.83470985,,,1267.67000000,286.2543962,41.0218373
"Kepler-1877 b","Kepler-1877",1,0.62408600,,,285.31200000,294.8669240,46.7904816
"Kepler-521 b","Kepler-521",1,3.18000000,,,830.63800000,298.8163801,43.9980203
"Kepler-1352 b","Kepler-1352",1,0.89000000,,,670.82900000,290.6937988,48.7014417
"Kepler-221 b","Kepler-221",1,1.71000000,,,385.23100000,296.6547477,46.8352242
"Kepler-1353 b","Kepler-1353",1,1.80000000,,,593.38400000,295.7353911,42.5762317
"Kepler-1354 b","Kepler-1354",1,2.97000000,,,1119.45000000,291.2451266,37.7590079
"Kepler-130 c","Kepler-130",2,2.90000000,,,316.66300000,288.4505905,40.2452006
"Kepler-224 e","Kepler-224",1,1.97000000,,,782.08800000,290.9342679,47.3575414
"Kepler-1355 b","Kepler-1355",1,1.46000000,,,911.26900000,283.7414249,49.0679833
"Kepler-1356 b","Kepler-1356",1,1.53000000,,,845.22800000,290.9953825,43.2438792
"Kepler-1357 b","Kepler-1357",1,1.28000000,,,1015.69000000,291.5480665,50.3532584
"Kepler-462 c","Kepler-462",1,4.00000000,0.01887802,,596.62500000,299.8211502,43.8142793
"Kepler-1878 b","Kepler-1878",1,2.92019781,,,1494.30000000,300.7324154,44.1070231
"Kepler-226 d","Kepler-226",1,1.22000000,,,980.13800000,292.3760942,47.8809596
"Kepler-1358 b","Kepler-1358",1,1.12000000,,,546.99800000,286.1705469,43.0089000
"Kepler-1359 b","Kepler-1359",1,2.83000000,,,614.85900000,289.5388180,41.8928154
"Kepler-1879 b","Kepler-1879",1,2.06512018,,,627.17100000,289.3644209,41.5332589
"Kepler-1360 b","Kepler-1360",1,3.40000000,,,1516.27000000,300.3440482,45.6231826
"Kepler-1361 b","Kepler-1361",1,0.86000000,,,389.14300000,283.5653603,46.9042278
"Kepler-1362 b","Kepler-1362",1,2.60000000,,,731.29800000,288.5385574,40.8771276
"Kepler-1880 b","Kepler-1880",1,2.11686218,,,611.04100000,287.8264561,40.6965988
"Kepler-52 d","Kepler-52",1,1.95000000,,,321.54200000,286.7380152,49.9757383
"Kepler-1363 b","Kepler-1363",1,1.25000000,,,541.71400000,296.9964872,49.2563228
"Kepler-1364 b","Kepler-1364",1,2.15000000,,,1056.90000000,295.1521334,49.5876179
"Kepler-1365 b","Kepler-1365",1,0.92000000,,,840.12800000,292.1996573,42.0459944
"Kepler-1366 b","Kepler-1366",1,1.43000000,,,465.82600000,285.0648845,41.5548464
"Kepler-525 b","Kepler-525",1,2.63000000,,,992.85200000,296.1834239,47.3587776
"Kepler-1881 b","Kepler-1881",1,2.98104391,,,1057.21000000,293.6393065,44.9825447
"Kepler-446 b","Kepler-446",1,1.50000000,,"M4",96.33900000,282.2501047,44.9210020
"Kepler-1367 b","Kepler-1367",1,0.92000000,,,401.48400000,288.4166786,47.8787308
"Kepler-231 b","Kepler-231",1,1.73000000,,,316.61800000,293.9733913,50.5318460
"Kepler-1882 b","Kepler-1882",1,1.48674404,,,443.37100000,290.6640856,43.4997866
"Kepler-526 b","Kepler-526",1,1.99000000,,,666.14600000,297.6509281,47.3962246
"Kepler-1692 b","Kepler-1692",1,1.11177184,,,591.01900000,286.9241804,47.0537092
"Kepler-1985 b","Kepler-1985",1,2.27000000,,,,293.5663715,42.1325825
"Kepler-1368 b","Kepler-1368",1,1.65000000,,,1635.82000000,294.7669795,41.6446434
"Kepler-235 c","Kepler-235",1,1.28000000,,,428.01800000,286.0790779,39.2782370
"Kepler-1369 b","Kepler-1369",1,2.69000000,,,1236.56000000,285.7972604,40.9361923
"Kepler-1370 b","Kepler-1370",1,1.84000000,,,1004.10000000,284.5656897,41.7784781
"Kepler-527 b","Kepler-527",1,2.84000000,,,750.04000000,290.9579130,47.4062673
"Kepler-1371 b","Kepler-1371",1,0.73000000,,,515.33400000,288.8314251,47.5519753
"Kepler-1883 b","Kepler-1883",1,3.25107395,,,1377.61000000,291.9225570,42.0025220
"Kepler-1372 b","Kepler-1372",1,1.27000000,,,1303.22000000,288.8865895,44.8394672
"Kepler-236 b","Kepler-236",1,1.57000000,,,288.76300000,283.8664285,39.8981928
"Kepler-1373 b","Kepler-1373",1,1.16000000,,,1699.46000000,285.7520229,39.2491731
"Kepler-1374 b","Kepler-1374",1,2.29000000,,,1078.46000000,291.3499783,45.1722521
"Kepler-1375 b","Kepler-1375",1,1.74000000,,,1430.84000000,296.2935173,43.4032189
"Kepler-1693 b","Kepler-1693",1,1.28938413,,,760.06500000,290.2015581,48.1857799
"Kepler-237 b","Kepler-237",1,1.41000000,,,657.82200000,283.2213438,40.4217620
"Kepler-528 b","Kepler-528",1,2.08000000,,,784.23000000,295.6848595,47.7480914
"Kepler-1376 b","Kepler-1376",1,1.05000000,,,868.05600000,286.9584368,42.5414090
"Kepler-1694 b","Kepler-1694",1,1.17986031,,,513.32900000,293.7936339,40.2410230
"Kepler-1377 b","Kepler-1377",1,1.25000000,,,1146.10000000,289.1954229,46.6516055
"Kepler-1378 b","Kepler-1378",1,2.20000000,,,506.43400000,297.3734030,40.3663986
"Kepler-141 c","Kepler-141",1,1.41000000,,,301.18300000,297.9707271,47.7316041
"Kepler-123 c","Kepler-123",1,1.48000000,,,1021.66000000,296.9985853,42.7819633
"Kepler-239 c","Kepler-239",1,2.51000000,,,648.10900000,294.2020505,40.6633313
"Kepler-1379 b","Kepler-1379",1,1.30000000,,,971.32500000,293.6704404,41.4102105
"Kepler-1884 b","Kepler-1884",1,1.81406781,,,1443.09000000,296.7463986,43.0454207
"Kepler-529 b","Kepler-529",1,1.86000000,,,799.00800000,285.8884067,47.8803640
"Kepler-1380 b","Kepler-1380",1,1.43000000,,,2462.94000000,288.1160421,42.4403832
"Kepler-243 c","Kepler-243",1,1.99000000,,,693.86000000,285.1104819,42.0339619
"Kepler-1381 b","Kepler-1381",1,2.25000000,,,1197.04000000,287.5357911,48.7277830
"Kepler-1382 b","Kepler-1382",1,1.88000000,,,738.26100000,295.3774182,39.0480365
"Kepler-245 c","Kepler-245",1,2.18000000,,,861.52700000,291.6389972,42.4363482
"Kepler-1383 b","Kepler-1383",1,1.41000000,,,1027.21000000,297.9447714,42.1918449
"Kepler-1384 b","Kepler-1384",1,1.94000000,,,,296.2151275,39.5270248
"Kepler-414 c","Kepler-414",1,3.01000000,0.09400000,,413.46000000,297.9615616,48.2443363
"Kepler-1385 b","Kepler-1385",1,0.85000000,,,688.79500000,282.6313559,46.4810220
"Kepler-46 d","Kepler-46",1,1.64000000,,,777.06000000,289.2687388,42.6041819
"Kepler-1885 b","Kepler-1885",1,1.51110555,,,818.48200000,288.7507112,47.4909206
"Kepler-1386 b","Kepler-1386",1,1.24000000,,,835.88200000,280.8233646,42.6360518
"Kepler-142 c","Kepler-142",1,2.86000000,,,548.68600000,295.1190067,48.4813635
"Kepler-1387 b","Kepler-1387",1,0.93000000,,,455.35800000,292.4403029,43.2093456
"Kepler-246 c","Kepler-246",1,1.50000000,,,626.07800000,296.4834007,42.6633806
"Kepler-1388 b","Kepler-1388",1,2.59000000,,,453.79500000,283.3360156,47.1744499
"Kepler-530 b","Kepler-530",2,3.01000000,,,457.70900000,283.3402948,48.5490620
"Kepler-1389 b","Kepler-1389",1,1.77000000,,,497.09300000,285.7174414,44.7583487
"Kepler-54 c","Kepler-54",1,1.23000000,,,271.70100000,294.7739245,43.0561976
"Kepler-1390 b","Kepler-1390",1,1.18000000,,,723.43100000,298.6624419,48.2488659
"Kepler-716 c","Kepler-716",1,1.39281536,,,635.00900000,290.3931809,43.3638577
"Kepler-55 c","Kepler-55",1,2.21000000,,,578.79600000,285.1683291,44.0264898
"Kepler-531 b","Kepler-531",1,2.78000000,,,252.76200000,286.5246582,48.6835481
"Kepler-250 d","Kepler-250",1,2.18000000,,,760.58500000,289.5947633,44.1418114
"Kepler-251 e","Kepler-251",1,2.77000000,,,924.62500000,296.5662171,44.1058077
"Kepler-26 e","Kepler-26",1,2.41000000,,,335.30700000,284.9410627,46.5664505
"Kepler-252 b","Kepler-252",1,1.23000000,,,379.42400000,295.5793290,44.5459052
"Kepler-255 b","Kepler-255",1,1.55000000,,,1052.53000000,296.0642702,45.9767647
"Kepler-256 d","Kepler-256",1,2.48000000,,,1026.43000000,292.5804200,46.0973588
"Kepler-258 c","Kepler-258",1,3.61000000,,,575.98800000,294.0684116,46.5791357
"Kepler-260 c","Kepler-260",1,1.74000000,,,627.36500000,291.9259658,38.0140525
"Kepler-532 b","Kepler-532",1,2.57000000,,,312.79800000,298.6609094,48.6063022
"Kepler-261 c","Kepler-261",1,2.00000000,,,317.49900000,291.3647333,37.6092390
"Kepler-264 c","Kepler-264",1,2.83000000,,,942.17300000,292.0446280,37.3761861
"Kepler-125 c","Kepler-125",1,0.74000000,,,183.36500000,298.2581101,47.6050031
"Kepler-755 c","Kepler-755",2,1.26000000,,,399.03400000,296.8609348,41.0973178
"Kepler-265 b","Kepler-265",1,1.86000000,,,1280.25000000,290.5104788,41.2447430
"Kepler-758 d","Kepler-758",1,2.12000000,,,1502.32000000,293.0846115,41.1354049
"Kepler-266 c","Kepler-266",1,3.89000000,,,1370.79000000,294.4843821,44.1669355
"Kepler-267 c","Kepler-267",1,2.13000000,,,264.99300000,299.8305655,47.1575741
"Kepler-533 b","Kepler-533",1,3.38000000,,,302.95500000,293.6856893,48.8249915
"Kepler-269 c","Kepler-269",1,1.69000000,,,2257.32000000,290.2151459,41.7759810
"Kepler-272 d","Kepler-272",1,2.25000000,,,889.60800000,299.1275257,47.5938319
"Kepler-275 d","Kepler-275",1,3.33000000,,,2034.25000000,292.4797004,38.5149018
"Kepler-206 d","Kepler-206",1,1.19000000,,,594.44700000,291.6346564,41.8338415
"Kepler-208 e","Kepler-208",1,1.48000000,,,775.32800000,293.8901979,42.5279413
"Kepler-344 c","Kepler-344",1,2.95000000,,,1002.94000000,292.4996101,46.3243406
"Kepler-345 b","Kepler-345",1,0.74000000,,,,295.2288521,45.9710432
"Kepler-524 b","Kepler-524",1,1.91000000,,,1058.24000000,296.8591787,49.1620125
"Kepler-346 c","Kepler-346",1,3.07000000,,,984.10500000,288.0119248,46.1176003
"Kepler-1050 c","Kepler-1050",1,1.48000000,,,490.48800000,282.9249847,48.6264015
"Kepler-349 c","Kepler-349",1,1.96000000,,,940.72400000,293.6764689,44.6155972
"Kepler-350 d","Kepler-350",1,2.80000000,0.04700000,,956.85900000,285.4195845,39.7061009
"Kepler-350 b","Kepler-350",1,1.85000000,,,956.85900000,285.4195845,39.7061009
"Kepler-351 b","Kepler-351",1,3.06000000,,,1083.91000000,286.4527949,42.6577891
"Kepler-352 b","Kepler-352",1,0.86000000,,,252.73300000,299.8966237,46.0519022
"Kepler-267 d","Kepler-267",1,2.27000000,,,264.99300000,299.8305655,47.1575741
"Kepler-353 b","Kepler-353",2,0.89000000,,,384.69400000,296.8565596,41.7580749
"Kepler-1664 b","Kepler-1664",1,3.03320653,,,626.69100000,286.8527157,49.2616668
"Kepler-85 c","Kepler-85",1,1.97800000,0.00676466,,765.02500000,290.9734395,45.2902761
"Kepler-85 d","Kepler-85",1,1.20000000,,,765.02500000,290.9734395,45.2902761
"Kepler-85 e","Kepler-85",1,1.27000000,,,765.02500000,290.9734395,45.2902761
"Kepler-354 d","Kepler-354",1,1.24000000,,,554.06400000,285.7515347,41.3356739
"Kepler-355 b","Kepler-355",1,1.46000000,,,1432.17000000,285.7994917,42.8117427
"Kepler-356 b","Kepler-356",1,1.57000000,,,707.55900000,292.4210998,37.6827919
"Kepler-357 b","Kepler-357",1,1.84000000,,,688.57300000,291.2429746,44.0086337
"Kepler-357 c","Kepler-357",1,2.67000000,,,688.57300000,291.2429746,44.0086337
"Kepler-358 b","Kepler-358",1,2.72000000,,,1101.10000000,293.2302333,48.2813901
"Kepler-60 c","Kepler-60",1,1.90000000,0.01211339,,1025.10000000,288.9612535,42.2650472
"Kepler-60 d","Kepler-60",1,1.99000000,0.01308876,,1025.10000000,288.9612535,42.2650472
"Kepler-359 b","Kepler-359",1,3.53000000,,,1443.21000000,293.2936129,42.1963497
"Kepler-360 c","Kepler-360",1,2.10000000,,,876.04400000,286.2847077,44.7815817
"Kepler-417 b","Kepler-417",1,2.31000000,0.03500000,,973.98900000,293.8241813,42.7796480
"Kepler-363 c","Kepler-363",1,1.69000000,,,762.59600000,283.1920779,41.3054172
"Kepler-363 b","Kepler-363",1,1.16000000,,,762.59600000,283.1920779,41.3054172
"Kepler-364 b","Kepler-364",1,1.55000000,,,891.46200000,281.5699998,47.3986233
"Kepler-272 b","Kepler-272",1,1.43000000,,,889.60800000,299.1275257,47.5938319
"KOI-351 h","KOI-351",1,,0.63870943,,848.25400000,284.4334642,49.3051239
"Kepler-366 c","Kepler-366",1,1.79000000,,,1856.28000000,296.8520316,49.0844359
"Kepler-1130 c","Kepler-1130",2,0.79239584,,,249.34300000,285.2074210,45.3843330
"Kepler-1130 d","Kepler-1130",2,0.64472273,,,249.34300000,285.2074210,45.3843330
"Kepler-367 c","Kepler-367",1,1.20000000,,,188.02700000,297.2925580,49.9817499
"Kepler-1802 c","Kepler-1802",1,2.32200000,,,636.69400000,300.2420869,44.1412854
"Kepler-1802 b","Kepler-1802",1,1.67100000,,,636.69400000,300.2420869,44.1412854
"Kepler-143 c","Kepler-143",1,3.37000000,,,809.46700000,298.0676519,49.4125410
"Kepler-415 b","Kepler-415",1,1.21000000,0.37700000,,530.48700000,293.8045041,38.6390517
"Kepler-369 b","Kepler-369",1,1.13000000,,,,293.6743322,47.9084727
"Kepler-370 b","Kepler-370",1,1.59000000,,,1167.94000000,292.1710683,40.9162381
"Kepler-373 c","Kepler-373",1,1.24000000,,,1090.45000000,289.3879904,50.5970115
"Kepler-374 d","Kepler-374",1,1.31000000,,,1265.61000000,294.1378921,42.3704075
"Kepler-374 b","Kepler-374",1,1.03000000,,,1265.61000000,294.1378921,42.3704075
"Kepler-375 b","Kepler-375",1,1.45000000,,,1238.81000000,288.6178715,48.0983639
"Kepler-534 b","Kepler-534",1,2.24000000,,,570.65900000,296.4185696,49.5401480
"Kepler-376 b","Kepler-376",1,1.07000000,,,923.06700000,291.6071451,38.4103192
"Kepler-377 b","Kepler-377",1,1.39000000,,,823.80400000,295.4220717,38.7356737
"Kepler-380 c","Kepler-380",1,1.27000000,,,813.71300000,282.3947017,48.7591334
"Kepler-381 b","Kepler-381",1,0.99000000,,,267.32300000,285.1828685,43.8310283
"Kepler-535 b","Kepler-535",1,2.36000000,,,685.59900000,296.5666587,49.6961742
"Kepler-381 d","Kepler-381",1,1.06678650,,,267.32300000,285.1828685,43.8310283
"Kepler-1208 b","Kepler-1208",1,2.32000000,,,825.17600000,291.8812445,44.5557587
"Kepler-1987 c","Kepler-1987",1,1.33000000,,,595.68300000,295.8254663,42.9433716
"Kepler-382 c","Kepler-382",1,1.59000000,,,935.44600000,299.1362435,45.8699582
"Kepler-383 c","Kepler-383",1,1.24000000,,,,291.3426078,38.3631616
"Kepler-384 c","Kepler-384",1,1.13000000,,,895.67800000,286.0261113,44.7828571
"Kepler-385 b","Kepler-385",1,2.73000000,,,1432.61000000,294.3385109,50.3365178
"Kepler-387 c","Kepler-387",1,0.89000000,,,801.05200000,287.7982699,45.6567655
"Kepler-536 b","Kepler-536",1,3.10000000,,,462.32200000,297.7363605,49.6371010
"Kepler-388 c","Kepler-388",1,0.86000000,,,,284.8280577,44.6086451
"Kepler-1266 c","Kepler-1266",1,1.68023962,,,849.31200000,285.8693277,42.7279996
"Kepler-1987 b","Kepler-1987",1,1.23000000,,,595.68300000,295.8254663,42.9433716
"Kepler-393 c","Kepler-393",1,1.33000000,,,881.40400000,290.9952050,45.1921880
"Kepler-394 c","Kepler-394",1,1.66000000,,,1058.72000000,296.3019792,50.6723115
"Kepler-394 d","Kepler-394",1,1.50066814,,,1058.72000000,296.3019792,50.6723115
"Kepler-292 c","Kepler-292",1,1.47000000,,,1056.48000000,295.7661979,42.4242822
"Kepler-395 b","Kepler-395",1,1.03000000,,,421.38200000,293.5111889,45.1366252
"Kepler-292 b","Kepler-292",1,1.32000000,,,1056.48000000,295.7661979,42.4242822
"Kepler-245 e","Kepler-245",1,1.75000000,,,861.52700000,291.6389972,42.4363482
"Kepler-298 d","Kepler-298",1,2.50000000,,,518.20400000,283.0398448,48.8253303
"Kepler-299 b","Kepler-299",1,1.32000000,,,1052.24000000,283.2070156,48.5805222
"Kepler-301 d","Kepler-301",1,1.75000000,,,719.16600000,283.9829040,49.2329512
"Kepler-301 c","Kepler-301",1,1.35000000,,,719.16600000,283.9829040,49.2329512
"Kepler-59 b","Kepler-59",1,1.10000000,,,1163.22000000,287.0394932,46.6401677
"Kepler-304 d","Kepler-304",1,2.75000000,,,434.68400000,294.4418031,40.5575408
"Kepler-304 c","Kepler-304",1,2.17000000,,,434.68400000,294.4418031,40.5575408
"Kepler-304 e","Kepler-304",1,1.20000000,,,434.68400000,294.4418031,40.5575408
"Kepler-305 c","Kepler-305",1,3.30000000,0.01900000,,868.47700000,299.2242557,40.3431670
"Kepler-54 d","Kepler-54",1,1.53000000,,,271.70100000,294.7739245,43.0561976
"Kepler-537 b","Kepler-537",1,1.41000000,,,439.40000000,289.8805804,51.2769907
"Kepler-305 e","Kepler-305",1,1.79381530,,,868.47700000,299.2242557,40.3431670
"Kepler-305 d","Kepler-305",1,2.76000000,0.01950738,,868.47700000,299.2242557,40.3431670
"Kepler-306 d","Kepler-306",1,2.47000000,,,775.67900000,288.5387145,40.6160545
"Kepler-306 e","Kepler-306",1,2.27000000,,,775.67900000,288.5387145,40.6160545
"Kepler-307 c","Kepler-307",1,2.20000000,0.01145266,,575.58100000,297.7950939,40.4176403
"Kepler-84 e","Kepler-84",1,2.60000000,,,1023.90000000,298.2520208,40.4960842
"Kepler-84 d","Kepler-84",1,1.38000000,,,1023.90000000,298.2520208,40.4960842
"Kepler-84 f","Kepler-84",1,2.20000000,,,1023.90000000,298.2520208,40.4960842
"Kepler-310 d","Kepler-310",1,2.47000000,,,602.26800000,288.8392780,46.9867472
"Kepler-414 b","Kepler-414",1,1.71000000,0.01100000,,413.46000000,297.9615616,48.2443363
"Kepler-55 e","Kepler-55",1,1.55000000,,,578.79600000,285.1683291,44.0264898
"Kepler-310 b","Kepler-310",1,1.19000000,,,602.26800000,288.8392780,46.9867472
"Kepler-903 c","Kepler-903",1,2.53000000,,,1369.24000000,288.7710137,40.6641771
"Kepler-311 c","Kepler-311",1,1.43000000,,,778.65400000,282.0612731,47.0854984
"Kepler-913 c","Kepler-913",1,3.85807090,,,991.61800000,297.5830564,41.9523531
"Kepler-313 c","Kepler-313",1,2.57000000,,,,298.2948708,48.7754000
"Kepler-142 b","Kepler-142",1,1.99000000,,,548.68600000,295.1190067,48.4813635
"Kepler-314 b","Kepler-314",1,0.83000000,,,268.88100000,294.6741507,42.0756037
"Kepler-55 f","Kepler-55",1,1.59000000,,,578.79600000,285.1683291,44.0264898
"Kepler-316 b","Kepler-316",1,1.06000000,,,384.93800000,290.8258350,44.1838993
"Kepler-949 c","Kepler-949",1,2.97000000,,,486.10500000,298.6079128,46.4536600
"Kepler-317 c","Kepler-317",1,1.72000000,,,940.58400000,294.9438822,39.0320499
"Kepler-318 c","Kepler-318",1,3.68000000,,,489.14100000,298.4828337,46.7936357
"Kepler-411 b","Kepler-411",2,2.40100000,0.08054620,"K2 V",153.67600000,287.6057027,49.5233937
"Kepler-319 d","Kepler-319",1,2.29000000,,,503.43600000,288.8119782,39.7706431
"Kepler-319 b","Kepler-319",1,1.63000000,,,503.43600000,288.8119782,39.7706431
"Kepler-321 b","Kepler-321",1,1.77000000,,,384.54200000,294.4536991,44.1457626
"Kepler-322 b","Kepler-322",1,1.01000000,,,400.48000000,281.3487514,44.2952525
"Kepler-323 b","Kepler-323",1,1.38100000,0.01227077,,454.88300000,291.3822988,38.1274595
"Kepler-250 b","Kepler-250",1,1.13000000,,,760.58500000,289.5947633,44.1418114
"Kepler-324 b","Kepler-324",1,1.14000000,,,501.57400000,286.4714473,49.6490933
"KOI-1831 d","Kepler-324",1,1.13000000,0.00701636,,501.57400000,286.4714473,49.6490933
"Kepler-324 e","Kepler-324",1,2.03862444,,,501.57400000,286.4714473,49.6490933
"Kepler-325 c","Kepler-325",1,2.54000000,,,823.24200000,289.8354219,49.8256070
"Kepler-325 d","Kepler-325",1,2.79000000,,,823.24200000,289.8354219,49.8256070
"Kepler-326 b","Kepler-326",1,1.52000000,,,487.67500000,294.3255898,46.0022646
"Kepler-326 d","Kepler-326",1,1.21000000,,,487.67500000,294.3255898,46.0022646
"Kepler-975 c","Kepler-975",1,10.69000000,,,426.08800000,290.5485100,38.4952415
"Kepler-256 b","Kepler-256",1,1.59000000,,,1026.43000000,292.5804200,46.0973588
"Kepler-416 c","Kepler-416",1,,,,690.81900000,291.5569554,39.2272923
"Kepler-416 d","Kepler-416",1,1.61000000,,,690.81900000,291.5569554,39.2272923
"Kepler-327 d","Kepler-327",1,1.73000000,,,241.98700000,292.6422963,44.0876251
"Kepler-327 c","Kepler-327",1,1.03000000,,,241.98700000,292.6422963,44.0876251
"Kepler-1996 b","Kepler-1996",1,2.26000000,,,440.56100000,285.2537555,46.5822183
"Kepler-329 b","Kepler-329",1,1.40000000,,,439.71900000,299.2681646,45.2272852
"Kepler-11 f","Kepler-11",1,2.49000000,0.00600000,,646.34600000,297.1150949,41.9091092
"Kepler-1001 c","Kepler-1001",1,1.57799279,,,928.97800000,286.2739151,48.6186972
"Kepler-330 b","Kepler-330",1,1.35000000,,,717.52700000,288.4474035,44.8017616
"Kepler-331 c","Kepler-331",1,1.84000000,,,580.11900000,291.8343455,39.3073462
"Kepler-256 e","Kepler-256",1,2.35000000,,,1026.43000000,292.5804200,46.0973588
"Kepler-331 d","Kepler-331",1,1.64000000,,,580.11900000,291.8343455,39.3073462
"Kepler-333 c","Kepler-333",2,1.11000000,,,324.41300000,292.2861201,40.9135429
"Kepler-334 b","Kepler-334",1,1.12000000,,,426.59000000,287.1406177,47.1151153
"Kepler-334 d","Kepler-334",1,1.41000000,,,426.59000000,287.1406177,47.1151153
"Kepler-336 c","Kepler-336",1,2.10000000,,,768.86000000,290.2376224,41.3313637
"Kepler-138 d","Kepler-138",1,1.51000000,0.00660734,,66.86240000,290.3814122,43.2930645
"Kepler-336 b","Kepler-336",1,1.02000000,,,768.86000000,290.2376224,41.3313637
"Kepler-337 b","Kepler-337",1,1.54000000,,,677.97500000,290.0605123,47.1639533
"Kepler-338 c","Kepler-338",1,2.34000000,,,552.79800000,282.9790593,40.7844188
"Kepler-338 d","Kepler-338",1,3.00000000,,,552.79800000,282.9790593,40.7844188
"Kepler-758 e","Kepler-758",1,1.53000000,,,1502.32000000,293.0846115,41.1354049
"Kepler-338 e","Kepler-338",1,1.56000000,0.02700000,,552.79800000,282.9790593,40.7844188
"Kepler-339 d","Kepler-339",1,1.17000000,,,616.63700000,293.3517010,48.4445922
"Kepler-339 c","Kepler-339",1,1.15000000,,,616.63700000,293.3517010,48.4445922
"Kepler-341 d","Kepler-341",1,1.85000000,,,1047.03000000,289.8615609,43.4727412
"Kepler-341 b","Kepler-341",1,1.18000000,,,1047.03000000,289.8615609,43.4727412
"Kepler-341 e","Kepler-341",1,1.99000000,,,1047.03000000,289.8615609,43.4727412
"Kepler-342 d","Kepler-342",1,2.49000000,,,781.61100000,292.6780488,46.7266813
"Kepler-35 b","Kepler-35",2,8.16000000,0.12700000,,1819.17000000,294.4969550,46.6896733
"Kepler-461 b","Kepler-461",1,2.58000000,,,692.15800000,292.2490563,46.1647909
"Kepler-38 b","Kepler-38",2,4.30000000,0.38400000,"G4 V",1174.59000000,286.8303120,42.2791434
"Kepler-230 c","Kepler-230",1,2.04000000,,,740.75400000,285.7185682,48.5058038
"Kepler-233 c","Kepler-233",1,2.71000000,,,856.41700000,296.3665054,51.3194548
"Kepler-106 d","Kepler-106",1,0.95000000,0.02548532,,444.32200000,300.8640060,44.3375497
"Kepler-238 f","Kepler-238",1,2.00000000,0.04200000,,1798.75000000,287.8971066,40.6378141
"Kepler-27 d","Kepler-27",1,2.70619460,,,1044.36000000,292.2367608,41.0858710
"Kepler-81 d","Kepler-81",1,1.21000000,,,348.29100000,293.6369437,42.8248275
"Kepler-722 c","Kepler-722",1,2.82000000,,,1239.50000000,290.2632874,44.5564051
"Kepler-32 f","Kepler-32",1,0.82000000,,,323.84700000,297.8423073,46.5743595
"Kepler-262 b","Kepler-262",1,1.36000000,,,613.12900000,290.7287168,37.2526575
"Kepler-263 c","Kepler-263",1,2.47000000,,,754.74700000,292.4698022,37.5677941
"Kepler-265 e","Kepler-265",1,2.59000000,,,1280.25000000,290.5104788,41.2447430
"Kepler-265 d","Kepler-265",1,2.49000000,,,1280.25000000,290.5104788,41.2447430
"Kepler-763 c","Kepler-763",1,1.42000000,,,962.45900000,292.1445534,47.1573604
"Kepler-763 b","Kepler-763",1,1.22000000,,,962.45900000,292.1445534,47.1573604
"Kepler-24 e","Kepler-24",1,2.78000000,,,1156.81000000,290.4132621,38.3437283
"Kepler-22 b","Kepler-22",1,2.10000000,0.02863180,,194.64200000,289.2172051,47.8841427
"Kepler-24 d","Kepler-24",1,1.67000000,,,1156.81000000,290.4132621,38.3437283
"Kepler-769 c","Kepler-769",1,1.79000000,,,1169.57000000,292.7130925,38.3581685
"Kepler-770 c","Kepler-770",1,1.20000000,,,930.45700000,286.4904589,38.3748720
"Kepler-770 d","Kepler-770",1,1.40000000,,,930.45700000,286.4904589,38.3748720
"Kepler-270 c","Kepler-270",1,1.77000000,,,948.78100000,282.2001207,44.4222795
"Kepler-783 b","Kepler-783",1,0.78000000,,,516.09000000,291.0628615,47.4847890
"Kepler-784 c","Kepler-784",1,1.55000000,,,1303.72000000,295.9206663,47.4486164
"Kepler-79 e","Kepler-79",1,3.53000000,0.01195614,,1020.72000000,300.5171067,44.3815508
"Kepler-279 d","Kepler-279",1,3.10000000,0.11800000,,1037.40000000,287.3912950,42.1948220
"Kepler-281 d","Kepler-281",1,5.93747806,,,1745.45000000,294.1081465,44.7706524
"Kepler-282 b","Kepler-282",1,1.01000000,,,1337.61000000,284.6772402,44.7976401
"Kepler-282 c","Kepler-282",1,1.20000000,,,1337.61000000,284.6772402,44.7976401
"Kepler-283 c","Kepler-283",1,1.82000000,,,468.09400000,293.6137413,47.8389380
"Kepler-286 e","Kepler-286",1,1.77000000,,,1226.85000000,290.6761874,48.2942362
"Kepler-288 d","Kepler-288",1,2.67000000,,,1194.15000000,288.9163997,39.5947523
"Kepler-58 d","Kepler-58",1,2.94000000,,,969.25200000,296.3586251,39.1152033
"Kepler-58 e","Kepler-58",1,1.61000000,,,969.25200000,296.3586251,39.1152033
"Kepler-290 d","Kepler-290",1,0.86000000,,,694.62700000,286.4100307,42.6815137
"Kepler-295 c","Kepler-295",1,1.17000000,,,1699.19000000,285.3458383,45.3677754
"Kepler-101 b","Kepler-101",1,5.77000000,0.16000000,"G3 IV",927.98100000,283.2555070,48.3552474
"Kepler-295 d","Kepler-295",1,1.36000000,,,1699.19000000,285.3458383,45.3677754
"Kepler-299 e","Kepler-299",1,1.87000000,,,1052.24000000,283.2070156,48.5805222
"Kepler-1669 d","Kepler-1669",1,1.22000000,,,543.44400000,297.4303826,39.8478795
"Kepler-69 c","Kepler-69",1,1.71000000,,"G4 V",730.62500000,293.2609013,44.8688656
"Kepler-864 c","Kepler-864",1,1.62000000,,,2022.90000000,285.0570943,46.3206074
"Kepler-865 c","Kepler-865",1,0.89000000,,,586.13700000,297.7242257,43.5272796
"Kepler-887 c","Kepler-887",1,1.13000000,,,886.58800000,290.0907893,39.8169085
"KIC 9663113 b","KIC 9663113",1,4.60000000,,,1594.74000000,297.0454037,46.3286653
"Kepler-87 c","Kepler-87",1,6.14000000,0.02000000,,1232.90000000,297.9168433,46.9651146
"Kepler-896 b","Kepler-896",1,2.53000000,,,2334.93000000,282.4391402,43.7344291
"Kepler-308 c","Kepler-308",1,2.16000000,,,1335.92000000,295.7852423,40.4395753
"Kepler-495 c","Kepler-495",1,1.21936414,,,658.92400000,285.9307362,39.0981201
"Kepler-501 c","Kepler-501",1,1.68119739,,,1125.24000000,297.2014919,41.7301534
"Kepler-124 d","Kepler-124",1,1.11000000,,,420.04600000,286.7527322,49.0648788
"Kepler-124 b","Kepler-124",1,0.73000000,,,420.04600000,286.7527322,49.0648788
"Kepler-2000 c","Kepler-2000",1,1.57000000,,,320.58800000,285.5743032,49.9621218
"Kepler-396 b","Kepler-396",1,3.50000000,0.23800000,,223.75700000,296.1328135,48.9773095
"Kepler-1311 b","Kepler-1311",1,1.24000000,,,866.33100000,289.6512597,43.8244445
"Kepler-1311 c","Kepler-1311",1,1.22000000,,,866.33100000,289.6512597,43.8244445
"Kepler-1312 c","Kepler-1312",1,1.02732734,,,299.10400000,292.9712801,41.0357494
"Kepler-397 b","Kepler-397",1,2.46000000,,,,295.8940373,42.3805156
"Kepler-1869 b","Kepler-1869",1,1.11955354,,,113.02500000,292.6149958,42.7643438
"Kepler-398 c","Kepler-398",1,1.01000000,,,177.35500000,291.4688524,40.3437001
"Kepler-398 d","Kepler-398",1,0.88000000,,,177.35500000,291.4688524,40.3437001
"Kepler-1315 c","Kepler-1315",1,1.84398883,,,480.86900000,295.8215678,46.0530562
"Kepler-445 b","Kepler-445",1,1.58000000,,"M4",127.20100000,298.7363395,46.4991236
"Kepler-399 b","Kepler-399",1,0.96000000,,,740.53700000,299.5017242,40.6707669
"Kepler-399 c","Kepler-399",1,1.43000000,,,740.53700000,299.5017242,40.6707669
"Kepler-126 c","Kepler-126",1,1.58000000,,,237.40100000,289.3473634,44.2084445
"Kepler-400 c","Kepler-400",1,1.49000000,,,845.97000000,290.9444679,40.4800528
"Kepler-401 c","Kepler-401",1,2.15000000,,,965.56000000,290.0827494,50.8634361
"Kepler-1321 c","Kepler-1321",1,2.40000000,,,769.14600000,294.5285970,46.6408737
"Kepler-1321 d","Kepler-1321",1,2.62843782,,,769.14600000,294.5285970,46.6408737
"Kepler-1322 c","Kepler-1322",1,2.15492527,,,1350.32000000,293.2045009,45.4353919
"Kepler-402 e","Kepler-402",1,1.46000000,,,625.33900000,288.3701976,43.3546109
"Kepler-402 b","Kepler-402",1,1.22000000,,,625.33900000,288.3701976,43.3546109
"Kepler-402 d","Kepler-402",1,1.38000000,,,625.33900000,288.3701976,43.3546109
"Kepler-403 c","Kepler-403",1,1.75000000,,,840.26900000,289.9214256,46.7445267
"Kepler-1336 c","Kepler-1336",1,1.71000000,,,1126.64000000,296.2776587,46.8998006
"Kepler-404 c","Kepler-404",1,1.72000000,,,812.52400000,286.3985796,45.3435241
"Kepler-1365 c","Kepler-1365",1,0.80000000,,,840.12800000,292.1996573,42.0459944
"Kepler-446 d","Kepler-446",1,1.35000000,,"M4",96.33900000,282.2501047,44.9210020
"Kepler-127 b","Kepler-127",1,1.40000000,,,352.79400000,285.1899439,46.0280596
"Kepler-1370 c","Kepler-1370",1,1.27000000,,,1004.10000000,284.5656897,41.7784781
"Kepler-1371 c","Kepler-1371",1,0.64000000,,,515.33400000,288.8314251,47.5519753
"Kepler-1693 c","Kepler-1693",1,0.97698289,,,760.06500000,290.2015581,48.1857799
"Kepler-11 g","Kepler-11",1,3.33000000,0.07900000,,646.34600000,297.1150949,41.9091092
"Kepler-1388 c","Kepler-1388",1,2.26000000,,,453.79500000,283.3360156,47.1744499
"Kepler-1886 b","Kepler-1886",1,2.58158428,,,1059.51000000,296.2645118,39.4059745
"Kepler-1391 b","Kepler-1391",1,1.68000000,,,1038.35000000,294.8309749,46.6595768
"Kepler-1887 b","Kepler-1887",1,2.92454357,,,1366.18000000,288.9555263,44.7057070
"Kepler-1392 b","Kepler-1392",1,1.96000000,,,,288.7669819,46.3944497
"Kepler-1888 b","Kepler-1888",1,1.32578716,,,402.94700000,289.3945523,41.7822597
"Kepler-1393 b","Kepler-1393",1,0.80000000,,,544.45600000,284.4594558,40.1424756
"Kepler-1394 b","Kepler-1394",1,1.39000000,,,640.40900000,283.4532068,45.0840729
"Kepler-1395 b","Kepler-1395",1,0.80000000,,,492.89400000,292.3374945,47.6641732
"Kepler-1396 b","Kepler-1396",1,2.07000000,,,1066.46000000,294.3363936,44.9182296
"Kepler-1397 b","Kepler-1397",1,1.72000000,,,1198.25000000,299.6758812,47.0758234
"Kepler-1889 b","Kepler-1889",1,2.94360686,,,1395.13000000,297.1992577,41.2264404
"Kepler-1890 b","Kepler-1890",1,0.86867375,,,529.59600000,292.5778203,40.6679032
"Kepler-1398 b","Kepler-1398",1,0.90000000,,,852.20400000,294.8661073,48.6389923
"Kepler-1398 c","Kepler-1398",1,1.03000000,,,852.20400000,294.8661073,48.6389923
"Kepler-1399 b","Kepler-1399",1,1.25000000,,,1385.70000000,293.3116962,46.0416516
"Kepler-1400 b","Kepler-1400",1,1.62000000,,,752.23700000,286.2716827,45.4408055
"Kepler-1891 b","Kepler-1891",1,1.52139156,,,596.24000000,290.0438524,44.3705375
"Kepler-51 b","Kepler-51",1,7.10000000,0.00700000,,783.83100000,296.4797624,49.9376486
"Kepler-1892 b","Kepler-1892",1,1.83707938,,,851.59500000,299.0810070,42.0180957
"Kepler-1401 b","Kepler-1401",1,1.68000000,,,1425.43000000,287.4660334,40.7584200
"Kepler-1402 b","Kepler-1402",1,0.76000000,,,1493.64000000,291.8478341,48.9681664
"Kepler-1403 b","Kepler-1403",1,2.14000000,,,2163.90000000,290.8676391,38.9600779
"Kepler-1404 b","Kepler-1404",1,2.01000000,,,962.18300000,296.0094827,50.4983929
"Kepler-27 c","Kepler-27",1,4.90000000,13.80000000,,1044.36000000,292.2367608,41.0858710
"Kepler-1405 b","Kepler-1405",1,3.96000000,,,1530.30000000,295.6848822,39.2561274
"Kepler-1406 b","Kepler-1406",1,1.10000000,,,572.40300000,292.0818824,38.9149472
"Kepler-1407 b","Kepler-1407",1,2.25000000,,,1396.41000000,283.9424274,41.4715535
"Kepler-1408 b","Kepler-1408",1,0.89000000,,,535.04800000,282.6998783,45.4257884
"Kepler-209 c","Kepler-209",1,3.10000000,,,576.94600000,291.1694567,42.6407281
"Kepler-1410 b","Kepler-1410",1,1.78000000,,,,290.5102933,38.7435010
"Kepler-1411 b","Kepler-1411",1,2.82000000,,,1660.48000000,286.3615236,42.9638889
"Kepler-1412 b","Kepler-1412",1,0.83000000,,,755.67800000,292.1801539,49.2024810
"Kepler-1893 b","Kepler-1893",1,1.70557445,,,1050.72000000,298.4012866,44.8381709
"Kepler-229 d","Kepler-229",1,3.85000000,,,826.26500000,286.9994758,48.3757867
"Kepler-1894 b","Kepler-1894",1,1.20117759,,,935.19100000,295.5864604,49.6668523
"Kepler-1894 c","Kepler-1894",1,1.21000000,,,935.19100000,295.5864604,49.6668523
"Kepler-1413 b","Kepler-1413",1,1.82000000,,,1167.49000000,294.3416065,46.4987624
"Kepler-1414 b","Kepler-1414",1,1.23000000,,,570.83500000,284.9285796,42.4223085
"Kepler-130 d","Kepler-130",2,1.64000000,,,316.66300000,288.4505905,40.2452006
"Kepler-1895 b","Kepler-1895",1,2.11934728,,,984.18700000,291.6756005,48.7625419
"Kepler-30 b","Kepler-30",1,3.90000000,0.03600000,,914.22100000,285.2836483,38.9472625
"Kepler-1415 b","Kepler-1415",1,1.29000000,,,1043.56000000,285.1568015,47.8732512
"Kepler-1416 b","Kepler-1416",1,0.88000000,,,949.59000000,298.6634624,43.8940593
"Kepler-75 b","Kepler-75",1,11.77000000,10.10000000,"K0 V",835.35600000,291.1376203,36.5773443
"Kepler-1417 b","Kepler-1417",1,1.00000000,,,991.84500000,290.9498966,40.6051970
"Kepler-1896 b","Kepler-1896",1,3.09935997,,,1732.91000000,289.6785786,40.2496475
"Kepler-131 c","Kepler-131",1,0.84000000,0.02600000,,228.67800000,288.5308924,40.9423730
"Kepler-1695 b","Kepler-1695",1,1.11948901,,,791.17500000,293.6193001,46.4134015
"Kepler-1418 b","Kepler-1418",1,1.66000000,,,,282.9975322,41.6785900
"Kepler-156 c","Kepler-156",1,2.55000000,,,443.48300000,290.2964214,37.7494271
"Kepler-1992 b","Kepler-1992",1,0.91000000,,,532.95500000,295.0902409,45.0811045
"Kepler-1419 b","Kepler-1419",1,2.86000000,,,1498.58000000,292.2545917,37.9713760
"Kepler-1420 b","Kepler-1420",1,1.28000000,,,1054.37000000,296.2038586,42.7778165
"Kepler-405 c","Kepler-405",1,4.66000000,,,1065.08000000,291.4094615,38.3400107
"Kepler-405 b","Kepler-405",1,2.08000000,,,1065.08000000,291.4094615,38.3400107
"Kepler-1421 b","Kepler-1421",1,0.93000000,,,783.40100000,286.5806115,48.5442312
"Kepler-1983 b","Kepler-1983",1,2.33000000,,,424.42800000,297.0420150,39.9121864
"Kepler-1422 b","Kepler-1422",1,2.02000000,,,2465.84000000,293.8902214,48.3360926
"Kepler-1897 b","Kepler-1897",1,2.81407954,,,983.17400000,294.2901043,39.1268710
"Kepler-1423 b","Kepler-1423",1,1.06000000,,,,288.2437481,41.1100655
"Kepler-1898 b","Kepler-1898",1,0.93353523,,,360.92100000,287.2058009,38.4981903
"Kepler-1900 b","Kepler-1900",1,1.62314676,,,1540.43000000,291.8863206,44.4790319
"Kepler-1901 b","Kepler-1901",1,1.47418907,,,1028.37000000,291.1643587,45.3183061
"Kepler-1902 b","Kepler-1902",1,1.17563613,,,344.33700000,292.7376545,42.0147792
"Kepler-1903 b","Kepler-1903",1,2.28642395,,,1775.44000000,290.8882981,51.2481617
"Kepler-1424 b","Kepler-1424",1,1.16000000,,,661.42100000,290.9916648,40.2293347
"Kepler-1905 b","Kepler-1905",1,1.44607340,,,1051.53000000,292.5733475,46.3668273
"Kepler-431 d","Kepler-431",1,1.11000000,,,486.54600000,281.1123072,43.2277663
"Kepler-431 b","Kepler-431",1,0.76400000,,,486.54600000,281.1123072,43.2277663
"Kepler-431 c","Kepler-431",1,0.66800000,,,486.54600000,281.1123072,43.2277663
"Kepler-92 c","Kepler-92",1,2.60000000,0.01900000,,477.99200000,289.0860607,41.5630224
"Kepler-1426 b","Kepler-1426",1,1.56000000,,,1697.81000000,292.5457096,49.4168981
"Kepler-1427 b","Kepler-1427",1,1.10000000,,,,295.3496546,45.1145372
"Kepler-1906 b","Kepler-1906",1,2.77615754,,,1360.63000000,293.8266166,38.8565906
"Kepler-1428 b","Kepler-1428",1,1.64000000,,,1530.32000000,297.6422563,49.5949580
"Kepler-1429 b","Kepler-1429",1,1.29000000,,,1214.09000000,285.3662532,49.0448172
"Kepler-92 d","Kepler-92",1,2.06700000,,,477.99200000,289.0860607,41.5630224
"Kepler-1430 b","Kepler-1430",1,1.18000000,,,875.52300000,289.6975391,43.3719581
"Kepler-1431 b","Kepler-1431",1,1.47000000,,,1623.24000000,292.6583919,49.8651522
"Kepler-1432 b","Kepler-1432",1,2.22000000,,,2171.87000000,295.5241011,49.8295211
"Kepler-1433 b","Kepler-1433",1,1.56000000,,,,287.3634559,49.4568649
"Kepler-1434 b","Kepler-1434",1,1.11000000,,,775.52900000,295.5384415,51.2030002
"Kepler-575 b","Kepler-575",1,2.39000000,,,853.97700000,286.9638856,37.8296147
"Kepler-1435 b","Kepler-1435",1,0.86000000,,,704.21100000,291.1732806,44.9210836
"Kepler-1436 b","Kepler-1436",1,1.31000000,,,2530.62000000,297.7115530,46.7679816
"Kepler-1907 c","Kepler-1907",1,1.15547044,,,292.11100000,280.7085829,47.3279236
"Kepler-1907 b","Kepler-1907",1,0.86973029,,,292.11100000,280.7085829,47.3279236
"Kepler-1437 b","Kepler-1437",1,1.37000000,,,2101.69000000,291.8649164,49.3258690
"Kepler-1909 b","Kepler-1909",1,1.09217411,,,763.66200000,290.8894090,42.4596251
"Kepler-1910 b","Kepler-1910",1,1.18400000,,,,296.6171677,41.2811677
"Kepler-1438 b","Kepler-1438",1,0.94000000,,,1154.13000000,289.2898190,40.6816262
"Kepler-1439 b","Kepler-1439",1,1.46000000,,,225.39300000,285.7396971,40.9798688
"Kepler-1977 b","Kepler-1977",1,1.66000000,,,592.71100000,290.6178587,37.2891002
"Kepler-1440 b","Kepler-1440",1,1.26000000,,,1115.35000000,285.3469737,48.3122283
"Kepler-1441 b","Kepler-1441",1,1.31000000,,,1110.48000000,293.7191177,43.1245756
"Kepler-511 b","Kepler-511",1,6.35000000,,,651.99900000,282.9455384,47.5749181
"Kepler-134 c","Kepler-134",1,1.26000000,,,334.79700000,284.7391156,49.5984448
"Kepler-135 c","Kepler-135",1,1.16000000,,,621.85500000,290.4950939,38.7954956
"Kepler-139 d","Kepler-139",1,1.69500000,0.01465595,,391.03800000,282.3919451,43.8894167
"Kepler-406 c","Kepler-406",1,0.85000000,0.00900000,,364.03000000,291.8481764,44.9682807
"Kepler-140 c","Kepler-140",1,1.80000000,,,583.85900000,287.3694056,46.7681473
"Kepler-524 c","Kepler-524",1,0.96000000,,,1058.24000000,296.8591787,49.1620125
"Kepler-683 b","Kepler-683",1,1.97000000,,,1023.07000000,291.4399598,37.9056293
"Kepler-1717 b","Kepler-1717",1,2.98929758,,,1008.79000000,295.2126472,49.5621600
"Kepler-534 c","Kepler-534",1,1.22700000,,,570.65900000,296.4185696,49.5401480
"Kepler-149 c","Kepler-149",1,1.61000000,,,571.03400000,285.8537014,38.3840916
"Kepler-150 b","Kepler-150",1,1.25000000,,,891.09200000,288.2341025,40.5208970
"Kepler-549 c","Kepler-549",1,2.93000000,,,635.14500000,283.0228527,47.2611431
"Kepler-157 d","Kepler-157",1,1.46000000,,,773.71300000,291.0972257,38.8756049
"Kepler-164 b","Kepler-164",1,1.41000000,,,890.75800000,287.7808115,47.6298453
"Kepler-169 b","Kepler-169",1,1.13000000,,,406.52900000,285.9999204,40.9193822
"Kepler-169 d","Kepler-169",1,1.25000000,,,406.52900000,285.9999204,40.9193822
"Kepler-684 b","Kepler-684",1,3.36000000,,,1731.27000000,290.8704935,38.2735978
"Kepler-169 f","Kepler-169",1,2.58000000,,,406.52900000,285.9999204,40.9193822
"Kepler-171 d","Kepler-171",1,1.89000000,,,863.85500000,296.7719082,41.7555958
"Kepler-172 e","Kepler-172",1,2.76000000,,,828.59200000,283.3684093,41.8218390
"Kepler-174 d","Kepler-174",1,2.19000000,,,384.75700000,287.4389454,43.8320052
"Kepler-589 c","Kepler-589",1,1.11727238,,,612.80300000,280.6414331,47.7520581
"Kepler-603 d","Kepler-603",1,1.32000000,,,1539.63000000,294.2809679,42.2909295
"Kepler-605 c","Kepler-605",1,0.86000000,,,556.58000000,287.2954015,43.2798677
"Kepler-610 c","Kepler-610",1,3.30000000,,,845.82400000,293.1713241,45.0655934
"Kepler-191 b","Kepler-191",1,1.34000000,,,594.46400000,291.1833211,45.3230937
"Kepler-192 d","Kepler-192",1,1.02000000,,,651.67400000,287.9179379,45.5928829
"Kepler-117 c","Kepler-117",1,12.34100000,1.84000000,"F8 V",1455.57000000,288.7930651,48.0401760
"Kepler-616 d","Kepler-616",1,2.65300000,,,945.77500000,294.9891370,46.8383058
"Kepler-194 d","Kepler-194",1,2.40000000,,,1097.97000000,291.9714290,47.8640498
"Kepler-195 c","Kepler-195",1,1.55000000,,,652.05100000,288.1209339,47.9666141
"Kepler-619 c","Kepler-619",1,1.69000000,,,900.67800000,290.8490899,48.4159782
"Kepler-197 e","Kepler-197",2,0.91000000,,,330.57500000,295.2264739,50.5592348
"Kepler-198 d","Kepler-198",1,1.53000000,,,495.35800000,290.6731326,38.6910045
"Kepler-625 c","Kepler-625",1,1.05000000,,,760.70800000,292.1504723,39.6375254
"Kepler-200 c","Kepler-200",1,1.59000000,,,665.91200000,284.4099503,41.2374928
"Kepler-1990 c","Kepler-1990",1,0.98000000,,,392.73900000,299.7047433,44.4357068
"Kepler-208 d","Kepler-208",1,1.20000000,,,775.32800000,293.8901979,42.5279413
"Kepler-215 e","Kepler-215",1,1.75000000,,,485.99700000,294.9735313,45.2136867
"Kepler-217 c","Kepler-217",1,1.85000000,,,1104.64000000,293.0377331,46.2775223
"Kepler-217 d","Kepler-217",1,1.32000000,,,1104.64000000,293.0377331,46.2775223
"Kepler-653 c","Kepler-653",1,0.78000000,,,595.63400000,282.2130447,46.7177898
"Kepler-220 d","Kepler-220",1,0.98000000,,,171.10900000,291.5060432,46.8956262
"Kepler-220 e","Kepler-220",1,1.33000000,,,171.10900000,291.5060432,46.8956262
"Kepler-220 b","Kepler-220",1,0.81000000,,,171.10900000,291.5060432,46.8956262
"Kepler-656 c","Kepler-656",1,1.41000000,,,890.35200000,288.3278778,47.3815380
"Kepler-62 c","Kepler-62",1,0.54000000,0.01300000,"K2 V",300.87400000,283.2125621,45.3496992
"Kepler-62 f","Kepler-62",1,1.41000000,0.11000000,"K2 V",300.87400000,283.2125621,45.3496992
"Kepler-154 c","Kepler-154",1,2.95000000,,,915.21200000,289.7805393,49.8965624
"Kepler-368 c","Kepler-368",1,3.88000000,,,770.97800000,291.8800180,45.3878419
"Kepler-149 b","Kepler-149",1,4.21000000,,,571.03400000,285.8537014,38.3840916
"Kepler-1541 b","Kepler-1541",1,1.16000000,,,416.69200000,283.7870875,48.0296019
"Kepler-1542 b","Kepler-1542",1,0.76000000,,,399.11400000,285.7284757,42.6544651
"Kepler-1542 c","Kepler-1542",1,0.65000000,,,399.11400000,285.7284757,42.6544651
"Kepler-1543 b","Kepler-1543",1,2.71000000,,,921.78400000,297.1242915,47.0369876
"Kepler-1544 b","Kepler-1544",1,1.78000000,,,335.09000000,297.2852168,49.2124526
"Kepler-371 c","Kepler-371",1,1.78000000,,,813.19200000,292.3264835,38.6575441
"Kepler-167 b","Kepler-167",2,1.71800000,,,341.90800000,292.6585253,38.3455558
"Kepler-372 d","Kepler-372",1,1.69000000,,,1493.95000000,291.2562253,49.2589288
"Kepler-1545 b","Kepler-1545",1,2.70000000,,,729.96400000,298.8988313,47.4630696
"Kepler-1934 b","Kepler-1934",1,0.91307734,,,428.51400000,290.9193265,37.2871677
"Kepler-1701 b","Kepler-1701",1,2.22186207,,,584.14200000,286.6088625,41.8892986
"Kepler-1935 b","Kepler-1935",1,2.50271696,,,904.70200000,296.4037783,39.7227036
"Kepler-372 b","Kepler-372",1,1.36000000,,,1493.95000000,291.2562253,49.2589288
"Kepler-9 b","Kepler-9",1,8.29000000,0.13655099,,628.25700000,285.5739904,38.4008192
"Kepler-1936 b","Kepler-1936",1,3.16615594,,,871.09600000,290.7300141,44.8361280
"Kepler-1937 b","Kepler-1937",1,3.02291330,,,905.06900000,290.6583922,40.7785383
"Kepler-1546 b","Kepler-1546",1,3.13000000,,,931.95600000,297.5839183,41.5411993
"Kepler-1938 b","Kepler-1938",1,1.82828927,,,421.15200000,299.3518920,41.1957285
"Kepler-1547 b","Kepler-1547",1,0.90000000,,,674.69500000,283.7640396,42.2220992
"Kepler-1548 b","Kepler-1548",1,2.64000000,,,872.27900000,287.4711817,46.0805706
"Kepler-482 b","Kepler-482",1,2.36000000,,,313.06800000,296.8229326,48.1077628
"Kepler-1549 b","Kepler-1549",1,2.57000000,,,803.05200000,286.0524399,39.0960281
"Kepler-1154 c","Kepler-1154",1,2.36000000,,,1460.10000000,297.4771158,39.8772345
"Kepler-440 b","Kepler-440",1,1.86000000,,,301.03000000,285.3500664,41.4523695
"Kepler-1550 b","Kepler-1550",1,3.02000000,,,1179.01000000,287.7646113,38.2947076
"Kepler-1551 b","Kepler-1551",1,2.66000000,,,1463.72000000,295.7855238,39.9078956
"Kepler-1814 c","Kepler-1814",1,1.76000000,,,726.34600000,285.2166767,41.2824449
"Kepler-1939 b","Kepler-1939",1,1.16480773,,,189.83300000,285.6899312,40.9946659
"Kepler-234 b","Kepler-234",1,3.70000000,,,1733.10000000,291.6535379,38.4946597
"Kepler-1940 b","Kepler-1940",1,1.54732469,,,798.59500000,291.2042027,45.2383344
"Kepler-1552 b","Kepler-1552",1,2.47000000,,,769.09600000,291.6768669,38.8749152
"Kepler-1162 c","Kepler-1162",1,1.81000000,,,940.21100000,283.2920273,45.4339813
"Kepler-685 b","Kepler-685",1,10.58000000,,,938.71500000,293.8719143,38.4229184
"Kepler-154 f","Kepler-154",1,1.50000000,,,915.21200000,289.7805393,49.8965624
"Kepler-1165 b","Kepler-1165",1,1.55000000,,,1575.20000000,286.9712284,44.7082669
"Kepler-541 b","Kepler-541",1,3.36000000,,,1060.68000000,294.1496529,38.4582070
"Kepler-1553 b","Kepler-1553",1,1.15000000,,,692.59400000,291.9191348,39.0221769
"Kepler-1554 b","Kepler-1554",1,2.90000000,,,946.84700000,286.5760160,41.7415762
"Kepler-378 c","Kepler-378",1,0.70000000,,,152.09400000,294.9489697,46.4388673
"Kepler-1555 b","Kepler-1555",1,1.61000000,,,2013.27000000,287.6354587,45.7160327
"Kepler-1556 b","Kepler-1556",1,1.96000000,,,944.54000000,288.3969751,40.2131892
"Kepler-542 b","Kepler-542",1,1.57000000,,,436.01600000,292.2149697,38.5485469
"Kepler-379 b","Kepler-379",1,1.66000000,,,731.27400000,295.7010981,38.9458209
"Kepler-1557 b","Kepler-1557",1,1.53000000,,,1380.16000000,293.8813592,46.8388172
"Kepler-1178 b","Kepler-1178",1,1.07000000,,,482.28700000,288.4561183,45.8022258
"Kepler-1558 b","Kepler-1558",1,0.68000000,,,325.73700000,286.8194349,46.9117837
"Kepler-1941 b","Kepler-1941",1,2.64976949,,,1494.39000000,296.6270184,49.3538910
"Kepler-1942 b","Kepler-1942",1,2.11702870,,,842.49200000,294.9805416,44.4252384
"Kepler-1181 c","Kepler-1181",1,1.83000000,,,938.41700000,289.7473165,39.5234131
"Kepler-1943 b","Kepler-1943",1,1.54869189,,,1004.55000000,293.3182976,41.1166697
"Kepler-1982 b","Kepler-1982",1,0.77000000,,,558.85500000,287.4099905,39.6586267
"Kepler-198 b","Kepler-198",1,2.82000000,,,495.35800000,290.6731326,38.6910045
"Kepler-1559 b","Kepler-1559",1,0.72000000,,,614.82700000,292.2866565,42.0725948
"Kepler-1560 b","Kepler-1560",1,0.89000000,,,502.49700000,292.7846013,43.2160100
"Kepler-1944 b","Kepler-1944",1,2.75971163,,,1076.48000000,296.5105045,39.1732645
"Kepler-5 b","Kepler-5",1,15.98403400,2.11100000,,899.77700000,299.4070341,44.0350387
"Kepler-466 b","Kepler-466",1,2.85000000,,,530.12200000,295.6486585,48.4955191
"Kepler-1561 b","Kepler-1561",1,1.09000000,,,839.07600000,296.9235822,43.5664628
"Kepler-430 c","Kepler-430",1,1.75000000,,,917.47700000,292.8085984,49.5794242
"Kepler-1945 b","Kepler-1945",1,1.28900000,,,,281.8980828,42.2858185
"Kepler-1946 b","Kepler-1946",1,2.48812698,,,1002.12000000,282.3355387,42.8453417
"Kepler-576 b","Kepler-576",1,3.27000000,,,617.55000000,295.1828896,38.6542028
"Kepler-1947 b","Kepler-1947",1,1.01016660,,,468.77100000,296.1040313,42.3425818
"Kepler-1562 b","Kepler-1562",1,3.55000000,,,2060.72000000,294.4556567,46.7435353
"Kepler-1563 b","Kepler-1563",1,0.75000000,,,616.69700000,288.5735936,51.4727698
"Kepler-1564 b","Kepler-1564",1,1.47000000,,,908.80500000,290.5861316,46.6427486
"Kepler-1565 b","Kepler-1565",1,1.19000000,,,629.93000000,297.9529793,40.8067876
"Kepler-1727 b","Kepler-1727",1,3.17321625,,,894.18700000,290.3336142,38.7282722
"Kepler-1566 b","Kepler-1566",1,0.79000000,,,466.58600000,283.5875459,40.5749018
"Kepler-1567 b","Kepler-1567",1,2.73000000,,,1206.11000000,286.6951530,40.2918894
"Kepler-385 d","Kepler-385",1,2.61864480,,,1432.61000000,294.3385109,50.3365178
"Kepler-146 b","Kepler-146",1,3.71000000,,,716.79700000,294.1107631,38.7102222
"Kepler-1568 b","Kepler-1568",1,1.30000000,,,916.31300000,289.1826808,47.8733301
"Kepler-1569 b","Kepler-1569",1,1.68000000,,,945.45400000,292.2046748,37.2212065
"Kepler-186 f","Kepler-186",1,1.17000000,,,177.59400000,298.6527360,43.9549884
"Kepler-543 b","Kepler-543",1,2.50000000,,,221.80200000,287.2187273,38.8625366
"Kepler-1570 b","Kepler-1570",1,1.07000000,,,918.99500000,299.8617842,45.8274232
"Kepler-1571 b","Kepler-1571",1,1.52000000,,,675.30300000,300.9354067,45.5964836
"Kepler-1572 b","Kepler-1572",1,0.94000000,,,946.60200000,281.8973341,46.7227061
"Kepler-386 b","Kepler-386",1,1.39000000,,,882.46200000,289.8589165,48.6938077
"Kepler-1573 b","Kepler-1573",1,1.20000000,,,1455.36000000,292.9883129,49.4849664
"Kepler-1574 b","Kepler-1574",1,1.29000000,,,1384.16000000,292.1586689,49.6377914
"Kepler-157 c","Kepler-157",1,2.24000000,,,773.71300000,291.0972257,38.8756049
"Kepler-1575 b","Kepler-1575",1,1.31000000,,,1246.92000000,293.7432102,45.7615507
"Kepler-1245 c","Kepler-1245",1,1.44000000,,,805.93600000,290.7443078,43.2607530
"Kepler-1576 b","Kepler-1576",1,1.04000000,,,460.91000000,289.0739641,40.3660239
"Kepler-1719 b","Kepler-1719",1,3.95000623,,,905.40600000,284.7068546,38.9367566
"Kepler-1254 c","Kepler-1254",1,1.30000000,,,622.81800000,285.1733174,48.7700099
"Kepler-1948 b","Kepler-1948",1,1.03283226,,,193.90300000,287.3640804,47.7853043
"Kepler-1577 b","Kepler-1577",1,1.13000000,,,510.02900000,292.9552704,47.5730433
"Kepler-468 b","Kepler-468",1,13.34000000,,,442.87100000,288.9022829,49.3704079
"Kepler-30 d","Kepler-30",1,8.80000000,0.07300000,,914.22100000,285.2836483,38.9472625
"Kepler-1578 b","Kepler-1578",1,1.04000000,,,1064.05000000,288.3021104,47.7756227
"Kepler-1254 d","Kepler-1254",1,1.31000000,,,622.81800000,285.1733174,48.7700099
"Kepler-555 b","Kepler-555",1,2.83000000,,,973.12100000,285.5168720,38.9324587
"Kepler-1949 b","Kepler-1949",1,2.21964541,,,2617.35000000,293.5422586,43.0260555
"Kepler-1579 b","Kepler-1579",1,0.84000000,,,,293.2880220,43.5149061
"Kepler-1993 b","Kepler-1993",1,4.15000000,,,1031.91000000,293.7968548,45.1607261
"Kepler-390 c","Kepler-390",2,0.79000000,,,435.27700000,291.6288086,41.2088351
"Kepler-1580 b","Kepler-1580",1,2.11000000,,,1002.02000000,285.9687099,41.3635264
"Kepler-1581 b","Kepler-1581",1,0.80000000,,,493.17500000,287.3713199,39.6036225
"Kepler-436 b","Kepler-436",1,2.73000000,,,588.86700000,301.7207775,44.4120856
"Kepler-1582 b","Kepler-1582",1,1.49000000,,,78.89060000,289.3765441,41.1580845
"Kepler-1583 b","Kepler-1583",1,0.60000000,,,403.93300000,286.3869335,47.0165188
"Kepler-1584 b","Kepler-1584",1,1.61000000,,,1416.31000000,287.7626791,43.2743929
"Kepler-391 c","Kepler-391",1,2.88000000,1.41585834,"K2 III-IV",869.23600000,290.6218844,51.0573453
"Kepler-556 b","Kepler-556",1,2.24000000,,,674.59800000,290.5294799,38.9427306
"Kepler-1585 b","Kepler-1585",1,1.79000000,,,944.46500000,296.1589897,44.5630457
"Kepler-1586 b","Kepler-1586",1,1.52000000,,,552.55000000,298.2026236,44.9258585
"Kepler-1587 b","Kepler-1587",1,1.33000000,,,1026.48000000,292.6777294,49.6638666
"Kepler-196 d","Kepler-196",1,2.66065673,,,451.31200000,284.9685077,42.0791214
"Kepler-1950 b","Kepler-1950",1,1.52696349,,,697.25300000,287.0874563,42.6686537
"Kepler-1588 b","Kepler-1588",1,0.76000000,,,924.14100000,288.2327232,48.0021967
"Kepler-1859 c","Kepler-1859",1,1.66000000,,,1331.25000000,293.9886751,46.7179996
"Kepler-1951 b","Kepler-1951",1,2.32107188,,,1277.32000000,290.4999139,40.2877161
"Kepler-1589 b","Kepler-1589",1,1.09000000,,,1513.14000000,294.4418236,40.5716114
"Kepler-686 b","Kepler-686",1,12.15000000,,,1490.94000000,285.2138190,39.0274660
"Kepler-1590 b","Kepler-1590",1,1.14000000,,,771.15200000,291.4079141,48.0178915
"Kepler-1591 b","Kepler-1591",1,1.27000000,,,1419.58000000,296.5166659,44.6086233
"Kepler-392 c","Kepler-392",1,1.10000000,,,681.42800000,288.6608260,43.3681938
"Kepler-1952 b","Kepler-1952",1,1.23923346,,,852.06200000,288.0764082,43.9584839
"Kepler-10 b","Kepler-10",1,1.47000000,0.01019418,,185.50600000,285.6792980,50.2414842
"Kepler-1728 b","Kepler-1728",1,2.95501875,,,651.78300000,287.0940046,39.0607801
"Kepler-1592 b","Kepler-1592",1,1.54000000,,,1639.47000000,293.8506230,38.3977379
"Kepler-147 c","Kepler-147",1,2.43000000,,,1042.02000000,287.9757213,39.0871680
"Kepler-1593 b","Kepler-1593",1,3.17000000,,,638.24900000,300.4882018,44.4606698
"Kepler-544 b","Kepler-544",1,2.12000000,,,963.18000000,294.0290734,39.0517893
"Kepler-1594 b","Kepler-1594",1,1.06000000,,,976.86800000,293.6230451,47.9619127
"Kepler-1595 b","Kepler-1595",1,1.23000000,,,845.02200000,285.7227502,43.0094855
"Kepler-577 b","Kepler-577",1,2.55000000,,,524.24700000,294.7119855,39.0737317
"Kepler-1596 b","Kepler-1596",1,1.90000000,,,2146.23000000,285.5575066,49.3300866
"Kepler-403 d","Kepler-403",1,1.42000000,,,840.26900000,289.9214256,46.7445267
"Kepler-1953 b","Kepler-1953",1,1.28574667,,,605.63100000,287.9680995,46.4705959
"Kepler-1597 b","Kepler-1597",1,1.06000000,,,1221.05000000,288.1639687,42.4810124
"Kepler-1598 b","Kepler-1598",1,0.95000000,,,619.86200000,288.4691070,46.7836464
"Kepler-1599 b","Kepler-1599",1,1.62000000,,,1328.20000000,286.2208685,41.1511886
"Kepler-1600 c","Kepler-1600",1,1.94206512,,,1030.81000000,291.3993802,38.7877563
"Kepler-1702 b","Kepler-1702",1,1.60190793,,,857.14000000,284.9724842,44.5674794
"Kepler-687 b","Kepler-687",1,3.52000000,,,633.66000000,289.3154576,39.1532911
"Kepler-235 b","Kepler-235",1,2.23000000,,,428.01800000,286.0790779,39.2782370
"Kepler-446 c","Kepler-446",1,1.11000000,,"M4",96.33900000,282.2501047,44.9210020
"Kepler-1601 b","Kepler-1601",1,0.82000000,,,644.45600000,285.5129496,38.0798390
"Kepler-1954 b","Kepler-1954",1,1.80235934,,,1373.83000000,298.0029203,43.3545882
"Kepler-1955 b","Kepler-1955",1,1.16654878,,,449.35100000,299.5347603,40.4777528
"Kepler-1602 b","Kepler-1602",1,1.34000000,,,629.80400000,293.5808607,40.4275396
"Kepler-597 b","Kepler-597",1,2.37000000,,,663.41800000,293.4700919,39.2528182
"Kepler-1603 b","Kepler-1603",1,1.29000000,,,2712.58000000,295.3298254,42.5349698
"Kepler-1604 b","Kepler-1604",1,1.41000000,,,541.18900000,285.4106549,44.4122318
"Kepler-1956 b","Kepler-1956",1,1.08940238,,,360.46800000,294.6208506,49.8942190
"Kepler-1605 b","Kepler-1605",1,1.08000000,,,546.23000000,287.1349405,47.4886251
"Kepler-1957 b","Kepler-1957",1,0.94374867,,,460.89900000,293.7114360,47.8874467
"Kepler-183 c","Kepler-183",1,2.27000000,,,1050.64000000,293.5308112,39.3159329
"Kepler-1606 b","Kepler-1606",1,2.07000000,,,831.28700000,286.3782987,43.0732287
"Kepler-688 b","Kepler-688",1,9.76000000,,,1357.75000000,294.6552312,39.3083446
"Kepler-1607 b","Kepler-1607",1,0.92000000,,,1286.10000000,296.0598685,42.6560582
"Kepler-1608 b","Kepler-1608",1,1.73000000,,,,295.5635550,39.4175700
"Kepler-444 b","Kepler-444",3,0.40300000,,"K",36.43960000,289.7528323,41.6318840
"Kepler-1958 b","Kepler-1958",1,2.05124311,,,1320.38000000,289.1041643,41.6901138
"Kepler-1959 b","Kepler-1959",1,1.14315727,,,479.26300000,296.0223010,44.7326691
"Kepler-1960 b","Kepler-1960",1,1.30749704,,,1527.56000000,294.6969361,46.7202043
"Kepler-444 c","Kepler-444",3,0.49700000,,"K",36.43960000,289.7528323,41.6318840
"Kepler-1609 b","Kepler-1609",1,2.22000000,,,1826.04000000,290.1465356,39.6658026
"Kepler-578 b","Kepler-578",1,2.00000000,,,541.43200000,288.7549882,39.5636960
"Kepler-444 d","Kepler-444",3,0.53000000,,"K",36.43960000,289.7528323,41.6318840
"Kepler-1610 b","Kepler-1610",1,1.61000000,,,864.33100000,295.9049795,45.4054296
"Kepler-1610 c","Kepler-1610",1,2.09000000,,,864.33100000,295.9049795,45.4054296
"Kepler-689 b","Kepler-689",1,2.89000000,,,1131.73000000,294.7106347,39.5216975
"Kepler-444 e","Kepler-444",3,0.54600000,,"K",36.43960000,289.7528323,41.6318840
"Kepler-1961 b","Kepler-1961",1,1.61878080,,,1042.45000000,286.3300783,39.6831276
"Kepler-1611 b","Kepler-1611",1,0.81000000,,,908.44400000,296.5120204,49.7277506
"KOI-94 c","KOI-94",2,4.32000000,0.04900000,,477.05200000,297.3330716,41.8911186
"Kepler-624 b","Kepler-624",1,2.31000000,,,748.18800000,295.1933631,39.5396946
"Kepler-1612 b","Kepler-1612",1,1.03000000,,,764.72600000,291.2503022,45.6550536
"Kepler-444 f","Kepler-444",3,0.74100000,,"K",36.43960000,289.7528323,41.6318840
"Kepler-1962 b","Kepler-1962",1,1.21463929,,,866.82600000,289.5483989,40.1641457
"Kepler-625 b","Kepler-625",1,1.99000000,,,760.70800000,292.1504723,39.6375254
"Kepler-158 b","Kepler-158",1,2.12000000,,,315.17700000,284.0323723,39.7815365
"Kepler-626 b","Kepler-626",1,2.29000000,,,635.64300000,288.6986828,39.7082044
"Kepler-1653 b","Kepler-1653",1,2.17000000,,,,296.4577020,41.2660210
"Kepler-627 b","Kepler-627",1,3.73000000,,,984.30700000,292.1042198,39.7678585
"Kepler-1613 b","Kepler-1613",1,2.08000000,,,1508.33000000,289.8750066,43.4209318
"Kepler-1614 b","Kepler-1614",1,1.49000000,,,1191.19000000,284.8713893,49.7758867
"Kepler-1615 b","Kepler-1615",1,2.06000000,,,1393.83000000,286.3592066,42.2273971
"Kepler-690 b","Kepler-690",1,5.95000000,,,1665.31000000,294.4899225,39.7714758
"Kepler-236 c","Kepler-236",1,2.00000000,,,288.76300000,283.8664285,39.8981928
"Kepler-1616 b","Kepler-1616",1,1.02000000,,,1137.81000000,286.5436691,45.3048716
"Kepler-79 c","Kepler-79",1,3.76000000,0.01447322,,1020.72000000,300.5171067,44.3815508
"Kepler-168 c","Kepler-168",1,2.69000000,,,1343.60000000,294.7101832,39.8250437
"Kepler-1656 b","Kepler-1656",1,,0.15000000,,185.87500000,284.4722473,39.9118890
"Kepler-1963 b","Kepler-1963",1,0.74437023,,,492.84700000,296.5875182,47.2071290
"Kepler-1617 b","Kepler-1617",1,1.20000000,,,898.31000000,287.9371747,46.4184781
"Kepler-629 b","Kepler-629",1,1.38000000,,,372.05000000,289.4179128,39.9450757
"Kepler-441 b","Kepler-441",1,1.64000000,,,268.00300000,284.5669540,49.0127077
"Kepler-1911 b","Kepler-1911",1,1.01100000,,,269.91200000,299.3035590,41.4410233
"Kepler-1964 b","Kepler-1964",1,1.78105870,,,,297.0588033,49.4784362
"Kepler-621 b","Kepler-621",1,2.30000000,,,,290.9272450,39.9141166
"Kepler-1618 b","Kepler-1618",1,1.26000000,,,1229.25000000,295.1753619,45.9308594
"Kepler-1972 b","Kepler-1972",1,0.80200000,0.00635563,,287.33900000,288.3953074,39.8725067
"Kepler-630 b","Kepler-630",1,3.18000000,,,839.78400000,293.4270647,39.9423967
"Kepler-579 b","Kepler-579",1,2.00000000,,,530.76500000,295.0020771,39.9528613
"Kepler-1965 b","Kepler-1965",1,1.35415138,,,521.79100000,292.5147146,38.0219872
"Kepler-1966 b","Kepler-1966",1,1.10479327,,,484.60100000,292.4637788,41.2990438
"Kepler-80 b","Kepler-80",1,2.67000000,0.02180411,"K5",369.45100000,296.1125759,39.9787451
"Kepler-691 b","Kepler-691",1,2.09000000,,,279.11500000,288.8117314,40.0332311
"Kepler-117 b","Kepler-117",1,8.05900000,0.09400000,"F8 V",1455.57000000,288.7930651,48.0401760
"Kepler-1619 b","Kepler-1619",1,0.76000000,,,734.85000000,285.7035950,44.4221528
"Kepler-1620 b","Kepler-1620",1,1.61000000,,,895.06900000,297.2709026,46.9284743
"Kepler-1967 b","Kepler-1967",1,0.73022577,,,249.10200000,299.1376276,43.4984724
"Kepler-1968 b","Kepler-1968",1,1.50004034,,,750.93000000,291.5080318,45.3700933
"Kepler-442 b","Kepler-442",1,1.34000000,,,365.96500000,285.3666029,39.2800704
"Kepler-1725 b","Kepler-1725",1,2.81251770,,,558.65200000,294.3735518,40.1946345
"Kepler-443 b","Kepler-443",1,2.33000000,,,802.27100000,288.6104839,49.9685458
"Kepler-1621 b","Kepler-1621",1,2.16000000,,,1631.66000000,297.5885341,43.8411937
"Kepler-1969 b","Kepler-1969",1,1.68161001,,,1204.54000000,294.7842662,49.4920557
"Kepler-692 b","Kepler-692",1,3.11000000,,,991.33600000,294.7768068,40.1537027
"Kepler-1622 b","Kepler-1622",1,1.47000000,,,796.47700000,297.3288329,47.8154590
"Kepler-1705 b","Kepler-1705",1,2.03000000,0.01406419,,1633.49000000,301.5785316,44.3121639
"KOI-4777.01","KOI-4777",1,0.51000000,0.31211810,,172.24500000,287.2621474,42.0322257
"Kepler-10 c","Kepler-10",1,2.35500000,0.03552231,,185.50600000,285.6792980,50.2414842
"Kepler-1623 b","Kepler-1623",1,1.31000000,,,837.48100000,294.0826970,39.5560655
"Kepler-199 b","Kepler-199",1,3.11000000,,,521.05400000,295.5594278,40.2362490
"Kepler-631 b","Kepler-631",1,2.90000000,,,761.96600000,296.8857240,40.2281717
"Kepler-632 b","Kepler-632",1,2.21000000,,,,297.2526130,40.2886050
"Kepler-1988 b","Kepler-1988",1,1.53000000,,,513.42600000,298.6738034,43.7955099
"Kepler-693 b","Kepler-693",2,10.18000000,,,1151.51000000,283.2535270,40.3582155
"KOI-94 e","KOI-94",2,6.56000000,0.11000000,,477.05200000,297.3330716,41.8911186
"Kepler-237 c","Kepler-237",1,2.08000000,,,657.82200000,283.2213438,40.4217620
"Kepler-1442 b","Kepler-1442",1,3.93000000,,,608.68000000,291.2556226,48.8469171
"Kepler-694 b","Kepler-694",1,2.80000000,,,1023.06000000,291.1495269,40.4204569
"Kepler-1912 b","Kepler-1912",1,1.35670508,,,297.01700000,282.1178211,46.2239547
"Kepler-450 d","Kepler-450",1,0.83700000,,,455.98200000,295.4865821,51.0135237
"Kepler-1443 b","Kepler-1443",1,0.97000000,,,593.64600000,283.4357392,47.0667983
"Kepler-1444 b","Kepler-1444",1,2.18000000,,,319.67500000,285.3306799,42.0405016
"Kepler-1445 b","Kepler-1445",1,0.96000000,,,506.35700000,280.2495197,43.9150665
"Kepler-1446 b","Kepler-1446",1,0.82000000,,,152.07500000,289.4240357,46.7260823
"Kepler-437 b","Kepler-437",1,2.14000000,,,,297.3473326,44.0269249
"Kepler-271 d","Kepler-271",1,0.66000000,,,404.54200000,283.0029316,44.2841080
"Kepler-1447 b","Kepler-1447",1,2.90000000,,,890.29600000,289.6434285,50.7270160
"Kepler-1448 b","Kepler-1448",1,1.61000000,,,768.90300000,287.8674123,50.5955846
"Kepler-1449 b","Kepler-1449",1,1.68000000,,,2006.48000000,288.2317293,50.5678345
"Kepler-580 b","Kepler-580",1,2.57000000,,,323.89900000,283.4997537,40.5528053
"Kepler-1450 b","Kepler-1450",1,1.71000000,,,505.82900000,294.5536825,45.0813011
"Kepler-1913 b","Kepler-1913",1,1.51852059,,,876.30000000,290.2166890,44.7795863
"Kepler-1986 b","Kepler-1986",1,1.89000000,,,912.08500000,292.9582727,42.8548909
"Kepler-79 b","Kepler-79",1,3.51000000,0.02391227,,1020.72000000,300.5171067,44.3815508
"Kepler-150 c","Kepler-150",1,3.69000000,,,891.09200000,288.2341025,40.5208970
"Kepler-1451 b","Kepler-1451",1,3.35000000,,,1058.72000000,293.4464227,40.4098813
"Kepler-1452 b","Kepler-1452",1,2.70000000,,,996.32000000,292.4227920,38.2662824
"Kepler-1914 b","Kepler-1914",1,2.94298030,,,1621.56000000,291.4314024,38.6543635
"Kepler-1453 b","Kepler-1453",1,2.67000000,,,1196.04000000,286.1255037,47.9475586
"Kepler-1455 b","Kepler-1455",1,2.16000000,,,357.62100000,294.0830662,50.5027572
"Kepler-438 b","Kepler-438",1,1.12000000,,,,281.6457236,41.9510686
"Kepler-1456 b","Kepler-1456",1,1.14000000,,,370.31200000,286.9453381,43.8228023
"Kepler-1457 b","Kepler-1457",1,1.99000000,,,889.88500000,283.7705481,42.0272030
"Kepler-1458 b","Kepler-1458",1,2.76000000,,,544.45000000,283.2115971,41.0380135
"Kepler-53 b","Kepler-53",1,2.89000000,0.34924506,,1366.07000000,290.4617926,40.5624966
"Kepler-1459 b","Kepler-1459",1,1.36000000,,,455.47900000,282.4229401,46.0139761
"Kepler-1460 b","Kepler-1460",1,1.96000000,,,553.21800000,285.5577888,44.0108221
"Kepler-274 b","Kepler-274",1,1.54000000,,,1333.62000000,292.9227926,38.4772173
"Kepler-428 b","Kepler-428",1,12.11000000,1.27000000,"K1 V",686.28400000,290.5817432,40.5773106
"Kepler-1461 b","Kepler-1461",1,2.03000000,,,679.10600000,285.8305091,43.1983770
"Kepler-1462 b","Kepler-1462",1,3.82000000,,,1017.82000000,296.3975420,42.3969273
"Kepler-1463 b","Kepler-1463",1,1.86000000,,,1687.47000000,294.4872785,42.0069064
"Kepler-1464 b","Kepler-1464",1,1.66000000,,,1151.73000000,287.2356828,38.7540824
"Kepler-274 c","Kepler-274",1,1.84000000,,,1333.62000000,292.9227926,38.4772173
"Kepler-1464 c","Kepler-1464",1,1.00000000,,,1151.73000000,287.2356828,38.7540824
"Kepler-1465 b","Kepler-1465",1,1.77000000,,,359.49700000,289.8194222,51.9048541
"Kepler-1466 b","Kepler-1466",1,1.55000000,,,631.94900000,289.8312418,44.6098415
"Kepler-1467 b","Kepler-1467",1,3.30000000,,,852.88800000,295.0485389,45.3426781
"Kepler-1915 b","Kepler-1915",1,3.21798413,,,1514.66000000,301.2786852,44.2505116
"Kepler-1468 d","Kepler-1468",1,3.33187146,,,1899.24000000,293.5198289,41.2773671
"Kepler-1468 b","Kepler-1468",1,1.73000000,,,1899.24000000,293.5198289,41.2773671
"Kepler-1468 c","Kepler-1468",1,1.15000000,,,1899.24000000,293.5198289,41.2773671
"Kepler-1469 b","Kepler-1469",1,2.80000000,,,1159.30000000,293.8213286,39.3913385
"Kepler-633 b","Kepler-633",1,1.63000000,,,680.54000000,295.2173259,40.5921599
"Kepler-296 f","Kepler-296",2,1.80000000,,,,286.5400278,49.4372614
"Kepler-1470 b","Kepler-1470",1,1.07000000,,,590.60100000,288.6949475,39.8830802
"Kepler-1916 b","Kepler-1916",1,2.61757235,,,2055.82000000,293.0705754,48.3876790
"Kepler-132 e","Kepler-132",2,1.18000000,,,349.54900000,283.2358100,41.3430370
"Kepler-880 c","Kepler-880",1,2.87000000,,,601.32400000,281.9712347,43.6727839
"Kepler-1471 c","Kepler-1471",1,1.88000000,,,978.67800000,289.6649171,50.0200612
"Kepler-1471 b","Kepler-1471",1,1.41000000,,,978.67800000,289.6649171,50.0200612
"Kepler-1472 b","Kepler-1472",1,1.90000000,,,1479.14000000,294.8526163,49.0574468
"Kepler-1473 b","Kepler-1473",1,1.19000000,,,652.25300000,290.6365144,48.9961494
"Kepler-1917 b","Kepler-1917",1,1.88971288,,,909.03700000,294.1038932,45.0013533
"Kepler-1474 b","Kepler-1474",1,2.16000000,,,1180.90000000,294.6940261,45.8668090
"Kepler-238 e","Kepler-238",1,5.60000000,0.53400000,,1798.75000000,287.8971066,40.6378141
"Kepler-1475 b","Kepler-1475",1,2.92000000,,,1568.38000000,295.9482766,44.7530960
"Kepler-1476 b","Kepler-1476",1,1.67000000,,,1002.74000000,284.5320743,43.9898971
"Kepler-1477 b","Kepler-1477",1,1.18000000,,,680.82800000,281.2985305,42.6856727
"Kepler-1478 b","Kepler-1478",1,1.73000000,,,1845.58000000,293.1650085,41.7461840
"Kepler-1696 b","Kepler-1696",1,2.80982017,,,1506.36000000,295.5761011,42.0233639
"Kepler-1479 b","Kepler-1479",1,1.83000000,,,728.66800000,285.7119953,49.7067574
"Kepler-1480 b","Kepler-1480",2,1.67000000,,,500.89200000,291.9998055,49.3018321
"Kepler-1481 b","Kepler-1481",1,1.23000000,,,459.07600000,289.4390075,49.7312226
"Kepler-1997 b","Kepler-1997",1,2.28000000,,,1502.34000000,297.4808253,46.5891373
"Kepler-1483 b","Kepler-1483",1,1.52000000,,,1273.78000000,295.4097409,42.1507935
"Kepler-1918 b","Kepler-1918",1,2.29763023,,,1030.11000000,292.5305460,42.2145765
"Kepler-545 b","Kepler-545",1,2.69000000,,,818.00100000,290.5663221,40.6920756
"Kepler-1484 b","Kepler-1484",1,2.11000000,,,2879.83000000,292.6842738,38.1262604
"Kepler-1919 b","Kepler-1919",1,2.62390658,,,1177.53000000,283.1319153,43.9560050
"Kepler-312 b","Kepler-312",1,1.29000000,,,797.72000000,298.3957687,42.4597712
"Kepler-1485 b","Kepler-1485",1,1.47000000,,,615.66000000,298.0954404,44.7370612
"Kepler-1486 b","Kepler-1486",1,2.32000000,,,1769.14000000,290.5903907,45.4396955
"Kepler-920 c","Kepler-920",1,3.80000000,,,1001.68000000,284.2969363,49.1585983
"Kepler-239 b","Kepler-239",1,2.33000000,,,648.10900000,294.2020505,40.6633313
"Kepler-1487 b","Kepler-1487",1,2.13000000,,,1014.62000000,295.4980737,38.6444499
"Kepler-1487 c","Kepler-1487",1,7.97000000,,,1014.62000000,295.4980737,38.6444499
"Kepler-1984 b","Kepler-1984",1,6.81000000,,,,291.2850446,40.7300225
"Kepler-581 b","Kepler-581",1,2.63000000,,,703.75800000,295.4326552,40.6481874
"Kepler-1488 b","Kepler-1488",1,1.86000000,,,905.82500000,286.6464265,49.9377735
"Kepler-1488 c","Kepler-1488",1,1.65156749,,,905.82500000,286.6464265,49.9377735
"Kepler-1489 b","Kepler-1489",1,1.77000000,,,1283.05000000,281.2957984,44.4654063
"Kepler-1490 b","Kepler-1490",1,3.04000000,,,862.92000000,295.6935734,42.6094543
"Kepler-1491 b","Kepler-1491",1,1.51000000,,,2065.59000000,293.6297645,45.7406293
"Kepler-1492 b","Kepler-1492",1,1.49000000,,,331.55300000,288.5970695,41.0363254
"Kepler-1493 b","Kepler-1493",1,1.41000000,,,555.05100000,288.5493683,38.5651973
"Kepler-1494 b","Kepler-1494",1,3.07000000,,,1285.48000000,282.6573891,43.1625334
"Kepler-1495 b","Kepler-1495",1,2.94000000,,,1355.54000000,286.1306907,38.7795494
"Kepler-315 c","Kepler-315",1,4.15000000,,,1160.63000000,298.0230967,43.3634761
"Kepler-1920 b","Kepler-1920",1,2.95415848,,,885.91300000,291.0620355,38.8632881
"Kepler-1921 b","Kepler-1921",1,2.89459458,,,928.98900000,300.3161723,45.4953271
"Kepler-1921 c","Kepler-1921",1,1.41000000,,,928.98900000,300.3161723,45.4953271
"Kepler-1496 b","Kepler-1496",1,2.22000000,,,1307.66000000,293.9739359,45.3507167
"Kepler-240 c","Kepler-240",1,2.20000000,,,746.92700000,291.1587635,40.7502108
"Kepler-1497 b","Kepler-1497",1,1.66000000,,,,296.1961550,45.6343124
"Kepler-937 c","Kepler-937",1,2.67000000,,,1571.46000000,294.1688142,46.7146161
"Kepler-1498 b","Kepler-1498",1,1.33000000,,,,284.7780883,44.9167513
"Kepler-634 b","Kepler-634",1,1.89000000,,,888.02700000,291.1950900,40.7027352
"Kepler-1499 b","Kepler-1499",1,1.19000000,,,309.86900000,283.9863480,41.6505091
"Kepler-1500 b","Kepler-1500",1,1.20000000,,,1217.82000000,288.8834740,39.7446547
"Kepler-1501 b","Kepler-1501",1,1.56000000,,,749.06000000,289.9185890,42.0014280
"Kepler-1502 b","Kepler-1502",1,3.18000000,,,1514.02000000,296.1079271,39.3199201
"Kepler-1980 b","Kepler-1980",1,2.21000000,,,1709.40000000,295.1672065,38.6370390
"Kepler-1503 b","Kepler-1503",1,2.27000000,,,1225.57000000,293.7271604,42.8067119
"Kepler-1710 b","Kepler-1710",1,3.19744103,,,305.19300000,291.6832878,37.7514726
"Kepler-1504 b","Kepler-1504",1,2.13000000,,,2435.94000000,289.7119947,50.1282265
"Kepler-1505 b","Kepler-1505",1,0.93000000,,,495.14800000,292.0020614,41.7869639
"Kepler-1506 b","Kepler-1506",1,1.32000000,,,2366.02000000,290.1498822,41.4645625
"Kepler-1922 b","Kepler-1922",1,2.29064904,,,1344.29000000,292.3303706,37.9970696
"Kepler-1507 b","Kepler-1507",1,0.84000000,,,320.47800000,288.5616269,46.5361247
"Kepler-1508 b","Kepler-1508",1,1.33000000,,,1260.28000000,298.1188802,40.3750316
"Kepler-411 d","Kepler-411",2,3.31900000,0.04782431,"K2 V",153.67600000,287.6057027,49.5233937
"Kepler-1509 b","Kepler-1509",1,1.85000000,,,2002.96000000,283.7977792,46.9310139
"Kepler-1923 b","Kepler-1923",1,1.95958179,,,990.83800000,298.0834457,40.3462551
"Kepler-635 b","Kepler-635",1,2.64000000,,,1141.08000000,289.7732613,40.8007019
"Kepler-1924 b","Kepler-1924",1,2.65446572,,,1910.77000000,293.7673860,42.8291562
"Kepler-1510 b","Kepler-1510",1,3.36000000,,,1696.25000000,298.9591432,48.2578295
"Kepler-159 b","Kepler-159",1,2.38000000,,,373.74400000,297.0702037,40.8687340
"Kepler-1925 b","Kepler-1925",1,3.00177922,,,1771.31000000,289.8287452,45.1026883
"Kepler-1511 b","Kepler-1511",1,1.68000000,,,1475.60000000,288.4211892,43.1797730
"Kepler-1512 b","Kepler-1512",1,1.18000000,,,,289.2744976,44.4704056
"Kepler-953 c","Kepler-953",1,1.19000000,,,258.89300000,288.9716297,44.6246451
"Kepler-1927 b","Kepler-1927",1,3.40627075,,,1091.00000000,296.3546093,41.3355698
"KOI-3503 b","KOI-3503",1,1.19000000,0.02894644,,887.06400000,293.1507654,41.7291532
"Kepler-695 b","Kepler-695",1,9.21000000,,,842.94700000,299.3160934,40.8223815
"Kepler-320 c","Kepler-320",1,1.37000000,,,826.61300000,293.2135155,46.1751457
"Kepler-546 b","Kepler-546",1,7.00000000,,,1019.65000000,283.2575730,40.9904095
"Kepler-320 b","Kepler-320",1,1.14000000,,,826.61300000,293.2135155,46.1751457
"Kepler-19 b","Kepler-19",1,2.20900000,0.01919275,,218.56200000,290.4209694,37.8516556
"Kepler-622 b","Kepler-622",1,2.13000000,,,284.76100000,284.4784454,40.9331723
"Kepler-169 e","Kepler-169",1,2.20000000,,,406.52900000,285.9999204,40.9193822
"Kepler-967 c","Kepler-967",1,3.65000000,,,568.54600000,286.5580128,38.4052418
"Kepler-598 b","Kepler-598",1,1.50000000,,,681.08600000,293.1234493,40.9348005
"KOI-1833 d","Kepler-968",1,2.58000000,0.03467280,,290.32400000,285.6025889,50.1120401
"Kepler-968 c","Kepler-968",1,1.69000000,,,290.32400000,285.6025889,50.1120401
"Kepler-599 b","Kepler-599",1,2.84000000,,,558.51700000,285.9115968,41.0695091
"Kepler-969 c","Kepler-969",1,0.99000000,,,390.35400000,288.3724989,47.9335642
"Kepler-328 b","Kepler-328",1,2.30000000,0.09000000,,2213.19000000,295.8092756,40.0084866
"Kepler-1665 b","Kepler-1665",1,2.83910787,,,335.51500000,290.3962400,41.0399229
"Kepler-990 c","Kepler-990",1,1.53000000,,,802.16300000,297.9381813,46.8813194
"Kepler-151 b","Kepler-151",1,3.06000000,,,649.91900000,292.1627933,41.0231947
"Kepler-27 b","Kepler-27",1,4.00000000,9.11000000,,1044.36000000,292.2367608,41.0858710
"Kepler-332 c","Kepler-332",1,1.09000000,,,344.19000000,286.6627811,47.4136938
"Kepler-489 b","Kepler-489",1,7.72000000,,,369.64500000,290.8332412,38.1841851
"Kepler-241 b","Kepler-241",1,2.33000000,,,,292.9131121,41.0609786
"Kepler-143 b","Kepler-143",1,2.41000000,,,809.46700000,298.0676519,49.4125410
"Kepler-332 d","Kepler-332",1,1.18000000,,,344.19000000,286.6627811,47.4136938
"Kepler-335 c","Kepler-335",1,3.07000000,,,1278.97000000,296.0642944,45.4285986
"Kepler-636 b","Kepler-636",2,4.45000000,,,310.30100000,293.5920614,41.0950891
"Kepler-1016 c","Kepler-1016",1,3.68000000,,,1402.82000000,294.6136890,45.9846265
"Kepler-582 b","Kepler-582",1,3.68000000,,,613.17900000,297.5037180,41.0570326
"Kepler-340 b","Kepler-340",1,2.53000000,,,808.76200000,295.9334710,40.3005515
"PH2 b","PH2",1,9.33708092,0.27400000,,343.86300000,289.7636212,51.9626830
"Kepler-342 e","Kepler-342",1,0.88000000,,,781.61100000,292.6780488,46.7266813
"Kepler-696 b","Kepler-696",1,6.14000000,,,1416.44000000,293.4965906,41.1375635
"Kepler-342 c","Kepler-342",1,1.96000000,,,781.61100000,292.6780488,46.7266813
"Kepler-1513 b","Kepler-1513",1,8.59400000,0.15200000,"G V",349.24700000,289.7917561,39.2852655
"KOI-3680 b","KOI-3680",1,11.09691000,1.93000000,,921.98600000,293.2815266,45.3096572
"Kepler-1514 b","Kepler-1514",1,12.41957200,5.28000000,,397.29200000,292.6274943,37.8601653
"Kepler-1514 c","Kepler-1514",1,1.17582410,,,397.29200000,292.6274943,37.8601653
"Kepler-1515 b","Kepler-1515",1,9.55000000,,,539.32100000,290.9739057,48.1782059
"Kepler-200 b","Kepler-200",1,2.13000000,,,665.91200000,284.4099503,41.2374928
"Kepler-1516 b","Kepler-1516",1,1.75000000,,,1358.95000000,291.4945795,44.5234227
"Kepler-343 c","Kepler-343",1,2.02000000,,,927.19300000,291.9606620,42.4329567
"Kepler-201 b","Kepler-201",1,2.46000000,,,636.44500000,293.6260590,41.2728004
"Kepler-1031 b","Kepler-1031",1,0.87000000,,,682.88200000,296.0898796,48.9554121
"Kepler-1038 c","Kepler-1038",1,1.41623380,,,584.13600000,298.9721472,44.1323499
"Kepler-454 b","Kepler-454",2,2.37000000,0.01699030,,230.86900000,287.4786474,38.2290751
"Kepler-1722 b","Kepler-1722",1,2.86719266,,,772.28300000,296.6627402,41.2611985
"Kepler-347 c","Kepler-347",1,1.75000000,,,1298.88000000,289.1995995,49.3056404
"Kepler-202 b","Kepler-202",1,1.63000000,,,285.11100000,282.9734874,41.3217991
"Kepler-1047 c","Kepler-1047",1,0.99000000,,,817.64700000,288.6462564,50.7889645
"Kepler-697 b","Kepler-697",1,4.13000000,,,1277.33000000,283.8643937,41.3463859
"Kepler-1517 b","Kepler-1517",1,9.76000000,,,847.29900000,287.8072115,43.1888008
"Kepler-698 b","Kepler-698",1,3.68000000,,,1995.57000000,288.5099994,41.3017465
"Kepler-348 c","Kepler-348",1,1.33000000,,,570.78300000,297.2550814,40.5483883
"Kepler-203 b","Kepler-203",1,2.57000000,,,703.30200000,297.0899590,41.3880686
"Kepler-351 d","Kepler-351",1,2.72000000,,,1083.91000000,286.4527949,42.6577891
"Kepler-1519 b","Kepler-1519",1,7.06000000,,,1441.63000000,296.6679448,49.4617774
"Kepler-637 b","Kepler-637",1,4.75000000,,,786.09100000,292.4172566,41.4168384
"Kepler-352 d","Kepler-352",1,0.80628032,,,252.73300000,299.8966237,46.0519022
"Kepler-700 b","Kepler-700",1,5.99000000,,,1491.76000000,287.1542240,41.5657775
"KIC 5437945 b","KIC 5437945",1,6.40000000,,,1274.01000000,288.4749028,40.6512848
"Kepler-1520 b","Kepler-1520",1,5.77000000,,,607.91700000,290.9662102,51.5047656
"Kepler-1065 c","Kepler-1065",1,1.60000000,,,1122.48000000,294.5113190,38.7904648
"Kepler-170 b","Kepler-170",1,3.20000000,,,738.65700000,284.5211975,41.6296562
"Kepler-1067 b","Kepler-1067",1,0.80000000,,,667.69300000,285.3873706,45.0490265
"Kepler-638 b","Kepler-638",1,1.83000000,,,991.21400000,284.9194213,41.6172093
"Kepler-154 b","Kepler-154",1,2.26000000,,,915.21200000,289.7805393,49.8965624
"Kepler-1073 c","Kepler-1073",1,1.64000000,,,809.89700000,294.1527259,38.2330886
"Kepler-701 b","Kepler-701",1,2.84000000,,,774.15200000,288.9941800,41.6333125
"Kepler-1521 b","Kepler-1521",1,2.50000000,,,206.98300000,292.6903779,37.8350549
"Kepler-1073 d","Kepler-1073",1,1.48770949,,,809.89700000,294.1527259,38.2330886
"Kepler-557 b","Kepler-557",1,2.67000000,,,2097.12000000,293.7084179,41.6151084
"Kepler-1522 b","Kepler-1522",1,1.73000000,,,814.12500000,289.8432347,52.0702094
"Kepler-702 b","Kepler-702",1,9.17000000,,,992.07100000,293.8781041,41.6617245
"Kepler-1698 b","Kepler-1698",1,1.07315686,,,222.34500000,293.3450181,39.2577469
"Kepler-2001 b","Kepler-2001",1,1.04000000,,,776.55000000,291.6594558,50.5838585
"Kepler-1523 b","Kepler-1523",1,1.58000000,,,865.59600000,296.0540705,45.8270447
"Kepler-204 b","Kepler-204",1,2.53000000,,,686.72300000,285.3471620,41.7618450
"Kepler-1085 b","Kepler-1085",1,7.22000000,,,1364.53000000,287.4776359,46.1411685
"Kepler-1928 b","Kepler-1928",1,1.99200000,,,326.36200000,290.4406294,38.5235721
"Kepler-1524 b","Kepler-1524",1,3.54000000,,,381.77300000,293.8853557,39.5198348
"Kepler-639 b","Kepler-639",1,2.38000000,,,850.24200000,292.1868271,41.7269440
"Kepler-1086 c","Kepler-1086",2,2.94000000,,,466.08400000,295.2511870,45.8429537
"Kepler-171 b","Kepler-171",1,2.34000000,,,863.85500000,296.7719082,41.7555958
"Kepler-1525 b","Kepler-1525",1,0.91000000,,,382.98900000,290.5594479,49.9428629
"Kepler-1526 b","Kepler-1526",1,2.43000000,,,555.57400000,285.1197266,38.8664618
"Kepler-359 d","Kepler-359",1,4.01000000,,,1443.21000000,293.2936129,42.1963497
"Kepler-703 b","Kepler-703",1,8.20000000,,,1156.83000000,299.1868586,41.7426990
"Kepler-1527 b","Kepler-1527",1,4.77000000,,,1842.13000000,297.4144457,46.0608077
"Kepler-704 b","Kepler-704",1,2.61000000,,,1228.83000000,283.3163671,41.8370942
"Kepler-1929 b","Kepler-1929",1,3.07250761,,,508.20100000,299.5833362,47.4481244
"Kepler-1528 b","Kepler-1528",1,1.46000000,,,817.53400000,287.4029864,46.5740084
"Kepler-1529 b","Kepler-1529",1,2.10000000,,,661.01400000,289.8707469,41.0407482
"Kepler-172 b","Kepler-172",1,2.35000000,,,828.59200000,283.3684093,41.8218390
"Kepler-154 e","Kepler-154",1,1.50000000,,,915.21200000,289.7805393,49.8965624
"Kepler-1090 b","Kepler-1090",1,2.25000000,,,858.77000000,295.6629002,44.5258237
"Kepler-1530 d","Kepler-1530",1,3.27870115,,,489.87600000,288.1624396,48.1651530
"Kepler-1530 b","Kepler-1530",1,1.64000000,,,489.87600000,288.1624396,48.1651530
"Kepler-1530 c","Kepler-1530",1,1.65000000,,,489.87600000,288.1624396,48.1651530
"Kepler-1531 b","Kepler-1531",1,1.11000000,,,666.33400000,285.1466220,39.3708055
"Kepler-1093 c","Kepler-1093",1,1.96000000,,,1072.88000000,284.9780251,41.4202077
"Kepler-205 b","Kepler-205",1,1.51000000,,,159.72000000,285.2866912,41.8609357
"Kepler-1699 b","Kepler-1699",1,1.56671124,,,818.75900000,292.1373281,48.9171579
"Kepler-1532 b","Kepler-1532",1,1.35000000,,,798.24600000,296.9027840,41.1981424
"Kepler-1930 b","Kepler-1930",1,1.52955541,,,275.69400000,297.5771450,40.0276768
"Kepler-242 b","Kepler-242",1,2.61000000,,,600.24100000,286.5656932,41.8084168
"Kepler-1931 b","Kepler-1931",1,2.65323514,,,620.09100000,290.8723061,43.3330104
"Kepler-1533 b","Kepler-1533",1,3.46000000,,,966.80100000,295.9755645,44.7133739
"Kepler-705 b","Kepler-705",1,2.11000000,,,276.88100000,289.5085612,41.8120234
"Kepler-361 b","Kepler-361",1,1.45000000,,,930.32000000,296.8034146,46.7411011
"Kepler-206 c","Kepler-206",1,1.77000000,,,594.44700000,291.6346564,41.8338415
"Kepler-362 b","Kepler-362",1,0.88000000,,,1090.51000000,291.7716030,47.5299192
"Kepler-1535 b","Kepler-1535",1,2.55000000,,,897.73300000,286.6136850,38.8919507
"Kepler-173 c","Kepler-173",1,2.43000000,,,833.16500000,294.6466171,41.8840952
"Kepler-467 b","Kepler-467",1,2.25000000,,,466.26500000,287.3629145,38.6497341
"Kepler-539 b","Kepler-539",1,8.37312300,0.97000000,"G2 V",307.31800000,299.1224639,41.8667953
"Kepler-1536 b","Kepler-1536",1,3.14000000,,,387.24800000,291.5852554,45.7158742
"Kepler-1126 c","Kepler-1126",1,1.45000000,,,635.73600000,285.6919550,45.6893993
"Kepler-600 b","Kepler-600",1,2.90000000,,,619.72300000,283.8330588,41.9786358
"Kepler-1537 b","Kepler-1537",1,1.18000000,,,517.29200000,294.3853917,43.8254461
"Kepler-365 c","Kepler-365",1,1.64000000,,,1038.99000000,295.6265640,49.1304110
"Kepler-152 b","Kepler-152",1,2.79000000,,,441.09000000,286.8653826,41.9889571
"Kepler-1129 c","Kepler-1129",1,2.73000000,,,1183.88000000,291.6044965,41.3093275
"Kepler-1932 b","Kepler-1932",1,1.51482218,,,713.73300000,285.3314903,41.0638435
"Kepler-1933 b","Kepler-1933",1,1.17984089,,,328.00700000,283.9950850,39.9170121
"Kepler-439 b","Kepler-439",1,2.24000000,,,757.04800000,280.8015188,44.0339733
"Kepler-1801 c","Kepler-1801",1,2.91000000,,,839.33200000,295.1640095,39.2014024
"Kepler-1538 b","Kepler-1538",1,2.82000000,,,1125.30000000,283.3456110,45.2743573
"Kepler-1700 b","Kepler-1700",1,2.90129941,,,717.59700000,286.9497376,45.3537626
"Kepler-1539 b","Kepler-1539",1,2.70000000,,,748.32600000,284.2194566,44.2685146
"Kepler-1540 b","Kepler-1540",2,2.49000000,,,244.96000000,283.3445555,41.2017544
"KOI-1783.02","KOI-1783",1,5.44000000,0.04719504,,865.73000000,289.3414629,46.9881550
"Kepler-196 b","Kepler-196",1,1.90000000,,,451.31200000,284.9685077,42.0791214
"Kepler-243 b","Kepler-243",1,2.45000000,,,693.86000000,285.1104819,42.0339619
"Kepler-1409 b","Kepler-1409",1,1.04000000,,,694.89000000,290.0847389,51.2086144
"Kepler-1899 b","Kepler-1899",1,1.55098292,,,711.50900000,292.0333777,37.9744551
"KOI-351 e","KOI-351",1,2.66000000,,,848.25400000,284.4334642,49.3051239
"Kepler-1904 b","Kepler-1904",1,1.39049940,,,270.85400000,288.8744026,51.1542215
"Kepler-1425 b","Kepler-1425",1,0.94000000,,,863.87300000,294.9510368,43.0124348
"Kepler-296 e","Kepler-296",2,1.53000000,,,,286.5400278,49.4372614
"Kepler-1649 b","Kepler-1649",1,1.01700000,,,92.19130000,292.5029676,41.8299933
"Kepler-601 b","Kepler-601",1,1.90000000,,,414.82500000,282.0046852,42.1764657
"KOI-351 c","KOI-351",1,1.19000000,,,848.25400000,284.4334642,49.3051239
"KOI-351 b","KOI-351",1,1.31000000,,,848.25400000,284.4334642,49.3051239
"KOI-1599.02","KOI-1599",1,1.90000000,0.02831702,,1131.64000000,298.3738383,40.6184483
"Kepler-1350 c","Kepler-1350",1,1.73000000,,,340.69100000,288.2506110,46.6794847
"Kepler-529 d","Kepler-529",1,2.79502603,,,799.00800000,285.8884067,47.8803640
"Kepler-607 b","Kepler-607",1,0.87000000,,,519.12200000,291.0571451,44.6323060
"KOI-351 f","KOI-351",1,2.88000000,,,848.25400000,284.4334642,49.3051239
"Kepler-354 c","Kepler-354",1,1.31000000,,,554.06400000,285.7515347,41.3356739
"Kepler-389 c","Kepler-389",1,1.46000000,,,816.55900000,291.9600082,44.9000587
"Kepler-1454 b","Kepler-1454",1,1.88000000,,,780.56600000,284.2233265,48.8317229
"Kepler-1697 b","Kepler-1697",1,1.25954761,,,247.77100000,287.6633310,43.4713782
"Kepler-1926 b","Kepler-1926",1,2.31495961,,,667.40500000,291.1987905,44.1662033
"Kepler-460 c","KIC 5437945",1,5.52000000,,,1274.01000000,288.4749028,40.6512848
"Kepler-707 b","Kepler-707",1,1.33000000,,,591.77600000,290.0075640,42.1164698
"Kepler-1624 b","Kepler-1624",1,6.59000000,,"M V",258.97900000,292.5798564,37.3762616
"Kepler-207 d","Kepler-207",1,3.31000000,,,875.51900000,290.0305195,42.1660555
"Kepler-602 b","Kepler-602",1,2.09000000,,,1159.31000000,296.0318985,42.1418634
"Kepler-640 b","Kepler-640",1,2.56000000,,,557.78700000,296.0322000,42.1317392
"Kepler-708 b","Kepler-708",1,2.93000000,,,1394.22000000,293.8164588,42.2125159
"Kepler-603 b","Kepler-603",1,2.65000000,,,1539.63000000,294.2809679,42.2909295
"Kepler-583 b","Kepler-583",1,2.28000000,,,867.27100000,282.1113206,42.3545514
"Kepler-244 b","Kepler-244",1,2.76000000,,,1036.49000000,287.2426410,42.3014185
"Kepler-709 b","Kepler-709",1,2.92000000,,,664.84300000,292.1052720,42.3803077
"Kepler-1625 b","Kepler-1625",1,6.06000000,,,2310.11000000,295.4293220,39.8865068
"Kepler-584 b","Kepler-584",1,4.21000000,,,1848.84000000,288.2306150,42.4136181
"Kepler-245 b","Kepler-245",1,2.57000000,,,861.52700000,291.6389972,42.4363482
"Kepler-28 b","Kepler-28",1,1.95900000,0.00512855,,438.35900000,292.1370409,42.4294835
"Kepler-641 b","Kepler-641",1,1.85000000,,,969.91800000,291.8235292,42.5161945
"Kepler-208 b","Kepler-208",1,1.63000000,,,775.32800000,293.8901979,42.5279413
"Kepler-1626 b","Kepler-1626",1,2.02000000,,,1368.83000000,296.5004384,40.7212069
"Kepler-558 b","Kepler-558",1,2.37000000,,,661.87600000,284.6579709,42.6526751
"Kepler-495 b","Kepler-495",1,5.23000000,,,658.92400000,285.9307362,39.0981201
"Kepler-46 b","Kepler-46",1,9.05700000,6.00000000,,777.06000000,289.2687388,42.6041819
"Kepler-209 b","Kepler-209",1,2.26000000,,,576.94600000,291.1694567,42.6407281
"Kepler-710 b","Kepler-710",1,1.88000000,,,1448.34000000,291.9641255,42.6961308
"Kepler-604 b","Kepler-604",1,2.59000000,,,1026.49000000,292.3159795,42.6262429
"Kepler-1627 b","Kepler-1627",1,3.69000000,,,317.43700000,284.0566675,41.5767277
"Kepler-642 b","Kepler-642",1,2.90000000,,,781.58200000,293.8345542,42.6249480
"Kepler-246 b","Kepler-246",1,2.34000000,,,626.07800000,296.4834007,42.6633806
"Kepler-1729 b","Kepler-1729",1,3.89404186,,,576.18100000,296.6939428,42.6261145
"Kepler-144 b","Kepler-144",1,1.33000000,,,384.91700000,281.9156128,42.7755535
"Kepler-160 c","Kepler-160",1,3.76000000,,,937.01300000,287.7735730,42.8692755
"Kepler-643 b","Kepler-643",1,10.16000000,,,1063.58000000,290.3272423,42.8982283
"Kepler-81 b","Kepler-81",1,2.42000000,,,348.29100000,293.6369437,42.8248275
"Kepler-711 b","Kepler-711",1,3.41000000,,,624.57500000,297.4600468,42.8398172
"Kepler-1718 b","Kepler-1718",1,2.56852070,,,375.52200000,292.2349191,42.9094618
"Kepler-82 b","Kepler-82",1,4.07000000,0.03822798,,904.32600000,292.8733696,42.9661583
"Kepler-434 b","Kepler-434",1,12.67000000,2.86000000,,1222.54000000,293.5863887,42.9288624
"Kepler-712 b","Kepler-712",1,3.41000000,,,872.49300000,294.9096739,42.9351987
"Kepler-1628 b","Kepler-1628",1,6.43000000,,,,281.6336936,43.4115547
"Kepler-247 c","Kepler-247",1,4.09000000,,,663.71100000,288.6425609,43.0393769
"Kepler-1630 b","Kepler-1630",1,2.19000000,,,331.21300000,297.5083004,43.7110543
"Kepler-161 b","Kepler-161",1,2.12000000,,,434.63200000,290.5164698,43.0838642
"Kepler-184 b","Kepler-184",1,2.36000000,,,610.32600000,291.9518784,43.0746172
"Kepler-1631 b","Kepler-1631",1,1.35000000,,,1305.99000000,294.6325781,43.8076687
"Kepler-1632 b","Kepler-1632",1,2.47000000,,,716.76000000,294.4948769,43.9135575
"Kepler-210 c","Kepler-210",1,3.62000000,,,232.75000000,292.5034196,43.0832188
"Kepler-54 b","Kepler-54",1,2.10000000,,,271.70100000,294.7739245,43.0561976
"Kepler-472 b","Kepler-472",1,3.22000000,,,306.60200000,296.5245187,39.2498503
"Kepler-713 b","Kepler-713",1,2.48000000,,,1089.87000000,295.6513819,43.0297781
"Kepler-211 c","Kepler-211",1,1.29000000,,,309.35300000,285.4391183,43.1685051
"Kepler-212 c","Kepler-212",1,2.74000000,,,687.19400000,287.6208165,43.1416239
"Kepler-435 b","Kepler-435",1,22.31000000,0.84000000,,1418.77000000,292.2873012,43.1972542
"Kepler-714 b","Kepler-714",1,9.67000000,,,2083.37000000,282.6994685,43.2727437
"Kepler-1633 b","Kepler-1633",1,1.58000000,,,1114.91000000,288.5151733,44.9232545
"Kepler-605 b","Kepler-605",1,1.44000000,,,556.58000000,287.2954015,43.2798677
"Kepler-1634 b","Kepler-1634",1,3.19000000,,,617.33900000,294.0433990,45.1398201
"Kepler-120 b","Kepler-120",1,2.15000000,,,388.63000000,287.8915707,39.3390979
"Kepler-1635 b","Kepler-1635",1,3.64000000,,,1069.45000000,285.3490542,45.5561768
"Kepler-715 b","Kepler-715",1,3.75000000,,,1327.44000000,283.6307971,43.3793638
"Kepler-716 b","Kepler-716",1,2.90000000,,,635.00900000,290.3931809,43.3638577
"Kepler-717 b","Kepler-717",1,2.42000000,,,2805.48000000,292.9655071,43.3463450
"Kepler-644 b","Kepler-644",1,3.15000000,,,1318.05000000,295.4757022,43.4931119
"Kepler-121 b","Kepler-121",1,2.34000000,,,510.52300000,286.1621273,39.6780204
"Kepler-1636 b","Kepler-1636",1,3.23000000,,,1947.54000000,294.0575681,46.4409844
"Kepler-248 c","Kepler-248",1,4.07000000,,,738.79200000,293.0613138,43.5813577
"Kepler-718 b","Kepler-718",1,16.56000000,,,1302.33000000,299.5618676,43.5035173
"Kepler-83 b","Kepler-83",2,2.83000000,,,400.40900000,282.2325197,43.6655662
"Kepler-249 c","Kepler-249",1,1.51000000,,,190.40100000,296.9853002,43.6586043
"Kepler-1730 b","Kepler-1730",1,4.48524519,,,1427.08000000,281.9605834,43.7030386
"Kepler-162 c","Kepler-162",1,3.03000000,,,855.64100000,297.2789115,43.7239693
"Kepler-185 c","Kepler-185",1,2.02000000,,,466.73500000,282.4681674,43.8899464
"Kepler-1637 b","Kepler-1637",1,0.89000000,,,567.18700000,282.2368006,48.1542016
"Kepler-585 b","Kepler-585",1,2.83000000,,,585.18700000,286.5284924,43.8733751
"Kepler-174 b","Kepler-174",1,1.96000000,,,384.75700000,287.4389454,43.8320052
"Kepler-1638 b","Kepler-1638",1,1.87000000,,,1525.52000000,295.4823299,48.5244695
"Kepler-175 b","Kepler-175",1,2.56000000,,,1312.34000000,289.5532320,43.8761160
"Kepler-1639 b","Kepler-1639",1,2.58000000,,,1031.31000000,283.0686510,48.8021209
"Kepler-176 c","Kepler-176",1,2.60000000,,,527.32100000,294.6679021,43.8532104
"Kepler-719 b","Kepler-719",1,8.52000000,,,2497.51000000,295.5360628,43.8844116
"Kepler-559 b","Kepler-559",1,3.61000000,,,776.70800000,296.6368878,43.8027948
"Kepler-186 c","Kepler-186",1,1.25000000,,"M1",177.59400000,298.6527360,43.9549884
"Kepler-55 d","Kepler-55",1,1.59000000,,,578.79600000,285.1683291,44.0264898
"Kepler-645 b","Kepler-645",1,2.10000000,,,1173.57000000,290.3227098,44.0358625
"Kepler-1989 b","Kepler-1989",1,4.62000000,,,1252.13000000,290.7351869,44.0912620
"Kepler-187 c","Kepler-187",1,2.67000000,,,1143.00000000,299.7964955,44.0892448
"Kepler-250 c","Kepler-250",1,2.28000000,,,760.58500000,289.5947633,44.1418114
"Kepler-122 c","Kepler-122",1,5.87000000,,,1027.45000000,291.1118647,39.9490248
"Kepler-251 c","Kepler-251",1,2.77000000,,,924.62500000,296.5662171,44.1058077
"Kepler-720 b","Kepler-720",1,8.41000000,,,1065.37000000,298.6356478,44.1709388
"Kepler-188 c","Kepler-188",1,3.19000000,,,968.54400000,281.2797173,44.3154743
"Kepler-547 b","Kepler-547",1,4.00000000,,,378.97200000,286.1185888,44.3452063
"Kepler-189 c","Kepler-189",1,2.38000000,,,591.53400000,287.5646296,44.3050662
"Kepler-646 b","Kepler-646",1,1.99000000,,,451.79400000,290.4714596,44.3870422
"Kepler-606 b","Kepler-606",1,3.31000000,,,1215.11000000,292.4273700,44.3812406
"Kepler-103 b","Kepler-103",1,3.48570000,0.03671793,"G2",494.83200000,288.9845512,40.0644857
"Kepler-721 b","Kepler-721",1,2.64000000,,,926.59800000,284.4305132,44.4803776
"Kepler-1981 b","Kepler-1981",1,9.23000000,,,659.39500000,287.9754691,38.7402988
"Kepler-647 c","Kepler-647",1,4.00135002,,,1087.87000000,284.7882977,44.5916225
"Kepler-722 b","Kepler-722",1,2.63000000,,,1239.50000000,290.2632874,44.5564051
"Kepler-145 c","Kepler-145",1,4.32000000,0.25000000,,566.85000000,291.3877397,44.5290465
"Kepler-252 c","Kepler-252",1,2.15000000,,,379.42400000,295.5793290,44.5459052
"Kepler-1640 b","Kepler-1640",1,4.82000000,,,1859.78000000,294.5577857,40.8504949
"Kepler-723 b","Kepler-723",1,12.19000000,,,1071.80000000,284.8304434,44.6580932
"Kepler-1641 b","Kepler-1641",1,3.11000000,,,860.37000000,296.3594560,41.5745321
"Kepler-1641 c","Kepler-1641",1,2.95000000,,,860.37000000,296.3594560,41.5745321
"Kepler-213 b","Kepler-213",1,1.62000000,,,634.93900000,290.8241931,44.6472832
"Kepler-607 c","Kepler-607",1,2.76001201,,,519.12200000,291.0571451,44.6323060
"Kepler-1642 b","Kepler-1642",1,3.20000000,,,413.87300000,297.2121215,43.6437890
"Kepler-1642 c","Kepler-1642",1,2.66000000,,,413.87300000,297.2121215,43.6437890
"Kepler-608 b","Kepler-608",1,3.64000000,,,946.68300000,293.8829010,44.6380717
"Kepler-190 b","Kepler-190",1,1.56000000,,,433.38700000,288.5839761,44.7337701
"Kepler-311 d","Kepler-311",1,2.05000000,,,778.65400000,282.0612731,47.0854984
"Kepler-1643 b","Kepler-1643",1,2.32000000,,,341.77400000,300.4310076,44.7510129
"Kepler-609 b","Kepler-609",1,3.35000000,,,1065.82000000,292.2203009,44.6999902
"Kepler-724 b","Kepler-724",1,3.29000000,,,853.11900000,293.4548441,44.7927823
"Kepler-725 b","Kepler-725",1,10.80000000,,,758.46900000,283.9774949,44.8115613
"Kepler-475 b","Kepler-475",1,2.49000000,,,280.06900000,287.0516940,40.2114232
"Kepler-540 b","Kepler-540",1,2.71000000,,,390.37400000,290.6249953,44.8737757
"Kepler-1644 b","Kepler-1644",1,1.88000000,,,629.27000000,285.4750512,48.0348356
"Kepler-1645 b","Kepler-1645",1,1.78000000,,,1202.47000000,297.4795142,48.4185820
"Kepler-1052 c","Kepler-1052",1,2.30000000,,,943.44400000,295.3427300,46.6022134
"Kepler-726 b","Kepler-726",1,3.26000000,,,762.08100000,291.7172776,44.8873466
"Kepler-253 c","Kepler-253",1,2.65000000,,,838.59500000,291.8419337,44.8581240
"Kepler-214 c","Kepler-214",1,2.13000000,,,1208.44000000,284.7548499,44.9560500
"Kepler-1143 c","Kepler-1143",1,3.60000000,,,555.18900000,287.3027720,39.2896399
"Kepler-1834 c","Kepler-1834",1,1.22000000,,,500.39500000,294.6646789,39.7838461
"Kepler-401 d","Kepler-401",1,2.27000000,,,965.56000000,290.0827494,50.8634361
"Kepler-1388 d","Kepler-1388",1,2.86000000,,,453.79500000,283.3360156,47.1744499
"Kepler-1388 e","Kepler-1388",1,2.46000000,,,453.79500000,283.3360156,47.1744499
"Kepler-648 b","Kepler-648",1,3.22000000,,,636.03000000,283.8996207,45.0169137
"Kepler-1482 b","Kepler-1482",1,1.01000000,,,567.55600000,285.3138209,48.7252700
"Kepler-1491 c","Kepler-1491",1,2.44000000,,,2065.59000000,293.6297645,45.7406293
"Kepler-649 b","Kepler-649",1,2.26000000,,,513.74800000,285.6558336,45.0794516
"KOI-3503 c","KOI-3503",1,1.21000000,0.03259621,,887.06400000,293.1507654,41.7291532
"Kepler-1534 b","Kepler-1534",1,1.89000000,,,,292.3953730,43.8691326
"Kepler-176 e","Kepler-176",1,1.45000000,,,527.32100000,294.6679021,43.8532104
"Kepler-177 c","Kepler-177",1,8.73000000,0.04625114,,1435.44000000,286.0471442,45.0532038
"Kepler-1542 d","Kepler-1542",1,0.87000000,,,399.11400000,285.7284757,42.6544651
"Kepler-1542 e","Kepler-1542",1,0.76000000,,,399.11400000,285.7284757,42.6544651
"Kepler-610 b","Kepler-610",1,4.19000000,,,845.82400000,293.1713241,45.0655934
"Kepler-1600 b","Kepler-1600",1,3.13000000,,,1030.81000000,291.3993802,38.7877563
"Kepler-109 b","Kepler-109",1,2.49000000,0.01541712,,474.86100000,290.3926795,40.2849074
"Kepler-727 b","Kepler-727",1,2.53000000,,,831.84200000,294.8469333,45.0344155
"Kepler-1518 b","Kepler-1518",1,3.05000000,,,903.51000000,300.3323404,44.9861065
"Kepler-1518 c","Kepler-1518",1,2.90000000,,,903.51000000,300.3323404,44.9861065
"Kepler-560 b","Kepler-560",2,1.72000000,,,109.30800000,300.2066441,45.0182402
"Kepler-1185 b","Kepler-1185",1,1.33000000,,,459.27300000,287.2411783,39.3326977
"Kepler-347 d","Kepler-347",1,3.04000000,,,1298.88000000,289.1995995,49.3056404
"Kepler-1972 c","Kepler-1972",1,0.86800000,0.00663880,,287.33900000,288.3953074,39.8725067
"Kepler-650 b","Kepler-650",1,2.96000000,,,884.37800000,289.0009451,45.1542968
"Kepler-728 b","Kepler-728",1,3.34000000,,,1765.23000000,291.0923621,45.1155087
"Kepler-561 b","Kepler-561",1,6.96000000,,,621.37800000,293.7471107,45.1071981
"Kepler-1721 b","Kepler-1721",1,3.11856756,,,641.37400000,283.5441984,45.2256548
"Kepler-215 d","Kepler-215",1,2.39000000,,,485.99700000,294.9735313,45.2136867
"Kepler-62 d","Kepler-62",1,1.95000000,0.04400000,"K2 V",300.87400000,283.2125621,45.3496992
"Kepler-191 d","Kepler-191",1,2.28000000,,,594.46400000,291.1833211,45.3230937
"Kepler-611 b","Kepler-611",1,1.65000000,,,1395.56000000,286.0049121,45.4803043
"Kepler-729 b","Kepler-729",1,3.58000000,,,1921.15000000,286.3600604,45.4142664
"Kepler-425 b","Kepler-425",1,10.96200000,0.25000000,"K1 V",646.64700000,290.3579781,40.5676965
"Kepler-548 b","Kepler-548",1,11.99000000,,,751.77600000,299.9059167,45.4396103
"Kepler-730 b","Kepler-730",1,12.32990000,,,1935.04000000,285.5547895,45.5788420
"Kepler-192 b","Kepler-192",1,2.74000000,,,651.67400000,287.9179379,45.5928829
"Kepler-586 b","Kepler-586",1,2.79000000,,,693.76600000,293.0571982,45.5511266
"Kepler-731 b","Kepler-731",1,13.88000000,,,1257.16000000,296.3931945,45.5685330
"Kepler-49 b","Kepler-49",1,2.57900000,0.03073986,,311.22200000,292.2945208,40.5918123
"Kepler-1726 b","Kepler-1726",1,2.50861954,,,390.55200000,284.3861498,45.7197342
"Kepler-612 b","Kepler-612",1,2.84000000,,,1445.53000000,291.3546278,45.7478551
"Kepler-254 b","Kepler-254",1,3.87000000,,,1389.48000000,288.1646541,45.8164257
"Kepler-31 b","Kepler-31",1,5.50000000,,,1664.64000000,294.0230229,45.8530535
"Kepler-732 b","Kepler-732",1,2.18000000,,,174.82600000,283.7317274,45.9585288
"Kepler-733 b","Kepler-733",1,2.82000000,,,916.70600000,293.0181882,45.9147063
"Kepler-255 c","Kepler-255",1,2.99000000,,,1052.53000000,296.0642702,45.9767647
"Kepler-96 b","Kepler-96",1,2.67000000,0.02700000,,122.88100000,297.0698263,40.5252039
"Kepler-33 d","Kepler-33",1,5.35000000,,,1209.16000000,289.0775348,46.0051696
"Kepler-256 c","Kepler-256",1,2.15000000,,,1026.43000000,292.5804200,46.0973588
"Kepler-39 b","Kepler-39",1,13.90000000,20.10000000,"F7 V",1057.41000000,296.9603348,46.0342954
"Kepler-734 b","Kepler-734",1,3.56000000,,,1157.21000000,297.0456122,46.0273893
"Kepler-257 c","Kepler-257",1,5.41000000,,,780.25600000,297.3159994,46.0232642
"Kepler-735 b","Kepler-735",1,2.95000000,,,695.05900000,284.6888328,46.1721391
"Kepler-736 b","Kepler-736",1,2.93000000,,,1005.43000000,285.3913092,46.1809293
"Kepler-216 c","Kepler-216",1,3.04000000,,,1187.47000000,293.7280695,46.1291139
"Kepler-613 b","Kepler-613",1,2.29000000,,,861.49400000,282.7868415,46.2449846
"KOI-142 b","KOI-142",1,3.43800000,0.03000000,,376.86300000,291.1481028,40.6694130
"Kepler-651 b","Kepler-651",1,2.37000000,,,509.40800000,287.3327284,46.2034366
"Kepler-562 b","Kepler-562",1,5.21000000,,,992.76900000,290.1196007,46.2737393
"Kepler-563 b","Kepler-563",1,3.09000000,,,565.20700000,292.4461832,46.2897548
"Kepler-217 b","Kepler-217",1,2.23000000,,,1104.64000000,293.0377331,46.2775223
"Kepler-218 c","Kepler-218",1,3.14000000,,,656.38000000,295.4128785,46.2665801
"Kepler-1666 b","Kepler-1666",1,2.88273782,,,1379.37000000,297.9516071,46.2647024
"Kepler-614 b","Kepler-614",1,2.39000000,,,527.99500000,298.3848866,46.2759867
"Kepler-615 b","Kepler-615",1,1.74000000,,,,282.4506927,46.3213671
"Kepler-506 b","Kepler-506",1,2.73000000,,,228.43900000,284.6351885,40.7198296
"Kepler-652 b","Kepler-652",1,2.49000000,,,394.55000000,288.0080899,46.4736108
"Kepler-737 b","Kepler-737",1,1.96000000,,,205.11800000,291.8629793,46.4291614
"Kepler-738 b","Kepler-738",1,2.50000000,,,1113.65000000,287.5696516,46.5679011
"HAT-P-7 b","HAT-P-7",3,16.92559000,1.84000000,,341.07900000,292.2471900,47.9695429
"Kepler-739 b","Kepler-739",1,3.32000000,,,1370.65000000,290.0679940,46.5791535
"Kepler-258 b","Kepler-258",1,4.06000000,,,575.98800000,294.0684116,46.5791357
"Kepler-193 b","Kepler-193",1,2.39000000,,,1009.10000000,296.4985951,46.5772484
"Kepler-32 b","Kepler-32",1,2.20000000,4.10000000,,323.84700000,297.8423073,46.5743595
"Kepler-1646 b","Kepler-1646",1,1.23000000,,,127.59100000,287.5264859,42.9129356
"Kepler-740 b","Kepler-740",1,4.57000000,,,1442.02000000,286.4822566,46.6924560
"Kepler-259 b","Kepler-259",1,2.80000000,,,1002.14000000,288.2119707,46.6150461
"Kepler-741 b","Kepler-741",1,2.97000000,,,1661.87000000,289.4317294,46.6174978
"Kepler-564 b","Kepler-564",1,4.63000000,,,863.03700000,296.8383661,46.6263912
"Kepler-653 b","Kepler-653",1,1.95000000,,,595.63400000,282.2130447,46.7177898
"Kepler-742 b","Kepler-742",1,3.24000000,,,489.25300000,283.8659676,46.7896522
"Kepler-219 b","Kepler-219",1,2.95000000,,,787.07000000,288.7389481,46.7625929
"Kepler-178 b","Kepler-178",1,2.90000000,,,716.02500000,287.1010275,46.8964033
"Kepler-148 d","Kepler-148",1,8.68000000,,,791.16300000,289.7861626,46.8588176
"Kepler-220 c","Kepler-220",1,1.57000000,,,171.10900000,291.5060432,46.8956262
"Kepler-1723 b","Kepler-1723",1,2.88046569,,,811.27800000,294.4627362,46.8214022
"Kepler-452 b","Kepler-452",1,1.63000000,,"G2",551.72700000,296.0037520,44.2775861
"Kepler-433 b","Kepler-433",1,16.25000000,2.82000000,,1878.31000000,297.5936232,40.9772546
"Kepler-616 b","Kepler-616",1,2.43000000,,,945.77500000,294.9891370,46.8383058
"Kepler-221 c","Kepler-221",1,2.93000000,,,385.23100000,296.6547477,46.8352242
"Kepler-654 b","Kepler-654",1,2.07000000,,,974.12400000,297.0683931,46.8342497
"Kepler-655 b","Kepler-655",1,2.71000000,,,752.56200000,297.2590664,46.8431650
"Kepler-222 b","Kepler-222",1,3.16000000,,,758.85400000,287.9060885,46.9377479
"Kepler-163 c","Kepler-163",1,2.26000000,,,689.81400000,295.0027458,46.9873389
"Kepler-48 b","Kepler-48",1,1.88000000,0.01239656,,306.73800000,299.1393094,40.9489390
"Kepler-565 b","Kepler-565",1,3.64000000,,,,283.6180825,47.1967793
"Kepler-1720 b","Kepler-1720",1,3.21585295,,,629.44500000,296.8086813,47.1718557
"Kepler-549 d","Kepler-549",1,4.20000000,,,635.14500000,283.0228527,47.2611431
"Kepler-223 d","Kepler-223",1,5.24000000,0.02517069,,1859.71000000,298.3183909,47.2794824
"Kepler-7 b","Kepler-7",1,18.18099800,0.44100000,,922.56200000,288.5814928,41.0897335
"Kepler-656 b","Kepler-656",1,3.12000000,,,890.35200000,288.3278778,47.3815380
"Kepler-587 b","Kepler-587",1,2.23000000,,,787.89400000,288.6706571,47.3991249
"Kepler-224 c","Kepler-224",1,3.12000000,,,782.08800000,290.9342679,47.3575414
"Kepler-657 b","Kepler-657",1,3.52000000,,,1691.88000000,291.1973006,47.3077545
"Kepler-225 c","Kepler-225",1,1.84000000,,,561.10100000,292.1939846,47.4570808
"Kepler-623 b","Kepler-623",1,3.01000000,,,737.70200000,296.9867284,47.4773531
"KOI-12 b","KOI-12",1,13.78707000,1.10000000,,399.39800000,297.4537402,41.0110188
"Kepler-29 b","Kepler-29",1,2.55000000,0.01573168,,832.53200000,298.3483820,47.4913021
"Kepler-658 b","Kepler-658",1,1.63000000,,,388.38400000,282.9836210,47.5783897
"Kepler-617 b","Kepler-617",1,1.32000000,,,173.35400000,283.7407247,47.5161237
"Kepler-659 b","Kepler-659",1,2.50000000,,,722.64000000,287.6081777,47.5096893
"KOI-7368 b","KOI-7368",1,2.22000000,,,264.99500000,293.9476365,48.0652589
"Kepler-40 b","Kepler-40",1,13.11000000,2.20000000,"F5 IV",2305.01000000,296.8136883,47.5265446
"Kepler-1999 b","Kepler-1999",1,3.29000000,,,701.25500000,282.3705675,48.2592340
"Kepler-588 b","Kepler-588",1,2.63000000,,,1209.40000000,284.2572531,47.6889081
"Kepler-164 c","Kepler-164",1,2.73000000,,,890.75800000,287.7808115,47.6298453
"Kepler-589 b","Kepler-589",1,2.27000000,,,612.80300000,280.6414331,47.7520581
"Kepler-660 b","Kepler-660",1,2.57000000,,,568.43100000,288.1382985,47.7245642
"Kepler-179 c","Kepler-179",1,2.00000000,,,605.68000000,298.6636163,47.7619329
"Kepler-165 b","Kepler-165",1,2.32000000,,,560.88500000,280.6909200,47.8096702
"Kepler-661 b","Kepler-661",1,3.07000000,,,534.78800000,283.7107463,47.8631748
"Kepler-496 b","Kepler-496",1,2.32000000,,,605.27400000,291.6408978,41.2411044
"Kepler-566 b","Kepler-566",1,2.15000000,,,564.27700000,291.5544735,47.8144362
"Kepler-194 c","Kepler-194",1,2.59000000,,,1097.97000000,291.9714290,47.8640498
"Kepler-226 c","Kepler-226",1,2.27000000,,,980.13800000,292.3760942,47.8809596
"Kepler-550 b","Kepler-550",1,4.42000000,,,531.94400000,297.7001786,47.8637046
"Kepler-195 b","Kepler-195",1,2.03000000,,,652.05100000,288.1209339,47.9666141
"Kepler-1629 b","Kepler-1629",1,0.77000000,,,336.09000000,280.2066276,43.7743281
"Kepler-662 b","Kepler-662",1,2.18000000,,,815.63700000,290.4650801,47.9291252
"Kepler-1724 b","Kepler-1724",1,2.83677238,,,1060.77000000,296.1207272,47.9214736
"Kepler-663 b","Kepler-663",1,2.60000000,,,1063.09000000,297.8082232,47.9466342
"Kepler-551 b","Kepler-551",1,2.73000000,,,311.17500000,285.4850450,48.0543774
"Kepler-487 b","Kepler-487",1,11.42000000,,,872.34300000,295.2872318,41.2220033
"Kepler-618 b","Kepler-618",1,2.60000000,,,1221.96000000,286.2498525,48.0609256
"Kepler-227 b","Kepler-227",1,3.11000000,,,1083.06000000,291.9342748,48.1416760
"Kepler-153 b","Kepler-153",1,2.92000000,,,459.36800000,282.4605020,48.2570293
"K2-44 b","K2-44",1,2.43300000,,,476.70300000,174.0116610,-2.5209338
"K2-46 b","K2-46",1,2.05000000,,,449.23700000,174.2662454,-0.9072100
"K2-8 c","K2-8",1,2.41000000,,"K3 V",403.51300000,169.7935178,-0.2844389
"K2-27 b","K2-27",3,4.74000000,0.09501983,,249.64500000,171.5151874,1.2306237
"K2-35 c","K2-35",1,1.93000000,,,252.59600000,170.1031027,1.2858679
"Kepler-664 b","Kepler-664",1,2.66000000,,,1210.12000000,288.7549029,48.2262030
"Kepler-552 b","Kepler-552",1,3.95000000,,,843.68900000,290.7476903,48.2419838
"K2-42 b","K2-42",1,2.15000000,,,396.91300000,176.6657559,-5.1720463
"K2-43 b","K2-43",1,4.51000000,,,182.53600000,169.1170280,-3.9754405
"Kepler-228 d","Kepler-228",1,4.04000000,,,1644.61000000,296.2860853,48.2246328
"K2-45 b","K2-45",1,6.71000000,,,495.31700000,169.6327547,-1.7740582
"K2-164 b","K2-164",1,3.24925008,,,375.67000000,171.9336590,-0.0628488
"K2-19 d","K2-19",1,1.04400000,0.01950738,"G9",289.82700000,174.9602543,0.6035960
"Kepler-590 b","Kepler-590",1,4.02000000,,,1421.81000000,296.3855467,48.2334177
"K2-35 b","K2-35",1,1.32000000,,,252.59600000,170.1031027,1.2858679
"Kepler-229 c","Kepler-229",1,4.92000000,,,826.26500000,286.9994758,48.3757867
"K2-47 b","K2-47",1,1.89000000,,,349.88100000,168.5825696,2.7805614
"K2-48 b","K2-48",1,2.24000000,,,313.76400000,176.1233077,3.2723812
"K2-49 b","K2-49",1,1.93000000,,,457.12500000,177.3202331,3.4755183
"K2-36 c","K2-36",1,3.20000000,0.02485618,,109.74900000,169.4490102,3.8665038
"K2-36 b","K2-36",1,1.43000000,0.01352931,,109.74900000,169.4490102,3.8665038
"Kepler-74 b","Kepler-74",1,10.76000000,0.63000000,"F8 V",1177.55000000,293.0925275,41.3555095
"Kepler-567 b","Kepler-567",1,2.25000000,,,558.81000000,297.6726072,48.3023458
"K2-50 b","K2-50",1,1.59000000,,,257.44300000,169.4836540,5.9882890
"WASP-85 A b","WASP-85 A",2,13.89916000,1.26500000,"G5 V",141.88700000,175.9080328,6.5637842
"Kepler-553 b","Kepler-553",1,4.74139884,0.36500000,,728.52500000,298.5508922,48.3325405
"K2-24 c","K2-24",1,7.93000000,0.05160017,,170.56200000,242.5734559,-24.9906029
"K2-24 b","K2-24",1,5.63800000,0.06481485,,170.56200000,242.5734559,-24.9906029
"K2-52 b","K2-52",1,18.00000000,,,1038.41000000,246.6114157,-24.9699462
"Kepler-591 b","Kepler-591",1,3.39000000,,,785.13700000,286.0240520,48.4317290
"K2-37 c","K2-37",1,2.41000000,,,179.94300000,243.4509662,-24.7870527
"K2-37 d","K2-37",1,2.31000000,0.03932940,,179.94300000,243.4509662,-24.7870527
"K2-37 b","K2-37",1,1.39000000,,,179.94300000,243.4509662,-24.7870527
"K2-31 b","K2-31",2,11.88154000,1.77400000,"G7 V",110.52700000,245.4405531,-23.5482730
"K2-365 b","K2-365",1,2.90600000,,,187.22200000,238.8197061,-21.0269691
"Kepler-619 b","Kepler-619",1,3.16000000,,,900.67800000,290.8490899,48.4159782
"K2-53 b","K2-53",1,2.60000000,,,138.01800000,244.1419684,-20.4005984
"K2-32 b","K2-32",2,5.29900000,0.04719528,,157.68200000,252.4260080,-19.5430504
"K2-32 d","K2-32",2,3.48400000,0.02108056,,157.68200000,252.4260080,-19.5430504
"K2-32 c","K2-32",2,3.13400000,0.02548545,,157.68200000,252.4260080,-19.5430504
"K2-366 b","K2-366",1,2.35900000,,,185.94700000,243.6800912,-19.3468837
"Kepler-665 b","Kepler-665",1,2.60000000,,,612.83800000,297.0255947,48.4785669
"K2-33 b","K2-33",1,5.04000000,3.70000000,"M3.3",139.26800000,242.5613635,-19.3193831
"K2-289 b","K2-289",1,9.10000000,,,274.30000000,246.6429443,-15.7925384
"K2-167 b","K2-167",1,2.36509493,,,80.89940000,336.5761233,-18.0116650
"K2-55 b","K2-55",1,4.43000000,0.13843948,,159.52200000,333.7518786,-17.2508002
"Kepler-568 b","Kepler-568",1,2.26000000,,,130.64500000,298.1061315,48.4016448
"K2-168 b","K2-168",1,1.86000000,,,243.93500000,333.1100738,-16.3418863
"K2-169 b","K2-169",1,1.27328671,,,235.86700000,337.0442461,-14.5993376
"K2-170 c","K2-170",1,1.80176470,,,392.87200000,335.4506923,-14.5933554
"K2-170 b","K2-170",1,1.41817537,,,392.87200000,335.4506923,-14.5933554
"K2-265 b","K2-265",2,1.70824866,0.02310000,,138.67100000,342.0316493,-14.4947789
"Kepler-569 b","Kepler-569",1,3.16000000,,,638.30100000,283.5072190,48.5526330
"EPIC 206024342 d","EPIC 206024342",1,2.60000000,,,369.88800000,331.2771441,-14.1218019
"EPIC 206024342 c","EPIC 206024342",1,1.40000000,,,369.88800000,331.2771441,-14.1218019
"K2-57 b","K2-57",1,2.30905002,,,264.21300000,342.6918241,-14.0700007
"K2-58 b","K2-58",1,2.68000000,,,181.74600000,333.8218395,-14.0498570
"K2-58 c","K2-58",1,1.62000000,,,181.74600000,333.8218395,-14.0498570
"K2-58 d","K2-58",1,1.71000000,,,181.74600000,333.8218395,-14.0498570
"K2-59 b","K2-59",1,2.41000000,,,311.31300000,338.9425500,-14.0277270
"K2-59 c","K2-59",1,2.30000000,,,311.31300000,338.9425500,-14.0277270
"Kepler-230 b","Kepler-230",1,4.26000000,,,740.75400000,285.7185682,48.5058038
"K2-60 b","K2-60",1,7.65574700,0.42600000,"G4 V",491.87000000,338.6062312,-13.7318044
"EPIC 206042996 c","EPIC 206042996",1,1.20000000,,,451.76900000,337.5136198,-13.6101475
"K2-61 b","K2-61",1,1.92000000,,,405.73200000,339.6748444,-13.5600447
"K2-171 b","K2-171",1,2.68657205,,,606.12800000,332.3407712,-13.4288624
"K2-367 b","K2-367",1,2.41300000,,,176.96500000,337.8588454,-13.2644554
"K2-172 c","K2-172",1,3.20569097,,,249.74200000,335.3081368,-12.5569819
"Kepler-592 b","Kepler-592",1,2.39000000,,,1153.13000000,285.7907395,48.6832431
"K2-172 b","K2-172",1,1.66608079,,,249.74200000,335.3081368,-12.5569819
"K2-62 b","K2-62",1,2.02000000,,,112.46700000,334.3645089,-12.1874776
"K2-62 c","K2-62",1,1.99000000,,,112.46700000,334.3645089,-12.1874776
"K2-63 c","K2-63",1,3.90000000,,,517.53400000,333.4267738,-12.0663429
"K2-63 b","K2-63",1,3.22000000,,,517.53400000,333.4267738,-12.0663429
"K2-116 b","K2-116",1,0.69000000,,,49.38550000,336.1523363,-11.5793181
"K2-64 b","K2-64",1,2.07000000,,,499.89100000,332.4138478,-11.4286687
"K2-368 b","K2-368",1,1.33200000,,,206.60800000,332.6357627,-11.1661157
"Kepler-593 b","Kepler-593",1,2.87000000,,,973.76000000,294.9513923,48.6511709
"K2-65 b","K2-65",1,1.58000000,,,,333.2125206,-10.9261373
"K2-369 b","K2-369",1,1.31300000,,,185.55000000,329.7262534,-10.8750666
"K2-66 b","K2-66",1,2.49000000,0.06701696,,513.87700000,331.5266563,-10.7115362
"K2-68 b","K2-68",1,1.58000000,,,168.65200000,334.0195539,-10.5673649
"K2-69 b","K2-69",1,2.32000000,,,180.69700000,335.7596816,-10.4886817
"K2-70 b","K2-70",1,2.89000000,,,232.96400000,338.4759328,-10.0849917
"HAT-P-11 b","HAT-P-11",1,,0.07400000,,37.76470000,297.7101763,48.0818635
"Kepler-118 c","Kepler-118",1,7.68000000,,,574.22800000,299.2131881,41.4248195
"Kepler-570 b","Kepler-570",1,2.45000000,,,568.14800000,290.4376111,48.7918597
"K2-71 b","K2-71",1,2.15000000,,,153.19200000,341.7248656,-9.8816109
"K2-72 b","K2-72",1,1.08000000,,,66.43210000,334.6227504,-9.6120084
"K2-73 b","K2-73",1,2.58000000,0.02894644,,269.18300000,335.0256620,-9.0560881
"K2-39 b","K2-39",1,6.27704000,0.09000000,,307.47000000,338.3682095,-9.0229405
"K2-74 b","K2-74",1,2.31000000,,,377.82200000,339.9192984,-8.7145697
"EPIC 206317286 c","EPIC 206317286",1,2.09400000,,,314.35000000,337.6178427,-7.9724560
"K2-28 b","K2-28",1,2.32000000,,"M4",62.99690000,335.6233145,-7.9563525
"Kepler-1976 b","Kepler-1976",1,12.21000000,,,1314.51000000,292.1670600,48.7275345
"K2-75 b","K2-75",1,2.67000000,,,561.93000000,338.8448960,-7.4698950
"K2-75 c","K2-75",1,2.77000000,,,561.93000000,338.8448960,-7.4698950
"Kepler-666 b","Kepler-666",1,2.40000000,,,1508.71000000,298.4568899,48.7915925
"Kepler-166 b","Kepler-166",1,2.27000000,,,603.53000000,293.1600977,48.8812074
"K2-85 b","K2-85",1,1.40000000,0.01006833,,97.21790000,59.4648290,18.4649505
"K2-54 b","K2-54",1,2.61169250,,,174.95500000,338.0541631,-17.5440636
"K2-72 c","K2-72",1,1.16000000,,,66.43210000,334.6227504,-9.6120084
"K2-72 d","K2-72",1,1.01000000,,,66.43210000,334.6227504,-9.6120084
"K2-72 e","K2-72",1,1.29000000,,,66.43210000,334.6227504,-9.6120084
"Kepler-667 b","Kepler-667",1,4.73000000,,,2302.45000000,295.5549918,49.0172956
"K2-77 b","K2-77",1,2.49960270,,,141.73100000,55.2285210,12.5724480
"K2-79 b","K2-79",1,4.15000000,0.01856348,"G1",256.01100000,55.2559307,13.5191871
"K2-80 b","K2-80",1,2.01000000,,,200.80200000,59.0374860,13.5590288
"K2-80 c","K2-80",1,1.47000000,,,200.80200000,59.0374860,13.5590288
"K2-81 b","K2-81",1,1.97000000,,,252.31800000,57.4854562,14.5020556
"K2-83 b","K2-83",1,1.24400000,,,125.52900000,59.9013782,15.5587994
"Kepler-668 b","Kepler-668",1,2.70000000,,,784.61800000,285.4992845,49.2772713
"K2-83 c","K2-83",1,1.48300000,,,125.52900000,59.9013782,15.5587994
"K2-174 b","K2-174",1,2.60000000,,,99.92930000,60.7929729,16.3471660
"K2-84 b","K2-84",1,2.41000000,,,284.87600000,55.8093566,16.6344396
"K2-84 c","K2-84",1,2.03000000,,,284.87600000,55.8093566,16.6344396
"K2-86 b","K2-86",1,1.96000000,,,258.69900000,51.5531053,18.6355718
"Kepler-669 b","Kepler-669",1,4.83000000,,,2063.41000000,291.9361615,49.2539473
"K2-87 b","K2-87",1,7.60000000,,,491.24200000,66.2363638,18.8273617
"K2-88 b","K2-88",1,1.23000000,,,110.56100000,54.7514566,19.1199667
"K2-89 b","K2-89",1,0.61500000,,,86.03860000,57.0671234,20.4594885
"K2-111 b","K2-111",1,1.83700000,0.01683298,"G2",200.39400000,59.8903081,21.2985263
"K2-90 b","K2-90",1,2.60000000,,,134.18800000,59.1527391,22.4724517
"K2-90 c","K2-90",1,1.30000000,,,134.18800000,59.1527391,22.4724517
"Kepler-670 b","Kepler-670",1,13.18000000,,,939.74400000,297.0154644,49.2252988
"K2-91 b","K2-91",1,1.10000000,,,62.57850000,63.2182348,24.2047218
"K2-354 b","K2-354",1,1.56000000,,,91.72200000,129.1299193,10.1472175
"K2-180 b","K2-180",1,2.46597575,0.03590000,,203.89600000,126.4643579,10.2465770
"K2-117 b","K2-117",1,2.03000000,,,101.63200000,133.8557342,10.4692176
"K2-97 b","K2-97",1,13.45077684,0.54900000,,878.43000000,127.7628370,10.8475571
"K2-181 b","K2-181",1,2.69000000,,,360.91100000,127.5541103,10.9101444
"K2-182 b","K2-182",1,2.71257333,0.06600000,,154.83000000,130.1800460,10.9829509
"K2-98 b","K2-98",1,5.06645928,0.10700000,,518.62500000,126.4882114,11.5110933
"K2-371 b","K2-371",1,13.02400000,,,442.81300000,128.0670932,11.6307099
"Kepler-671 b","Kepler-671",1,2.69000000,,,1168.26000000,294.2657519,49.3140933
"K2-330 b","K2-330",1,2.77000000,,,160.12500000,126.8968265,11.6674131
"K2-268 c","K2-268",1,2.69000000,,,327.78300000,133.7094899,11.8482712
"K2-114 b","K2-114",1,10.59248676,2.01000000,,475.75800000,127.8829120,11.9222550
"K2-115 b","K2-115",1,11.80305668,1.01000000,,413.59100000,126.5535002,12.2818510
"K2-372 b","K2-372",1,2.94500000,,,463.88000000,130.7988719,13.0094226
"K2-269 b","K2-269",1,1.57000000,,,360.76000000,130.1551381,13.0146799
"K2-419 A b","K2-419 A",2,10.55000000,0.61700000,,268.68500000,135.0194934,13.2737056
"K2-105 b","K2-105",1,3.40000000,0.04845382,,197.98900000,125.4202985,13.4975122
"K2-270 c","K2-270",1,2.95000000,,,280.51800000,131.2665588,13.5497322
"K2-183 c","K2-183",1,2.30000000,,,329.04100000,125.0071770,14.0194586
"K2-332 b","K2-332",1,2.20000000,,,123.20200000,135.8832666,14.2504994
"K2-184 b","K2-184",1,1.47000000,,,75.58570000,129.1405227,14.4618826
"K2-271 b","K2-271",1,7.28000000,,,564.45400000,125.2239144,16.0907958
"K2-108 b","K2-108",1,5.33000000,,,477.29500000,123.3818484,16.4195160
"K2-335 b","K2-335",1,2.21000000,,,557.99300000,129.3896679,16.5220648
"K2-336 b","K2-336",1,1.22000000,,,239.28900000,133.8382032,16.7940663
"K2-337 b","K2-337",1,2.62000000,,,421.63600000,127.7611370,16.9004702
"K2-119 b","K2-119",1,2.53000000,,,365.58100000,132.0098683,16.9017663
"K2-338 b","K2-338",1,1.03000000,,,156.95100000,124.3609294,17.0241557
"K2-272 b","K2-272",1,3.13000000,,,423.06500000,132.6211743,17.5423852
"K2-121 b","K2-121",1,7.16000000,0.16046394,,169.39800000,126.9366624,17.5793267
"K2-273 b","K2-273",1,3.05000000,,,308.10500000,129.7768928,19.0100046
"K2-340 b","K2-340",1,3.36000000,,,738.13600000,127.9373409,19.0745863
"Kepler-571 b","Kepler-571",1,2.64000000,,,723.87500000,286.5510448,49.4187310
"K2-146 b","K2-146",1,2.05000000,0.01816000,,79.30020000,130.0266951,19.0923416
"EPIC 211945201 b","EPIC 211945201",1,5.76000000,,,181.69000000,136.5741931,19.4020565
"K2-104 b","K2-104",1,1.79000000,,,189.28900000,129.6366594,19.7737202
"K2-100 b","K2-100",1,3.88000000,0.06859047,"G0 V",188.95900000,129.6010863,20.1060074
"K2-375 b","K2-375",1,2.24300000,,,696.10000000,130.5013137,20.3593003
"Kepler-672 b","Kepler-672",1,2.50000000,,,1033.93000000,291.7219993,49.4808492
"K2-122 b","K2-122",2,1.16000000,,,72.04440000,126.4762179,20.3593384
"K2-274 b","K2-274",1,2.08000000,,,228.32700000,129.2823699,20.3992512
"K2-123 b","K2-123",1,2.76000000,,,161.55500000,134.4441404,21.4532748
"K2-345 b","K2-345",1,2.11000000,,,162.40800000,132.7075876,21.7890367
"K2-276 b","K2-276",1,3.77000000,,,488.15200000,125.9528309,22.6339399
"K2-346 b","K2-346",1,2.26000000,,,105.58000000,125.9864854,22.6632260
"K2-124 b","K2-124",1,2.90000000,,,140.38500000,133.6410515,23.1329509
"K2-187 d","K2-187",1,2.40000000,,,330.91600000,132.5235618,23.1924709
"K2-347 b","K2-347",1,2.41000000,,,320.33600000,126.3726821,23.2974061
"K2-188 c","K2-188",1,2.83000000,,,446.82100000,129.8137008,23.3574367
"EPIC 212297394 c","EPIC 212297394",1,2.27000000,,,418.39500000,207.2061241,-17.6098985
"Kepler-538 b","Kepler-538",2,2.21500000,0.04058794,,155.95600000,297.4865503,49.6233975
"K2-277 b","K2-277",1,2.18575124,,,113.12300000,202.0161895,-15.9379749
"K2-189 c","K2-189",1,2.31000000,,,242.11300000,203.6214411,-15.0365158
"K2-278 b","K2-278",1,2.98000000,,,786.43900000,203.3018653,-14.5041057
"K2-349 b","K2-349",1,1.38000000,,,453.56700000,199.0996546,-14.4447454
"K2-350 c","K2-350",1,2.74000000,,,489.36800000,204.0355092,-14.0092516
"Kepler-594 b","Kepler-594",1,2.18000000,,,769.20000000,288.9217259,49.7620237
"K2-126 b","K2-126",1,1.97000000,,,102.95300000,203.5467021,-13.5769705
"K2-190 b","K2-190",1,1.35673729,,,160.67900000,205.3630485,-13.1608686
"K2-191 b","K2-191",1,1.57889322,,,287.18800000,201.6391407,-12.8066737
"K2-110 b","K2-110",1,2.59200000,0.05002699,,116.47400000,207.3497402,-12.2849182
"K2-351 b","K2-351",1,2.54000000,,,694.73400000,206.6522408,-11.8049588
"K2-127 b","K2-127",1,8.37000000,,,709.99900000,207.0782895,-11.5889878
"K2-192 b","K2-192",1,1.52000000,,,221.75300000,206.5823122,-11.5563527
"K2-378 b","K2-378",1,2.88000000,,,687.97300000,205.1596569,-11.1172332
"Kepler-180 c","Kepler-180",1,3.01000000,,,695.65000000,295.5712566,49.7745140
"K2-193 b","K2-193",1,3.95000000,,,411.92300000,205.2371043,-11.0093342
"EPIC 212587672 c","EPIC 212587672",1,2.32000000,,,320.07000000,205.4445125,-10.8625468
"Kepler-154 d","Kepler-154",1,3.84000000,,,915.21200000,289.7805393,49.8965624
"K2-194 b","K2-194",1,3.64229858,,,629.51000000,204.6089755,-8.9271609
"K2-195 b","K2-195",1,3.13000000,,,315.01400000,199.8315191,-8.5095364
"K2-197 b","K2-197",1,2.56000000,,,247.63700000,202.3934779,-7.3739779
"EPIC 212737443 b","EPIC 212737443",1,2.58600000,,"K3",336.25000000,204.2215065,-7.3180577
"Kepler-52 c","Kepler-52",1,1.84000000,0.14284437,,321.54200000,286.7380152,49.9757383
"K2-279 b","K2-279",1,1.21000000,,,182.98300000,204.7792935,-6.0417592
"K2-99 b","K2-99",1,11.88151954,0.87000000,,519.22900000,208.7737624,-5.4424943
"K2-200 b","K2-200",1,1.36439870,,,184.13100000,202.2512060,-4.6100532
"K2-275 b","K2-275",1,2.34000000,,,123.43800000,132.1698795,20.4550162
"K2-275 c","K2-275",1,2.21000000,,,123.43800000,132.1698795,20.4550162
"K2-198 c","K2-198",1,1.42300000,,,110.56700000,198.8436817,-6.4649888
"K2-198 d","K2-198",1,2.43800000,,,110.56700000,198.8436817,-6.4649888
"K2-198 b","K2-198",1,4.18900000,,,110.56700000,198.8436817,-6.4649888
"K2-199 b","K2-199",1,1.73000000,0.02170983,,107.51800000,208.9014508,-6.1360833
"K2-199 c","K2-199",1,2.85000000,0.03901476,,107.51800000,208.9014508,-6.1360833
"Kepler-673 b","Kepler-673",1,6.54000000,,,918.21000000,290.7857595,50.0540561
"K2-173 b","K2-173",1,1.60826194,,,228.64100000,60.3752402,15.6251296
"Kepler-501 b","Kepler-501",1,4.30000000,,,1125.24000000,297.2014919,41.7301534
"Kepler-181 c","Kepler-181",1,1.99000000,,,609.28300000,296.1512831,50.0957806
"K2-179 b","K2-179",1,2.51267885,,,190.81000000,58.7967878,23.7567524
"Kepler-674 b","Kepler-674",1,1.69000000,,,342.25400000,285.1761864,50.1496897
"K2-377 b","K2-377",1,1.69300000,,,195.14900000,202.8978870,-12.0951142
"Kepler-730 c","Kepler-730",1,1.56926000,,,1935.04000000,285.5547895,45.5788420
"Kepler-279 e","Kepler-279",1,,0.17619570,,1037.40000000,287.3912950,42.1948220
"Kepler-289 e","Kepler-289",1,,0.05474652,,704.43800000,297.4653351,42.8828517
"Kepler-675 b","Kepler-675",1,2.44000000,,,665.68000000,293.8334488,50.2303479
"Kepler-676 b","Kepler-676",1,3.04000000,,,295.19600000,296.2220259,50.2873626
"Kepler-1649 c","Kepler-1649",1,1.06000000,,,92.19130000,292.5029676,41.8299933
"Kepler-677 b","Kepler-677",1,5.38000000,,,1954.08000000,290.0980478,50.3215731
"Kepler-678 b","Kepler-678",1,5.14000000,,,1826.15000000,295.4552577,50.4945093
"Kepler-595 c","Kepler-595",1,1.00900000,0.01038291,,643.00900000,294.5703593,50.6730147
"Kepler-483 b","Kepler-483",1,3.21000000,,,860.35500000,291.6467764,41.8846843
"Kepler-182 c","Kepler-182",1,3.43000000,,,1549.09000000,289.8301128,50.5862025
"Kepler-572 b","Kepler-572",1,2.58000000,,,504.66700000,291.2211720,50.5813487
"Kepler-231 c","Kepler-231",1,1.93000000,,,316.61800000,293.9733913,50.5318460
"Kepler-197 c","Kepler-197",2,1.23000000,,,330.57500000,295.2264739,50.5592348
"Kepler-679 b","Kepler-679",1,3.01000000,,,922.24400000,296.0213374,50.5678019
"Kepler-680 b","Kepler-680",1,2.42000000,,,1492.48000000,291.6223810,50.6181793
"Kepler-595 b","Kepler-595",1,3.70800000,0.05474625,,643.00900000,294.5703593,50.6730147
"Kepler-155 b","Kepler-155",1,2.09000000,,,293.49900000,288.4957831,51.0819286
"Kepler-100 c","Kepler-100",1,2.20000000,0.02218167,,304.64500000,291.3861294,41.9901394
"Kepler-1704 b","Kepler-1704",1,11.94877343,4.16000000,,835.45500000,291.2012559,51.1442437
"Kepler-232 b","Kepler-232",1,3.08000000,,,1349.13000000,295.8161668,51.1217249
"Kepler-681 b","Kepler-681",1,3.08000000,,,686.92300000,289.3997364,51.2502428
"Kepler-573 b","Kepler-573",1,2.79000000,,,771.47100000,289.5211955,51.2374057
"Kepler-620 b","Kepler-620",1,3.32000000,,,1355.28000000,291.1593939,51.3348228
"Kepler-233 b","Kepler-233",1,2.43000000,,,856.41700000,296.3665054,51.3194548
"Kepler-554 b","Kepler-554",1,4.29000000,,,690.52500000,296.4068982,51.3581938
"Kepler-596 b","Kepler-596",1,3.46000000,,,1023.85000000,289.5006797,51.6857106
"Kepler-11 c","Kepler-11",1,2.87000000,0.00900000,,646.34600000,297.1150949,41.9091092
"Kepler-682 b","Kepler-682",1,7.37000000,,,1979.25000000,289.1122204,51.7373589
"Kepler-574 b","Kepler-574",1,2.39000000,,,682.89600000,290.2470519,52.1491051
"Kepler-156 b","Kepler-156",1,2.30000000,,,443.48300000,290.2964214,37.7494271
"Kepler-9 c","Kepler-9",1,8.08000000,0.09407545,,628.25700000,285.5739904,38.4008192
"Kepler-234 c","Kepler-234",1,3.51000000,,,1733.10000000,291.6535379,38.4946597
"Kepler-146 c","Kepler-146",1,3.13000000,,,716.79700000,294.1107631,38.7102222
"Kepler-457 d","KOI-7892",1,2.98467257,,,1072.30000000,282.3775397,44.6945690
"Kepler-30 c","Kepler-30",1,12.30000000,2.01000000,,914.22100000,285.2836483,38.9472625
"Kepler-158 c","Kepler-158",1,1.90000000,,,315.17700000,284.0323723,39.7815365
"KOI-7913 b","KOI-7913 A",2,2.34000000,,"K6 V",271.27700000,286.7485252,45.1587234
"Kepler-80 c","Kepler-80",1,2.74000000,0.02120631,"K5",369.45100000,296.1125759,39.9787451
"Kepler-150 d","Kepler-150",1,2.79000000,,,891.09200000,288.2341025,40.5208970
"Kepler-633 c","Kepler-633",1,2.29600000,,,680.54000000,295.2173259,40.5921599
"Kepler-159 c","Kepler-159",1,3.41000000,,,373.74400000,297.0702037,40.8687340
"Kepler-202 c","Kepler-202",1,1.85000000,,,285.11100000,282.9734874,41.3217991
"Kepler-203 c","Kepler-203",1,2.47000000,,,703.30200000,297.0899590,41.3880686
"Kepler-170 c","Kepler-170",1,2.86000000,,,738.65700000,284.5211975,41.6296562
"Kepler-172 c","Kepler-172",1,2.86000000,,,828.59200000,283.3684093,41.8218390
"Kepler-205 c","Kepler-205",1,1.64000000,,,159.72000000,285.2866912,41.8609357
"Kepler-196 c","Kepler-196",1,2.24000000,,,451.31200000,284.9685077,42.0791214
"Kepler-245 d","Kepler-245",1,3.03000000,,,861.52700000,291.6389972,42.4363482
"Kepler-28 c","Kepler-28",1,1.85700000,0.00648148,,438.35900000,292.1370409,42.4294835
"Kepler-81 c","Kepler-81",1,2.37000000,,,348.29100000,293.6369437,42.8248275
"Kepler-82 c","Kepler-82",1,5.34000000,0.04373407,,904.32600000,292.8733696,42.9661583
"Kepler-712 c","Kepler-712",1,4.85000000,,,872.49300000,294.9096739,42.9351987
"Kepler-247 d","Kepler-247",1,3.94000000,,,663.71100000,288.6425609,43.0393769
"Kepler-184 c","Kepler-184",1,1.97000000,,,610.32600000,291.9518784,43.0746172
"Kepler-210 b","Kepler-210",1,2.94000000,,,232.75000000,292.5034196,43.0832188
"Kepler-248 b","Kepler-248",1,3.02000000,,,738.79200000,293.0613138,43.5813577
"Kepler-83 d","Kepler-83",2,1.94000000,,,400.40900000,282.2325197,43.6655662
"Kepler-1711 b","Kepler-1711",1,1.92300000,,,590.26800000,298.1772916,42.2370289
"Kepler-174 c","Kepler-174",1,1.49000000,,,384.75700000,287.4389454,43.8320052
"Kepler-186 d","Kepler-186",1,1.40000000,,"M1",177.59400000,298.6527360,43.9549884
"Kepler-55 b","Kepler-55",1,2.43000000,,,578.79600000,285.1683291,44.0264898
"Kepler-251 d","Kepler-251",1,2.77000000,,,924.62500000,296.5662171,44.1058077
"Kepler-253 d","Kepler-253",1,3.17000000,,,838.59500000,291.8419337,44.8581240
"Kepler-561 c","Kepler-561",1,2.68000000,,,621.37800000,293.7471107,45.1071981
"Kepler-215 b","Kepler-215",1,1.62000000,,,485.99700000,294.9735313,45.2136867
"Kepler-62 b","Kepler-62",1,1.31000000,0.03000000,"K2 V",300.87400000,283.2125621,45.3496992
"Kepler-192 c","Kepler-192",1,2.79000000,,,651.67400000,287.9179379,45.5928829
"Kepler-33 f","Kepler-33",1,4.46000000,,,1209.16000000,289.0775348,46.0051696
