pl_name,hostname,sy_snum,pl_rade,pl_bmassj,st_spectype,sy_dist
"Kepler-6 b","Kepler-6",1,14.61653600,0.66800000,,587.03900000
"Kepler-491 b","Kepler-491",1,8.92000000,,,630.78500000
"Kepler-257 b","Kepler-257",1,2.61000000,,,780.25600000
"Kepler-216 b","Kepler-216",1,2.35000000,,,1187.47000000
"Kepler-32 c","Kepler-32",1,2.00000000,0.50000000,,323.84700000
"Kepler-259 c","Kepler-259",1,2.70000000,,,1002.14000000
"Kepler-148 c","Kepler-148",1,3.60000000,,,791.16300000
"Kepler-222 d","Kepler-222",1,3.69000000,,,758.85400000
"Kepler-29 c","Kepler-29",1,2.34000000,0.01415851,,832.53200000
"Kepler-179 b","Kepler-179",1,1.64000000,,,605.68000000
"Kepler-165 c","Kepler-165",1,2.23000000,,,560.88500000
"Kepler-228 c","Kepler-228",1,2.70000000,,,1644.61000000
"Kepler-20 c","Kepler-20",2,2.89400000,0.03492451,,282.56300000
"Kepler-166 d","Kepler-166",1,1.73000000,,,603.53000000
"Kepler-52 b","Kepler-52",1,2.10000000,0.42475750,,321.54200000
"Kepler-197 d","Kepler-197",2,1.22000000,,,330.57500000
"K2-183 d","K2-183",1,2.30000000,,,329.04100000
"K2-187 e","K2-187",1,1.90000000,,,330.91600000
"K2-187 c","K2-187",1,1.40000000,,,330.91600000
"K2-270 b","K2-270",1,1.38000000,,,280.51800000
"Kepler-184 d","Kepler-184",1,2.49000000,,,610.32600000
"Kepler-257 d","Kepler-257",1,4.95000000,,,780.25600000
"K2-280 b","K2-280",1,7.50000000,0.11672965,,391.53700000
"K2-381 c","K2-381",1,2.00000000,,,145.70100000
"Kepler-222 c","Kepler-222",1,4.64000000,,,758.85400000
"HATS-36 b","HATS-36",1,12.92000000,,,856.43600000
"Kepler-229 b","Kepler-229",1,2.20000000,,,826.26500000
"K2-222 b","K2-222",1,2.27500000,0.02359764,"G0",101.32100000
"K2-214 b","K2-214",1,2.51000000,,,300.64000000
"K2-220 b","K2-220",1,2.37000000,,,233.51400000
"K2-216 b","K2-216",1,1.75000000,0.02517069,"K5 V",115.46100000
"K2-212 b","K2-212",1,2.65000000,,,109.21800000
"Kepler-166 c","Kepler-166",1,2.38000000,,,603.53000000
"K2-151 b","K2-151",2,1.49000000,,,69.47980000
"K2-295 b","K2-295",1,10.05447300,0.33500000,"K5 V",232.80100000
"K2-282 b","K2-282",1,2.50000000,,,496.28900000
"K2-283 b","K2-283",1,3.52000000,,,402.91500000
"K2-281 b","K2-281",1,8.18000000,,,458.13900000
"K2-387 b","K2-387",1,7.32200000,,,266.31800000
"Kepler-197 b","Kepler-197",2,1.02000000,,,330.57500000
"K2-156 b","K2-156",1,1.10000000,,,150.21000000
"K2-157 b","K2-157",1,0.93500000,0.00360000,"G9 V",298.37300000
"K2-158 b","K2-158",1,2.64000000,,,197.29900000
"K2-244 b","K2-244",1,1.75000000,,,212.90200000
"Kepler-108 c","Kepler-108",2,8.18000000,,,338.73200000
"K2-159 b","K2-159",1,2.26000000,,,170.99800000
"K2-160 b","K2-160",1,3.17824034,,,315.36300000
"K2-161 b","K2-161",1,6.11721229,,,916.31900000
"K2-162 b","K2-162",1,1.44000000,,,124.43300000
"K2-163 b","K2-163",1,2.46610713,,,208.52900000
"K2-165 b","K2-165",1,1.27443657,,,134.59100000
"K2-165 c","K2-165",1,1.55409035,,,134.59100000
"K2-165 d","K2-165",1,2.64809498,,,134.59100000
"Kepler-477 b","Kepler-477",2,2.07000000,,,
"Kepler-108 b","Kepler-108",2,8.65000000,,,338.73200000
"EPIC 201595106 b","EPIC 201595106",1,1.56500000,0.02413252,,232.10000000
"K2-166 b","K2-166",1,2.19000000,,,476.88200000
"K2-175 b","K2-175",1,2.03803688,,,247.26600000
"K2-176 b","K2-176",1,1.49090097,,,247.30200000
"K2-177 b","K2-177",1,2.11620480,,,492.16700000
"K2-178 b","K2-178",1,3.55790985,,,214.75300000
"Kepler-9 d","Kepler-9",1,1.64000000,,,628.25700000
"K2-183 b","K2-183",1,1.10000000,,,329.04100000
"K2-185 b","K2-185",1,1.15000000,,,268.35700000
"K2-185 c","K2-185",1,2.39000000,,,268.35700000
"K2-263 b","K2-263",1,2.51300000,0.04845382,"G9 V",162.48100000
"K2-186 b","K2-186",1,3.17207779,,,330.73900000
"K2-341 b","K2-341",1,3.21000000,,,421.40800000
"K2-187 b","K2-187",1,1.20000000,,,330.91600000
"K2-188 b","K2-188",1,1.35000000,,,446.82100000
"K2-189 b","K2-189",1,1.40300000,,,242.11300000
"K2-190 c","K2-190",1,1.09308317,,,160.67900000
"K2-195 c","K2-195",1,2.57581891,,,315.01400000
"K2-196 b","K2-196",1,3.59970536,,,584.87700000
"Kepler-42 b","Kepler-42",1,0.78000000,,"M",40.05950000
"K2-201 b","K2-201",1,1.40006712,,,197.93200000
"K2-201 c","K2-201",1,3.28568401,,,197.93200000
"K2-202 b","K2-202",1,2.30165603,,,300.39700000
"K2-381 b","K2-381",1,1.07500000,,,145.70100000
"K2-381 d","K2-381",1,1.68900000,,,145.70100000
"K2-382 b","K2-382",1,2.07200000,,,278.41200000
"K2-383 b","K2-383",1,1.56400000,,,203.78800000
"K2-203 b","K2-203",1,1.26549392,,,166.14700000
"K2-204 b","K2-204",1,3.17214154,,,577.23500000
"K2-205 b","K2-205",1,1.99552771,,,405.30100000
"K2-206 b","K2-206",1,2.79522879,,,244.44300000
"K2-207 b","K2-207",1,2.60585269,,,363.06400000
"K2-208 b","K2-208",1,1.67462172,,,256.88700000
"K2-209 b","K2-209",1,0.86850263,,,76.49860000
"K2-210 b","K2-210",1,0.86000000,,,176.51000000
"K2-211 b","K2-211",1,1.33162691,,,272.29700000
"K2-213 b","K2-213",1,1.51398464,,,389.70200000
"K2-215 b","K2-215",1,2.12381238,,,403.96400000
"K2-217 b","K2-217",1,3.57854073,,,381.87800000
"K2-218 b","K2-218",1,2.56948149,,,394.08300000
"K2-219 b","K2-219",1,1.34762583,,,325.40000000
"K2-219 c","K2-219",1,1.43839723,,,325.40000000
"K2-219 d","K2-219",1,2.57634456,,,325.40000000
"K2-221 b","K2-221",1,1.67890272,,,318.81000000
"K2-223 b","K2-223",1,0.89000000,,,198.60400000
"K2-223 c","K2-223",1,1.50000000,,,198.60400000
"K2-224 b","K2-224",1,1.56000000,,,275.25500000
"K2-224 c","K2-224",1,2.41000000,,,275.25500000
"K2-225 b","K2-225",1,3.60929179,,,357.77800000
"K2-226 b","K2-226",1,1.53899305,,,211.26500000
"K2-227 b","K2-227",1,1.66551298,,,187.23400000
"K2-228 b","K2-228",1,1.21000000,,,129.46000000
"K2-229 b","K2-229",1,1.00000000,,,102.56400000
"K2-229 c","K2-229",1,2.03000000,,,102.56400000
"K2-230 b","K2-230",1,1.96000000,,,540.77300000
"EPIC 229004835 b","EPIC 229004835",1,2.33200000,0.03272206,,121.97100000
"K2-259 b","K2-259",1,2.32000000,,,416.45700000
"K2-80 d","K2-80",1,2.55211506,,,200.80200000
"EPIC 228836835 b","EPIC 228836835",1,1.10000000,,,150.12400000
"K2-331 c","K2-331",1,2.72000000,,,211.43000000
"K2-333 b","K2-333",1,6.18000000,,,343.99000000
"K2-334 b","K2-334",1,5.65000000,,,371.82300000
"K2-342 b","K2-342",1,2.03000000,,,208.35700000
"K2-343 c","K2-343",1,2.02000000,,,166.16900000
"K2-344 b","K2-344",1,1.59000000,,,75.16910000
"K2-348 b","K2-348",1,3.26000000,,,201.85600000
"K2-348 c","K2-348",1,2.67000000,,,201.85600000
"K2-352 c","K2-352",1,1.92000000,,,176.05100000
"K2-352 d","K2-352",1,2.23000000,,,176.05100000
"G 9-40 b","G 9-40",1,1.90000000,0.01258541,,27.92760000
"HD 80653 b","HD 80653",1,1.62100000,0.01765103,"G0 V",109.86000000
"Kepler-21 b","Kepler-21",2,1.63900000,0.02359764,,108.52200000
"Kepler-8 b","Kepler-8",1,15.87194400,0.59000000,,1021.87000000
"TOI-4588 b","TOI-4588",1,2.92922558,,,225.18100000
"KOI-984 b","KOI-984",1,4.30000000,,,252.66700000
"Kepler-505 b","Kepler-505",1,2.60000000,,,283.41000000
"Kepler-745 b","Kepler-745",1,2.16000000,,,1780.38000000
"Kepler-262 c","Kepler-262",1,1.64000000,,,613.12900000
"Kepler-748 b","Kepler-748",1,2.52000000,,,1705.99000000
"Kepler-264 b","Kepler-264",1,3.33000000,,,942.17300000
"HD 73344 b","HD 73344",1,2.88400000,0.03297377,"F6 V",35.26000000
"Kepler-1732 b","Kepler-1732",1,4.09903273,,,1289.41000000
"Kepler-263 b","Kepler-263",1,2.67000000,,,754.74700000
"Kepler-261 b","Kepler-261",1,2.18000000,,,317.49900000
"K2-368 d","K2-368",1,1.94800000,,,206.60800000
"K2-368 c","K2-368",1,1.36100000,,,206.60800000
"Kepler-1733 b","Kepler-1733",1,3.63582354,,,2080.51000000
"Kepler-754 b","Kepler-754",1,2.01000000,,,1770.27000000
"K2-373 b","K2-373",1,2.06100000,,,229.56700000
"Kepler-753 b","Kepler-753",1,1.91000000,,,274.76700000
"K2-339 b","K2-339",1,1.92000000,,,360.36000000
"Kepler-752 b","Kepler-752",1,2.81000000,,,1232.29000000
"K2-343 b","K2-343",1,1.65000000,,,166.16900000
"Kepler-766 b","Kepler-766",1,3.39000000,,,2297.62000000
"Kepler-771 b","Kepler-771",1,1.82000000,,,1393.85000000
"EPIC 212624936 c","EPIC 212624936",1,2.30000000,,,561.92900000
"Kepler-773 b","Kepler-773",1,1.43000000,,,547.02600000
"K2-379 b","K2-379",1,2.18100000,,,182.20700000
"K2-380 b","K2-380",1,2.72900000,,,249.30300000
"Kepler-767 b","Kepler-767",1,6.64000000,,,2251.03000000
"Kepler-260 b","Kepler-260",1,2.01000000,,,627.36500000
"Kepler-268 b","Kepler-268",1,2.55000000,,,851.87000000
"K2-384 f","K2-384",1,2.22200000,,"M4 V",82.66030000
"K2-384 d","K2-384",1,1.39200000,,"M4 V",82.66030000
"K2-384 c","K2-384",1,1.19100000,,"M4 V",82.66030000
"K2-384 e","K2-384",1,1.34500000,,"M4 V",82.66030000
"K2-385 b","K2-385",1,1.53900000,,,420.81900000
"Kepler-1736 b","Kepler-1736",1,3.87658560,,,1430.00000000
"K2-386 b","K2-386",1,2.32000000,,,428.78500000
"Kepler-774 b","Kepler-774",1,3.17000000,,,917.80400000
"Kepler-772 b","Kepler-772",1,1.82000000,,,1130.21000000
"K2-268 d","K2-268",1,1.49000000,,,327.78300000
"K2-268 f","K2-268",1,2.23000000,,,327.78300000
"K2-268 e","K2-268",1,1.33000000,,,327.78300000
"K2-393 b","K2-393",1,2.35200000,,,265.91400000
"K2-394 b","K2-394",1,1.69200000,,,98.01520000
"Kepler-119 b","Kepler-119",1,3.60000000,,,701.99600000
"11 UMi b","11 UMi",1,,14.74000000,,125.32100000
"14 And b","14 And",1,,3.55900000,"K0 III",75.43920000
"14 Her b","14 Her",1,,8.90000000,"K0",17.93230000
"16 Cyg B b","16 Cyg B",3,,1.78000000,,21.13970000
"18 Del b","18 Del",2,,9.20700000,"G6 III",76.22200000
"1RXS J160929.1-210524 b","1RXS J160929.1-210524",1,,8.00000000,"K7 V",139.13500000
"24 Sex b","24 Sex",1,,1.99000000,,72.06910000
"24 Sex c","24 Sex",1,,0.86000000,,72.06910000
"2MASS J12073346-3932539 b","2MASS J12073346-3932539",1,15.69257298,5.20000000,"M8",64.30800000
"2MASS J04414489+2301513 b","2MASS J04414489+2301513",1,,7.50000000,"M8.5",
"47 UMa b","47 UMa",1,,2.53000000,,13.79670000
"47 UMa c","47 UMa",1,,0.54000000,,13.79670000
"47 UMa d","47 UMa",1,,1.64000000,,13.79670000
"4 UMa b","4 UMa",1,,7.90200000,"K1 III",73.46030000
"Kepler-770 b","Kepler-770",1,2.30000000,,,930.45700000
"51 Peg b","51 Peg",1,,0.61000000,,15.46140000
"55 Cnc b","55 Cnc",2,,0.86839311,"G8 V",12.58550000
"55 Cnc c","55 Cnc",2,,0.17808352,"G8 V",12.58550000
"55 Cnc d","55 Cnc",2,,3.82000000,"G8 V",12.58550000
"55 Cnc e","55 Cnc",2,1.87500000,0.02513923,,12.58550000
"55 Cnc f","55 Cnc",2,,0.15259807,"G8 V",12.58550000
"61 Vir b","61 Vir",1,,0.01600000,"G5 V",8.50332000
"61 Vir c","61 Vir",1,,0.05700000,"G5 V",8.50332000
"61 Vir d","61 Vir",1,,0.07200000,"G5 V",8.50332000
"6 Lyn b","6 Lyn",1,,1.88100000,"K0 IV",54.65990000
"70 Vir b","70 Vir",1,,7.41600000,,17.90110000
"7 CMa b","7 CMa",1,,1.85000000,,19.81010000
"81 Cet b","81 Cet",1,,3.30700000,"G5 III",101.26000000
"AB Pic b","AB Pic",1,,13.50000000,"K2 V",50.04750000
"BD-08 2823 b","BD-08 2823",1,,0.04000000,,41.33420000
"BD-08 2823 c","BD-08 2823",1,,0.33000000,"K3 V",41.33420000
"BD-10 3166 b","BD-10 3166",1,,0.59000000,,84.40690000
"BD+14 4559 b","BD+14 4559",1,,1.04000000,,49.35200000
"BD-17 63 b","BD-17 63",1,,5.16000000,,34.46030000
"BD+20 2457 b","BD+20 2457",1,,21.42000000,"K2 II",1539.71000000
"BD+20 2457 c","BD+20 2457",1,,12.47000000,"K2 II",1539.71000000
"BD+48 738 b","BD+48 738",1,,0.91000000,"K0 III",871.49300000
"bet Pic b","bet Pic",1,,8.70000000,"A6 V",19.74420000
"CoRoT-10 b","CoRoT-10",1,10.87000000,2.75000000,"K1 V",338.38600000
"CoRoT-11 b","CoRoT-11",1,16.03000000,2.33000000,"F6 V",655.03700000
"CoRoT-12 b","CoRoT-12",1,16.14000000,0.91700000,,1126.37000000
"CoRoT-13 b","CoRoT-13",1,9.92000000,1.30800000,"G0 V",1148.93000000
"CoRoT-14 b","CoRoT-14",1,12.22000000,7.60000000,"F9 V",1744.60000000
"CoRoT-17 b","CoRoT-17",1,11.43000000,2.43000000,"G2 V",1176.12000000
"CoRoT-18 b","CoRoT-18",1,14.68000000,3.47000000,"G9 V",764.88900000
"CoRoT-19 b","CoRoT-19",1,14.46000000,1.11000000,"F9 V",790.66300000
"CoRoT-1 b","CoRoT-1",1,16.70000000,1.03000000,"G0 V",787.90900000
"CoRoT-20 b","CoRoT-20",1,,4.30000000,,844.06100000
"CoRoT-23 b","CoRoT-23",1,11.77000000,2.80000000,"G0 V",1060.97000000
"CoRoT-2 b","CoRoT-2",2,16.43200000,3.47000000,,213.28300000
"CoRoT-3 b","CoRoT-3",1,11.32000000,21.66000000,"F3 V",768.77100000
"CoRoT-4 b","CoRoT-4",1,13.34000000,0.72000000,,726.41200000
"CoRoT-5 b","CoRoT-5",1,15.55800000,0.46700000,"F9 V",882.47200000
"CoRoT-6 b","CoRoT-6",1,13.06800000,2.96000000,"F9 V",645.29400000
"CoRoT-7 b","CoRoT-7",1,1.68135000,0.01282637,,159.90600000
"Kepler-24 c","Kepler-24",1,2.51400000,0.03143206,,1156.81000000
"CoRoT-7 c","CoRoT-7",1,,0.02642922,,159.90600000
"CoRoT-8 b","CoRoT-8",1,6.39000000,0.22000000,"K1 V",322.03700000
"CoRoT-9 b","CoRoT-9",2,11.94879400,0.84000000,,412.98000000
"CT Cha b","CT Cha",1,24.66000000,17.00000000,,190.72000000
"DP Leo b","DP Leo",2,,6.05000000,,305.68400000
"eps Eri b","eps Eri",1,,1.00000000,,3.20260000
"eps Tau b","eps Tau",1,,7.19000000,"K0 III",47.52852000
"gam1 Leo b","gam1 Leo",2,,8.78000000,,39.88830000
"gam Cep b","gam Cep",2,,6.60000000,"K1 III-IV",14.10240000
"GJ 1214 b","GJ 1214",1,2.73300000,0.02646082,,14.64270000
"GJ 3021 b","GJ 3021",2,,3.37000000,"G6 V",17.55590000
"GJ 317 b","GJ 317",1,,1.68800000,"M3.5 V",15.19680000
"GJ 3634 b","GJ 3634",1,,0.02600000,"M2.5",20.37790000
"GJ 433 b","GJ 433",1,,0.01901331,,9.06456000
"GJ 436 b","GJ 436",1,4.17000000,0.07000000,,9.75321000
"GJ 649 b","GJ 649",1,,0.25800000,"M1.0",10.37960000
"GJ 667 C b","GJ 667 C",3,,,,7.24396000
"GJ 667 C c","GJ 667 C",3,,0.01200000,"M1.5 V",7.24396000
"GJ 674 b","GJ 674",1,,0.03500000,"M2.5",4.54896000
"GJ 676 A b","GJ 676 A",2,,5.79200000,,16.02720000
"GJ 832 b","GJ 832",1,,0.99000000,"M2/3 V",4.96435000
"GJ 849 b","GJ 849",1,,0.89300000,"M3.5",8.80058000
"GJ 179 b","GJ 179",1,,0.82000000,"M3.5 V",12.35600000
"GJ 581 b","GJ 581",1,,0.06450021,"M3.0 V",6.29810000
"GJ 581 c","GJ 581",1,,0.02142666,"M3.0 V",6.29810000
"GJ 581 e","GJ 581",1,,0.00780295,"M3.0 V",6.29810000
"GJ 86 b","GJ 86",2,,4.42000000,,10.78360000
"GJ 876 b","GJ 876",1,,2.27560000,,4.67517000
"GJ 876 c","GJ 876",1,,0.71420000,,4.67517000
"GJ 876 d","GJ 876",1,,0.02100000,,4.67517000
"GJ 876 e","GJ 876",1,,0.04600000,,4.67517000
"GQ Lup b","GQ Lup",1,33.60000000,20.00000000,"K7e V",151.16900000
"GSC 06214-00210 b","GSC 06214-00210",1,,16.00000000,"K7",108.50000000
"HAT-P-12 b","HAT-P-12",1,10.74900000,0.21100000,"K4",142.75100000
"HAT-P-13 b","HAT-P-13",1,14.25800000,0.85100000,,246.81000000
"HAT-P-13 c","HAT-P-13",1,,14.28000000,,246.81000000
"HAT-P-14 b","HAT-P-14",2,15.91678000,3.44000000,,222.66300000
"HAT-P-15 b","HAT-P-15",1,11.88154000,1.94000000,,192.51600000
"HAT-P-16 b","HAT-P-16",3,14.68376472,,"F8",226.63700000
"HAT-P-17 b","HAT-P-17",1,11.76945000,0.58000000,,92.38310000
"Kepler-123 b","Kepler-123",1,2.94000000,,,1021.66000000
"Kepler-769 b","Kepler-769",1,2.92000000,,,1169.57000000
"HAT-P-17 c","HAT-P-17",1,,3.40000000,,92.38310000
"HAT-P-18 b","HAT-P-18",1,11.15300000,0.19700000,"K2",161.40000000
"HAT-P-19 b","HAT-P-19",1,11.29865255,0.27700000,,202.07800000
"HAT-P-1 b","HAT-P-1",2,14.78467100,0.52500000,,158.97900000
"HAT-P-20 b","HAT-P-20",1,9.71800000,7.24600000,"K3",71.03740000
"HAT-P-21 b","HAT-P-21",1,12.44199000,4.87000000,,277.27800000
"HAT-P-22 b","HAT-P-22",2,12.89035000,2.47000000,,81.76470000
"HAT-P-23 b","HAT-P-23",1,15.33400000,2.09000000,"G0",364.81300000
"HAT-P-24 b","HAT-P-24",2,14.57170000,0.75000000,,415.34400000
"HAT-P-25 b","HAT-P-25",1,12.72221500,0.56900000,,300.38400000
"HAT-P-26 b","HAT-P-26",1,7.06167000,0.07000000,,141.83700000
"HAT-P-27 b","HAT-P-27",2,11.43000000,0.62000000,,199.17300000
"HAT-P-28 b","HAT-P-28",1,13.58500000,0.62600000,"G3",401.31900000
"HAT-P-29 b","HAT-P-29",2,13.11453000,0.88000000,,313.57600000
"HAT-P-2 b","HAT-P-2",1,,8.62000000,"F8",127.77400000
"HAT-P-30 b","HAT-P-30",2,16.14096000,0.83000000,,213.98500000
"HAT-P-31 b","HAT-P-31",1,12.21781000,2.27000000,,344.05000000
"HAT-P-32 b","HAT-P-32",2,22.19382000,0.68000000,,289.20500000
"HAT-P-33 b","HAT-P-33",2,20.73665000,0.92000000,,396.11000000
"HAT-P-34 b","HAT-P-34",1,13.41717300,3.33000000,,249.32500000
"Kepler-1735 b","Kepler-1735",1,1.19429134,,,245.30300000
"HAT-P-35 b","HAT-P-35",3,14.93038800,1.05600000,,506.96500000
"HAT-P-36 b","HAT-P-36",1,14.31389300,1.84820000,,294.41900000
"HAT-P-37 b","HAT-P-37",1,13.20400000,1.16900000,,390.59400000
"HAT-P-3 b","HAT-P-3",2,10.53646000,0.65000000,,134.55400000
"HAT-P-4 b","HAT-P-4",2,14.28000000,0.67100000,,320.45100000
"HAT-P-5 b","HAT-P-5",1,13.56289000,0.98000000,,303.33600000
"HAT-P-6 b","HAT-P-6",1,16.58932000,1.32000000,,275.35800000
"HAT-P-8 b","HAT-P-8",3,15.69260000,1.28000000,,211.55300000
"HAT-P-9 b","HAT-P-9",1,15.61413700,0.74900000,,455.20300000
"HD 100655 b","HD 100655",2,,1.61000000,,137.17800000
"Kepler-765 b","Kepler-765",1,2.43000000,,,1076.28000000
"HD 100777 b","HD 100777",1,,1.23000000,"G8 V",49.53360000
"HD 10180 c","HD 10180",1,,0.04160000,,38.96070000
"HD 10180 d","HD 10180",1,,0.03780000,,38.96070000
"HD 10180 e","HD 10180",1,,0.08050000,,38.96070000
"HD 10180 f","HD 10180",1,,0.07220000,,38.96070000
"HD 10180 g","HD 10180",1,,0.07320000,,38.96070000
"HD 10180 h","HD 10180",1,,0.20660000,,38.96070000
"HD 101930 b","HD 101930",2,,0.25000000,,30.02740000
"HD 102117 b","HD 102117",1,,0.17000000,,39.57920000
"HD 102195 b","HD 102195",1,,0.41000000,,29.33860000
"Kepler-763 d","Kepler-763",1,1.67000000,,,962.45900000
"HD 102272 b","HD 102272",1,,4.94000000,,347.09700000
"HD 102329 b","HD 102329",1,,8.16000000,,217.10700000
"HD 102956 b","HD 102956",2,,0.96000000,,121.89000000
"HD 103197 b","HD 103197",1,,0.09000000,,57.14630000
"HD 104067 b","HD 104067",1,,0.19538845,,20.36320000
"HD 104985 b","HD 104985",1,,5.55900000,"G9 III",100.57600000
"HD 106252 b","HD 106252",1,,10.00000000,"G0",38.18500000
"HD 106270 b","HD 106270",1,,10.13000000,,93.80800000
"HD 10647 b","HD 10647",1,,0.94000000,"F9 V",17.33570000
"HD 10697 b","HD 10697",1,,5.74300000,,33.12050000
"HD 107148 b","HD 107148",2,,0.21000000,,49.41560000
"HD 108147 b","HD 108147",1,,0.26100000,,38.92000000
"HD 108863 b","HD 108863",1,,2.41400000,,164.74200000
"HD 108874 b","HD 108874",1,,1.42000000,,59.51750000
"HD 108874 c","HD 108874",1,,0.99000000,"G5",59.51750000
"HD 109246 b","HD 109246",1,,0.86000000,,67.83490000
"HD 109749 b","HD 109749",2,,0.27000000,"G3 V",63.08210000
"HD 110014 b","HD 110014",1,,11.09000000,"K2 III",100.75800000
"HD 111232 b","HD 111232",1,,7.96500000,,28.95710000
"HD 113538 b","HD 113538",1,,0.36000000,"K9 V",16.28170000
"HD 113538 c","HD 113538",1,,0.93000000,"K9 V",16.28170000
"HD 114386 b","HD 114386",1,,1.14000000,,27.92430000
"HD 114729 b","HD 114729",2,,0.82500000,,37.80630000
"HD 114783 b","HD 114783",1,,1.10000000,"K0",21.06280000
"HD 11506 b","HD 11506",1,,4.80000000,"G0 V",51.26100000
"HD 11506 c","HD 11506",1,,0.40000000,"G0 V",51.26100000
"HD 116029 b","HD 116029",2,,1.40000000,,123.24500000
"HD 117207 b","HD 117207",1,,1.92600000,,32.35470000
"HD 117618 b","HD 117618",1,,0.17400000,,37.77810000
"HD 118203 b","HD 118203",1,12.77823800,2.14000000,,92.25890000
"HD 11964 b","HD 11964",2,,0.62200000,,33.53690000
"HD 11964 c","HD 11964",2,,0.07880000,,33.53690000
"HD 11977 b","HD 11977",1,,6.54000000,,67.93310000
"HD 121504 b","HD 121504",1,,1.51000000,,41.65920000
"HD 125595 b","HD 125595",1,,0.02000000,,28.19890000
"HD 125612 b","HD 125612",2,,2.97400000,,57.62070000
"HD 125612 c","HD 125612",2,,0.04900000,,57.62070000
"HD 125612 d","HD 125612",2,,7.17800000,,57.62070000
"Kepler-744 b","Kepler-744",1,1.62000000,,,449.96400000
"HD 126525 b","HD 126525",1,,0.23700000,,37.65060000
"HD 126614 b","HD 126614",3,,0.33900000,,73.09610000
"HD 12661 b","HD 12661",1,,2.43000000,,37.84780000
"HD 12661 c","HD 12661",1,,1.81200000,,37.84780000
"HD 128311 b","HD 128311",1,,1.76900000,,16.32920000
"HD 128311 c","HD 128311",1,,3.78900000,,16.32920000
"HD 129445 b","HD 129445",1,,1.60000000,"G6 V",67.43860000
"HD 130322 b","HD 130322",1,,1.15000000,,31.87660000
"HD 131496 b","HD 131496",1,,1.80000000,,131.84900000
"Kepler-764 b","Kepler-764",1,1.64000000,,,1047.84000000
"HD 13189 b","HD 13189",1,,10.95000000,,497.82300000
"HD 132406 b","HD 132406",1,,5.94000000,,70.78320000
"HD 132563 b","HD 132563",3,,1.49000000,,105.15500000
"HD 134060 b","HD 134060",1,,0.03180000,"G3 IV",24.01250000
"HD 134060 c","HD 134060",1,,0.09220000,"G3 IV",24.01250000
"HD 134987 b","HD 134987",1,,1.61000000,,26.18040000
"HD 134987 c","HD 134987",1,,0.82000000,"G5 V",26.18040000
"HD 136352 b","HD 136352",1,1.66400000,0.01485078,,14.68200000
"HD 136352 c","HD 136352",1,2.91600000,0.03536499,,14.68200000
"HD 136352 d","HD 136352",1,2.56200000,0.02775082,,14.68200000
"Kepler-112 b","Kepler-112",1,2.36000000,,,513.20600000
"HD 136418 b","HD 136418",1,,2.14000000,,105.16800000
"HD 137388 b","HD 137388",1,,0.20000000,,40.48410000
"HD 13808 b","HD 13808",1,,0.03523896,"K2 V",28.23050000
"HD 13808 c","HD 13808",1,,0.03133751,"K2 V",28.23050000
"HD 13931 b","HD 13931",1,,2.20000000,,47.39630000
"HD 139357 b","HD 139357",1,,19.87100000,,112.09000000
"HD 141937 b","HD 141937",1,,11.30000000,"G1 V",33.36220000
"HD 142022 A b","HD 142022 A",2,,4.44000000,,34.28020000
"HD 142245 b","HD 142245",3,,3.07000000,,97.23050000
"HD 142415 b","HD 142415",1,,1.67000000,,35.53180000
"Kepler-267 b","Kepler-267",1,1.98000000,,,264.99300000
"HD 142 b","HD 142",2,,1.24900000,,26.18530000
"HD 143361 b","HD 143361",1,,3.53200000,,68.51460000
"HD 145377 b","HD 145377",1,,6.02000000,,53.48840000
"HD 145457 b","HD 145457",1,,2.79400000,,135.29200000
"HD 1461 b","HD 1461",1,,0.02026240,"G0 V",23.45340000
"HD 1461 c","HD 1461",1,,0.01758802,"G0 V",23.45340000
"HD 147018 b","HD 147018",1,,2.12000000,"G9 V",40.42560000
"HD 147018 c","HD 147018",1,,6.56000000,"G9 V",40.42560000
"HD 147513 b","HD 147513",2,,1.21000000,,12.90320000
"HD 148156 b","HD 148156",1,,0.85000000,,57.12890000
"HD 148427 b","HD 148427",1,,1.20000000,"K0 III- IV",71.34990000
"HD 149026 b","HD 149026",1,8.29466000,0.38000000,,75.86430000
"HD 149143 b","HD 149143",1,,1.33000000,"G0",73.28010000
"HD 1502 b","HD 1502",1,,2.75000000,,190.95300000
"HD 152079 b","HD 152079",1,,2.66100000,,87.88880000
"HD 152581 b","HD 152581",1,,1.86900000,,165.76000000
"HD 153950 b","HD 153950",1,,2.95000000,,48.45490000
"HD 154345 b","HD 154345",1,,1.18600000,"G8",18.28400000
"HD 154672 b","HD 154672",1,,5.37000000,,63.04840000
"HD 154857 b","HD 154857",1,,2.45000000,,63.44820000
"HD 155358 b","HD 155358",1,,0.99000000,,43.61970000
"HD 155358 c","HD 155358",1,,0.82000000,"G0",43.61970000
"HD 156279 b","HD 156279",1,,9.43200000,,36.19450000
"HD 156411 b","HD 156411",1,,0.74000000,"F8 IV/V",56.86550000
"HD 156668 b","HD 156668",1,,0.01300000,,24.33230000
"HD 156846 b","HD 156846",2,,10.67000000,,47.73320000
"HD 158038 b","HD 158038",1,,1.53000000,,94.86250000
"HD 159868 b","HD 159868",1,,2.21800000,,55.85030000
"HD 160691 b","HD 160691",1,,4.30000000,"G3 IV-V",15.59810000
"HD 160691 c","HD 160691",1,,4.40000000,"G3 IV-V",15.59810000
"HD 160691 d","HD 160691",1,,,"G3 IV-V",15.59810000
"HD 160691 e","HD 160691",1,,7.00000000,"G3 IV-V",15.59810000
"HD 16141 b","HD 16141",2,,0.26000000,,37.78610000
"HD 16175 b","HD 16175",1,,5.10000000,,59.85900000
"HD 162020 b","HD 162020",1,,9.84000000,,30.82480000
"HD 163607 b","HD 163607",1,,0.78360000,,67.78550000
"HD 163607 c","HD 163607",1,,2.20100000,,67.78550000
"HD 16417 b","HD 16417",2,,0.06960000,"G1 V",25.39360000
"HD 164509 b","HD 164509",2,,0.44300000,"G5",53.11190000
"HD 164604 b","HD 164604",1,,13.20000000,"K3.5 V",39.36330000
"HD 164922 b","HD 164922",1,,0.36497499,,22.00160000
"HD 167042 b","HD 167042",1,,1.39700000,"K1 IV",49.66330000
"HD 168443 b","HD 168443",1,,7.62800000,,39.62450000
"HD 168443 c","HD 168443",1,,17.30600000,,39.62450000
"HD 168746 b","HD 168746",1,,0.27000000,,41.56810000
"HD 1690 b","HD 1690",1,,8.79000000,,752.61500000
"HD 169830 b","HD 169830",1,,2.53100000,,37.60480000
"HD 169830 c","HD 169830",1,,7.66900000,,37.60480000
"HD 170469 b","HD 170469",2,,0.66000000,,60.17800000
"HD 17092 b","HD 17092",1,,10.13000000,,228.42200000
"Kepler-762 b","Kepler-762",1,12.68000000,,,1898.26000000
"HD 171028 b","HD 171028",1,,2.62000000,,111.65900000
"HD 171238 b","HD 171238",1,,8.80000000,"G8 V",44.81130000
"HD 17156 b","HD 17156",1,12.26262489,3.26000000,,78.08630000
"HD 173416 b","HD 173416",1,,1.84100000,"G8",132.18400000
"HD 175167 b","HD 175167",1,,14.80000000,,71.08630000
"HD 175541 b","HD 175541",1,,0.59800000,,129.60300000
"HD 177830 b","HD 177830",2,,1.69000000,,62.76740000
"HD 177830 c","HD 177830",2,,0.15000000,,62.76740000
"HD 178911 B b","HD 178911 B",3,,8.03000000,,40.97270000
"HD 179079 b","HD 179079",1,,0.08100000,"G5 IV",69.71160000
"HD 179949 b","HD 179949",1,,0.91600000,,27.45730000
"HD 180902 b","HD 180902",2,,1.68500000,,104.57700000
"HD 181342 b","HD 181342",1,,2.54000000,,120.39100000
"HD 181433 b","HD 181433",1,,0.02271666,,26.87620000
"HD 181433 c","HD 181433",1,,0.74096586,,26.87620000
"HD 181433 d","HD 181433",1,,0.65101166,,26.87620000
"HD 181720 b","HD 181720",1,,0.40000000,,60.20460000
"HD 183263 b","HD 183263",1,,3.47100000,,54.19550000
"HD 183263 c","HD 183263",1,,9.31000000,,54.19550000
"HD 185269 b","HD 185269",3,,1.01000000,,51.99170000
"HD 187085 b","HD 187085",1,,0.83600000,,45.89930000
"HD 187123 b","HD 187123",1,,0.52300000,,45.95480000
"HD 187123 c","HD 187123",1,,1.99000000,,45.95480000
"HD 18742 b","HD 18742",1,,3.40000000,,162.68500000
"HD 188015 b","HD 188015",2,,1.50000000,,50.67060000
"HD 189733 b","HD 189733",2,12.66617000,1.13000000,,19.76380000
"HD 190360 b","HD 190360",2,,1.68959095,"G7 IV-V",16.00690000
"HD 190360 c","HD 190360",2,,0.08243442,"G7 IV-V",16.00690000
"HD 190647 b","HD 190647",1,,1.98500000,,54.47380000
"HD 190984 b","HD 190984",1,,3.10000000,"F8 V",148.18700000
"HD 192263 b","HD 192263",1,,0.56000000,,19.63590000
"HD 192310 b","HD 192310",1,,0.05320000,,8.79687000
"HD 192310 c","HD 192310",1,,0.07600000,,8.79687000
"HD 192699 b","HD 192699",1,,2.09600000,,71.86270000
"HD 195019 b","HD 195019",2,,3.98000000,,37.66810000
"HD 196050 b","HD 196050",3,,4.70000000,"G3 V",50.67420000
"HD 196885 A b","HD 196885 A",2,,2.58000000,,34.16920000
"HD 197037 b","HD 197037",2,,0.79000000,"F7 V",33.19440000
"HD 19994 b","HD 19994",3,,1.37000000,"F8 V",22.52420000
"HD 20003 b","HD 20003",1,,0.03670000,"G8 V",41.83160000
"Kepler-1713 b","Kepler-1713",1,1.71673535,,,295.29300000
"Kepler-781 b","Kepler-781",1,2.89000000,,,1064.47000000
"HD 20003 c","HD 20003",1,,0.04540000,"G8 V",41.83160000
"HD 200964 b","HD 200964",1,,1.59900000,,72.59220000
"HD 200964 c","HD 200964",1,,1.21400000,,72.59220000
"HD 202206 c","HD 202206",2,,17.90000000,"G6 V",45.96650000
"HD 2039 b","HD 2039",1,,6.29000000,,85.69220000
"HD 204313 b","HD 204313",1,,4.61500000,,47.79450000
"HD 204313 c","HD 204313",1,,0.05400000,,47.79450000
"HD 204941 b","HD 204941",2,,0.23000000,,28.71650000
"HD 205739 b","HD 205739",1,,1.37000000,,92.50870000
"HD 206610 b","HD 206610",1,,2.03600000,,147.19200000
"Kepler-783 c","Kepler-783",1,2.33153725,,,516.09000000
"HD 20781 b","HD 20781",2,,0.00610000,"K0 V",35.97150000
"HD 20781 c","HD 20781",2,,0.01680000,"K0 V",35.97150000
"HD 20782 b","HD 20782",2,,1.48780000,,35.98640000
"HD 20794 b","HD 20794",1,,0.00676466,"G6 V",6.00278000
"HD 20794 d","HD 20794",1,,0.00937613,"G6 V",6.00278000
"HD 208487 b","HD 208487",1,,0.46000000,"G2 V",45.14700000
"HD 20868 b","HD 20868",1,,1.25000000,,47.72230000
"HD 209458 b","HD 209458",1,15.58051000,0.73000000,,48.30160000
"HD 210277 b","HD 210277",1,,1.29000000,,21.29850000
"HD 210702 b","HD 210702",1,,1.51500000,"K1 IV",54.19630000
"HD 212301 b","HD 212301",2,,0.51000000,,54.23040000
"HD 212771 b","HD 212771",1,,2.39000000,,111.15500000
"HD 213240 b","HD 213240",2,,5.58000000,,40.87070000
"HD 215152 b","HD 215152",1,,0.00572319,"K3 V",21.59740000
"HD 215152 c","HD 215152",1,,0.00541170,"K3 V",21.59740000
"HD 215497 b","HD 215497",1,,0.02000000,,40.54680000
"HD 215497 c","HD 215497",1,,0.35000000,"K3 V",40.54680000
"HD 216435 b","HD 216435",1,,1.26000000,,32.98340000
"HD 216437 b","HD 216437",1,,4.20000000,"G1 V",26.69020000
"HD 216770 b","HD 216770",1,,0.57000000,,36.66250000
"HD 21693 b","HD 21693",1,,0.02590000,"G8 V",33.25500000
"HD 21693 c","HD 21693",1,,0.05470000,"G8 V",33.25500000
"HD 217107 b","HD 217107",1,,1.44600000,"G",20.06190000
"HD 217107 c","HD 217107",1,,4.37000000,"G",20.06190000
"HD 217786 b","HD 217786",2,,13.85200000,,55.48470000
"HD 218566 b","HD 218566",1,,0.20000000,,28.82740000
"91 Aqr b","91 Aqr",3,,3.20000000,"K0 III",44.03040000
"HD 219828 b","HD 219828",1,,0.06000000,,73.11400000
"HD 220773 b","HD 220773",1,,1.45000000,"F9",50.51030000
"HD 221287 b","HD 221287",1,,3.09000000,,55.92310000
"HD 222582 b","HD 222582",2,,8.37000000,,42.15860000
"HD 224693 b","HD 224693",1,,0.70000000,"G2 V",93.50150000
"HD 22781 b","HD 22781",1,,13.65000000,"K1",32.60340000
"HD 23079 b","HD 23079",1,,2.66000000,"F9.5 V",33.45910000
"HD 23127 b","HD 23127",1,,1.52700000,,93.85550000
"HD 231701 b","HD 231701",1,,1.13000000,"F8 V",108.87700000
"HD 23596 b","HD 23596",2,,11.91400000,,52.00180000
"HD 240210 b","HD 240210",1,,5.21000000,"K3 III",372.40500000
"HD 240237 b","HD 240237",1,,15.89000000,,933.37700000
"Kepler-1738 b","Kepler-1738",1,2.82472883,,,1302.87000000
"HD 25171 b","HD 25171",2,,0.91500000,,55.61460000
"HD 2638 b","HD 2638",3,,0.42000000,,54.96210000
"HD 27442 b","HD 27442",2,,1.56000000,,18.27040000
"HD 27894 b","HD 27894",1,,0.61900000,,43.82140000
"HD 28185 b","HD 28185",1,,5.85000000,,39.38090000
"HD 28254 b","HD 28254",2,,3.80000000,"G5 V",55.28840000
"HD 285968 b","HD 285968",1,,0.02600000,"M2 V",9.47045000
"HD 28678 b","HD 28678",1,,1.54200000,,189.90800000
"HD 290327 b","HD 290327",1,,2.43000000,,56.43300000
"HD 30177 b","HD 30177",1,,8.25000000,"G8 V",55.58670000
"HD 30562 b","HD 30562",1,,1.22000000,,26.15970000
"HD 30856 b","HD 30856",2,,1.54700000,,131.19900000
"HD 31253 b","HD 31253",1,,0.62000000,,58.14380000
"HD 31527 b","HD 31527",1,,0.03290000,"G2 V",38.44730000
"HD 31527 c","HD 31527",1,,0.04450000,"G2 V",38.44730000
"HD 31527 d","HD 31527",1,,0.03720000,"G2 V",38.44730000
"HD 32518 b","HD 32518",1,,2.84900000,"K1 III",122.11500000
"HD 330075 b","HD 330075",1,,0.48000000,,45.29890000
"HD 33142 b","HD 33142",1,,1.26000000,"K0 III",121.37500000
"HD 33283 b","HD 33283",2,,0.32900000,"G3/G5 V",89.86230000
"HD 33564 b","HD 33564",1,,9.10000000,"F6 V",20.95310000
"HD 34445 b","HD 34445",1,,0.82000000,,46.09070000
"HD 3651 b","HD 3651",1,,0.22800000,,11.13360000
"HD 37124 b","HD 37124",1,,0.67500000,"G4 V",31.66340000
"HD 37124 c","HD 37124",1,,0.65200000,"G4 V",31.66340000
"HD 37124 d","HD 37124",1,,0.69600000,"G4 V",31.66340000
"HD 37605 b","HD 37605",1,,2.69000000,"K0",46.78640000
"HD 38529 b","HD 38529",2,,0.65000000,,42.35380000
"HD 38529 c","HD 38529",2,,10.38000000,,42.35380000
"HD 38801 b","HD 38801",1,,9.69800000,,91.43490000
"Kepler-1737 b","Kepler-1737",1,5.39500000,,,
"HD 39091 b","HD 39091",1,,14.10000000,,18.27020000
"HD 40307 b","HD 40307",1,,0.01260000,"K2.5 V",12.93630000
"HD 40307 c","HD 40307",1,,0.02080000,"K2.5 V",12.93630000
"HD 40307 d","HD 40307",1,,0.02990000,"K2.5 V",12.93630000
"HD 40979 b","HD 40979",3,,4.67000000,,34.08830000
"HD 41004 A b","HD 41004 A",2,,2.54000000,,36.69117000
"HD 41004 B b","HD 41004 B",2,,18.37000000,"M2 V",41.55040000
"HD 4113 b","HD 4113",3,,1.70300000,,41.87270000
"HD 4203 b","HD 4203",1,,2.23000000,,81.37950000
"HD 4208 b","HD 4208",1,,0.81000000,,34.19370000
"Kepler-272 c","Kepler-272",1,1.79000000,,,889.60800000
"HD 4308 b","HD 4308",1,,0.05000000,,22.01580000
"HD 4313 b","HD 4313",1,,1.92700000,,136.30800000
"HD 43197 b","HD 43197",1,,0.55300000,,62.41120000
"HD 43691 b","HD 43691",3,,2.55000000,"G0",85.60090000
"HD 44219 b","HD 44219",1,,0.58000000,"G3 V",52.90510000
"HD 45184 b","HD 45184",1,,0.03840000,"G1.5 V",21.95320000
"HD 45350 b","HD 45350",1,,1.79000000,,46.87330000
"HD 45364 b","HD 45364",1,,0.18930000,"K0 V",34.35400000
"HD 45364 c","HD 45364",1,,0.54900000,"K0 V",34.35400000
"HD 45652 b","HD 45652",1,,0.43300000,"G8/K0",34.85410000
"HD 46375 b","HD 46375",2,,0.22600000,,29.55290000
"HD 47186 b","HD 47186",1,,0.07000000,,37.45740000
"HD 47186 c","HD 47186",1,,0.35061000,,37.45740000
"HD 47536 b","HD 47536",1,,7.32000000,"K1 III",122.53600000
"HD 48265 b","HD 48265",1,,1.52500000,,90.54460000
"HD 49674 b","HD 49674",1,,0.10000000,,43.03990000
"HD 50499 b","HD 50499",1,,1.63600000,,46.28450000
"HD 50554 b","HD 50554",1,,4.95400000,,31.16640000
"HD 51608 b","HD 51608",1,,0.04020000,"G7 V",35.05530000
"HD 51608 c","HD 51608",1,,0.04500000,"G7 V",35.05530000
"Kepler-273 b","Kepler-273",1,1.50000000,,,713.96400000
"HD 52265 b","HD 52265",1,,1.21000000,,29.98030000
"HD 5319 b","HD 5319",1,,1.55600000,,121.40500000
"HD 5891 b","HD 5891",1,,7.63000000,,283.50200000
"HD 59686 A b","HD 59686 A",2,,6.92000000,"K2 III",89.27210000
"HD 60532 b","HD 60532",1,,1.06000000,,25.97160000
"HD 60532 c","HD 60532",1,,2.51000000,,25.97160000
"HD 62509 b","HD 62509",1,,2.30000000,,
"HD 63454 b","HD 63454",1,,0.25000000,,37.68940000
"HD 63765 b","HD 63765",1,,0.53000000,,32.53760000
"HD 6434 b","HD 6434",1,,0.49000000,,42.35800000
"Kepler-1739 b","Kepler-1739",1,2.43056832,,,783.66600000
"HD 65216 b","HD 65216",3,,1.29500000,,35.12050000
"HD 66428 b","HD 66428",1,,10.94600000,,53.28170000
"HD 6718 b","HD 6718",1,,2.40000000,"G5 V",51.34440000
"HD 68988 b","HD 68988",1,,1.97000000,,60.84470000
"HD 69830 b","HD 69830",1,,0.03210000,,12.55910000
"HD 69830 c","HD 69830",1,,0.03710000,,12.55910000
"HD 69830 d","HD 69830",1,,0.05700000,,12.55910000
"HD 70573 b","HD 70573",1,,6.10000000,"G1-1.5 V",59.18200000
"HD 70642 b","HD 70642",1,,1.99300000,,29.27600000
"HD 7199 b","HD 7199",1,,0.27000000,,36.15310000
"HD 72659 b","HD 72659",1,,2.85100000,"G2 V",51.89490000
"HD 73267 b","HD 73267",1,,4.15800000,,50.40930000
"HD 73526 b","HD 73526",1,,3.08000000,,97.23960000
"HD 73526 c","HD 73526",1,,2.25000000,,97.23960000
"HD 73534 b","HD 73534",1,,1.11200000,,83.33210000
"HD 74156 b","HD 74156",1,,1.67500000,,57.60300000
"HD 74156 c","HD 74156",1,,8.66500000,,57.60300000
"HD 7449 b","HD 7449",2,,8.17400000,,38.66200000
"HD 75289 b","HD 75289",2,,0.49000000,,29.11580000
"HD 75898 b","HD 75898",1,,2.55000000,"F8 V",78.05050000
"HD 76700 b","HD 76700",1,,0.21000000,,60.88310000
"HD 7924 b","HD 7924",1,,0.02000000,,16.99220000
"HD 79498 b","HD 79498",2,,1.34000000,"G5",48.94890000
"HD 80606 b","HD 80606",2,11.56766808,4.16410000,,66.47110000
"HD 81040 b","HD 81040",1,,7.24000000,"G2/G3",34.43410000
"HD 81688 b","HD 81688",1,,1.65400000,"K0 III-IV",85.71830000
"HD 82886 b","HD 82886",1,,2.33000000,,127.06100000
"HD 82943 b","HD 82943",1,,1.68100000,,27.59020000
"HD 82943 c","HD 82943",1,,1.95900000,,27.59020000
"HD 83443 b","HD 83443",1,,0.40200000,"K0 V",40.89910000
"HD 8535 b","HD 8535",2,,0.68000000,"G0 V",55.44010000
"HD 85390 b","HD 85390",1,,0.09900000,,33.52250000
"HD 8574 b","HD 8574",1,,2.03000000,,44.82640000
"HD 86081 b","HD 86081",2,,1.48000000,"F8",103.93600000
"HD 86226 b","HD 86226",1,,0.45000000,"G1 V",45.68300000
"HD 86264 b","HD 86264",1,,9.80800000,,67.81070000
"HD 8673 b","HD 8673",2,,13.24800000,,37.86190000
"HD 87883 b","HD 87883",1,,6.31000000,"K0",18.29120000
"HD 88133 b","HD 88133",1,,0.28450000,,73.61230000
"Kepler-782 b","Kepler-782",1,3.21000000,,,446.84400000
"HD 89307 b","HD 89307",1,,2.11000000,,32.01040000
"HD 89744 b","HD 89744",2,,8.35000000,,38.63640000
"HD 90156 b","HD 90156",1,,0.05700000,,21.94960000
"HD 92788 b","HD 92788",1,,3.76000000,"G6 V",34.65380000
"HD 93083 b","HD 93083",1,,0.45100000,"K2 IV-V",28.51590000
"HD 9446 b","HD 9446",1,,0.70000000,"G5 V",50.35030000
"HD 9446 c","HD 9446",1,,1.82000000,"G5 V",50.35030000
"HD 95089 b","HD 95089",1,,1.26000000,,136.95700000
"HD 96063 b","HD 96063",1,,1.27000000,,140.06500000
"HD 96127 b","HD 96127",1,,3.80000000,"K2 III",587.65900000
"HD 96167 b","HD 96167",2,,0.71700000,,85.30060000
"HD 97658 b","HD 97658",1,2.12000000,0.02611472,"K1 V",21.56180000
"HD 98219 b","HD 98219",1,,1.96400000,,113.70400000
"HD 99109 b","HD 99109",1,,0.44000000,,54.79010000
"HD 99492 b","HD 99492",2,,0.08023197,"K2 V",18.20380000
"HD 99706 b","HD 99706",1,,1.23000000,,146.60000000
"HIP 12961 b","HIP 12961",1,,0.36000000,,23.37100000
"HIP 14810 b","HIP 14810",1,,3.90000000,"G5",50.48000000
"HIP 14810 c","HIP 14810",1,,1.31000000,"G5",50.48000000
"HIP 14810 d","HIP 14810",1,,0.59000000,"G5",50.48000000
"Kepler-746 b","Kepler-746",1,1.11000000,,,
"HIP 5158 b","HIP 5158",1,,1.42000000,,51.60260000
"GJ 1148 b","GJ 1148",1,,0.30425070,,11.01430000
"HIP 57274 b","HIP 57274",1,,0.02000000,,25.86180000
"HIP 57274 c","HIP 57274",1,,0.40902369,"K4 V",25.86180000
"HIP 57274 d","HIP 57274",1,,0.52670000,"K4 V",25.86180000
"HIP 70849 b","HIP 70849",2,,4.50000000,"K7 V",24.05720000
"iot Dra b","iot Dra",1,,11.82000000,"K2 III",31.32832000
"HIP 78530 b","HIP 78530",1,,23.00000000,"B9 V",136.75900000
"HIP 79431 b","HIP 79431",1,,2.10000000,"M3 V",14.53240000
"HR 810 b","HR 810",1,,2.27000000,,17.31810000
"HR 8799 b","HR 8799",1,13.00000000,7.00000000,"A5 V",41.24410000
"HR 8799 c","HR 8799",1,13.00000000,10.00000000,"A5 V",41.24410000
"HR 8799 d","HR 8799",1,13.00000000,10.00000000,"A5 V",41.24410000
"HR 8799 e","HR 8799",1,13.11453000,10.00000000,"A5",41.24410000
"kap CrB b","kap CrB",1,,1.52200000,"K0 III-IV",30.06510000
"xi Aql b","xi Aql",1,,1.94100000,"K0 III",56.18580000
"Lupus-TR-3 b","Lupus-TR-3",1,9.97600000,0.81000000,,773.40900000
"MOA-2007-BLG-192L b","MOA-2007-BLG-192L",1,,0.03929793,,2160.00000000
"MOA-2007-BLG-400L b","MOA-2007-BLG-400L",1,,1.70000000,,6890.00000000
"MOA-2008-BLG-310L b","MOA-2008-BLG-310L",1,,0.07360000,,7700.00000000
"MOA-2009-BLG-266L b","MOA-2009-BLG-266L",1,,0.03270000,,3040.00000000
"MOA-2009-BLG-319L b","MOA-2009-BLG-319L",1,,0.21200000,,7050.00000000
"MOA-2009-BLG-387L b","MOA-2009-BLG-387L",1,,2.60000000,,5690.00000000
"BD-13 2130 b","BD-13 2130",1,,9.78000000,,925.21400000
"OGLE-2005-BLG-071L b","OGLE-2005-BLG-071L",1,,3.80000000,,3200.00000000
"OGLE-2005-BLG-169L b","OGLE-2005-BLG-169L",1,,0.04440000,,4100.00000000
"OGLE-2005-BLG-390L b","OGLE-2005-BLG-390L",1,,0.01700000,,6600.00000000
"OGLE-2006-BLG-109L b","OGLE-2006-BLG-109L",1,,0.72700000,,1510.00000000
"OGLE-2006-BLG-109L c","OGLE-2006-BLG-109L",1,,0.27000000,,1510.00000000
"OGLE-2007-BLG-368L b","OGLE-2007-BLG-368L",1,,0.06000000,,5900.00000000
"OGLE-2003-BLG-235L b","OGLE-2003-BLG-235L",1,,2.60000000,"K V",5800.00000000
"OGLE2-TR-L9 b","OGLE2-TR-L9",1,18.04600000,4.50000000,,1627.63000000
"OGLE-TR-10 b","OGLE-TR-10",1,14.01100000,0.62000000,,1344.97000000
"OGLE-TR-111 b","OGLE-TR-111",1,11.42197100,,,1068.33000000
"OGLE-TR-113 b","OGLE-TR-113",1,12.25100000,1.26000000,,566.45900000
"OGLE-TR-132 b","OGLE-TR-132",1,13.45000000,1.18000000,,2012.62000000
"OGLE-TR-182 b","OGLE-TR-182",1,12.66600000,1.01000000,,2501.75000000
"OGLE-TR-211 b","OGLE-TR-211",1,15.24400000,1.03000000,,1515.26000000
"OGLE-TR-56 b","OGLE-TR-56",1,15.27800000,1.39000000,,
"Kepler-743 b","Kepler-743",2,1.21000000,,,278.98700000
"PSR B1257+12 b","PSR B1257+12",1,,0.00006293,,600.00000000
"PSR B1257+12 c","PSR B1257+12",1,,0.01352925,,600.00000000
"PSR B1257+12 d","PSR B1257+12",1,,0.01227071,,600.00000000
"PSR B1620-26 b","PSR B1620-26",2,,2.50000000,,
"Qatar-1 b","Qatar-1",1,12.81188700,1.29400000,,185.61500000
"Qatar-2 b","Qatar-2",1,14.05600000,2.49400000,,181.37400000
"rho CrB b","rho CrB",1,,1.09491472,"G0",17.46710000
"SWEEPS-4 b","SWEEPS-4",1,9.07900000,3.80000000,,
"SWEEPS-11 b","SWEEPS-11",1,12.66600000,9.70000000,,
"tau Boo b","tau Boo",2,,4.32000000,,15.65210000
"TrES-1 b","TrES-1",2,12.66617000,0.84000000,,159.65800000
"TrES-3 b","TrES-3",1,14.97500000,1.91000000,,231.33700000
"TrES-4 b","TrES-4",2,18.04649000,0.78000000,,515.98000000
"TrES-5 b","TrES-5",1,13.38354600,1.79000000,,360.31300000
"ups And b","ups And",2,,0.68760000,"F8 V",13.40540000
"ups And c","ups And",2,,1.98100000,"F8 V",13.40540000
"ups And d","ups And",2,,4.13200000,"F8 V",13.40540000
"USco CTIO 108 b","USco CTIO 108",1,,14.00000000,"M7",144.01900000
"V0391 Peg b","V0391 Peg",1,,3.20000000,,1195.98000000
"WASP-10 b","WASP-10",1,12.10600000,3.15000000,,140.99800000
"WASP-11 b","WASP-11",3,12.44199000,0.79000000,,124.73000000
"WASP-12 b","WASP-12",3,22.02564708,,,427.24600000
"WASP-13 b","WASP-13",1,13.67498000,0.36000000,,227.53700000
"WASP-14 b","WASP-14",3,15.46842000,8.84000000,,161.99700000
"WASP-15 b","WASP-15",1,15.80469000,0.54000000,,282.09100000
"WASP-16 b","WASP-16",1,13.67498000,1.24000000,,194.13400000
"WASP-17 b","WASP-17",1,20.96083000,0.78000000,,405.90800000
"WASP-18 b","WASP-18",2,13.89913607,10.20000000,,123.48300000
"WASP-19 b","WASP-19",1,15.86070769,1.15400000,,268.32500000
"WASP-1 b","WASP-1",2,16.62300000,0.85400000,,393.07200000
"Kepler-747 b","Kepler-747",1,5.27000000,,,3347.16000000
"WASP-21 b","WASP-21",1,11.99000000,0.30000000,"G3 V",258.42600000
"WASP-22 b","WASP-22",1,13.78707000,0.67000000,,317.65200000
"WASP-24 b","WASP-24",3,15.46842000,1.24000000,,322.11400000
"WASP-25 b","WASP-25",1,13.80946422,0.56400000,,211.41600000
"WASP-26 b","WASP-26",2,13.56289000,0.85000000,,252.75900000
"WASP-28 b","WASP-28",1,13.66374747,0.88900000,,348.49400000
"WASP-29 b","WASP-29",1,8.63093000,0.23000000,,87.59530000
"WASP-2 b","WASP-2",2,12.11692900,0.93100000,,153.24200000
"WASP-31 b","WASP-31",1,17.36300000,0.47800000,,383.82900000
"WASP-32 b","WASP-32",1,10.76064000,2.63000000,,275.99400000
"WASP-33 b","WASP-33",2,17.85593700,2.09300000,,121.94400000
"WASP-34 b","WASP-34",1,11.20900000,0.56000000,,132.09600000
"WASP-35 b","WASP-35",1,14.57170000,0.71000000,,202.21800000
"WASP-36 b","WASP-36",2,14.87434300,2.36100000,,386.34600000
"WASP-37 b","WASP-37",1,13.00200000,1.80000000,,392.79100000
"WASP-38 b","WASP-38",1,13.78707000,3.44000000,,136.24000000
"WASP-39 b","WASP-39",1,14.33631100,0.28100000,,213.98200000
"WASP-3 b","WASP-3",3,15.91678000,2.43000000,,231.16100000
"WASP-41 b","WASP-41",1,12.32990000,0.85000000,,163.37100000
"WASP-43 b","WASP-43",1,10.42400000,1.78000000,,86.74670000
"WASP-44 b","WASP-44",1,12.32990000,0.87000000,"G8 V",364.51200000
"WASP-45 b","WASP-45",2,10.60371400,0.96400000,,211.19600000
"WASP-46 b","WASP-46",1,13.15936600,1.91000000,"G6 V",375.31000000
"WASP-48 b","WASP-48",1,16.81350000,0.80000000,,454.14400000
"WASP-4 b","WASP-4",1,15.12091496,1.20000000,,267.20600000
"WASP-50 b","WASP-50",1,13.06969400,1.46880000,,184.84800000
"WASP-5 b","WASP-5",1,12.18400000,1.58000000,,309.13700000
"WASP-6 b","WASP-6",1,12.54284940,0.46700000,,197.11900000
"WASP-7 b","WASP-7",1,14.90797000,0.96000000,,162.30300000
"WASP-8 b","WASP-8",2,12.66617000,2.54000000,,89.96060000
"XO-1 b","XO-1",1,12.77826000,0.83000000,,163.55300000
"XO-2 N b","XO-2 N",2,,0.59400000,"G8 V",154.27300000
"XO-3 b","XO-3",1,14.79585452,13.27000000,,213.05300000
"XO-4 b","XO-4",1,14.01125000,1.42000000,,272.65500000
"XO-5 b","XO-5",1,12.78000000,1.19000000,,276.21100000
"11 Com b","11 Com",2,,15.46400000,"G8 III",93.18460000
"alf Ari b","alf Ari",1,,1.80000000,,20.21019000
"CoRoT-16 b","CoRoT-16",1,13.11000000,0.53500000,"G5 V",732.40900000
"FU Tau b","FU Tau",1,,16.00000000,"M7.25",
"HD 106515 A b","HD 106515 A",2,,18.90000000,"G5 V",34.09150000
"HD 166724 b","HD 166724",1,,3.53000000,"K0 IV-V",45.13420000
"HD 180314 b","HD 180314",1,,22.70700000,,122.36200000
"HD 196067 b","HD 196067",2,,11.40000000,"G0 V",39.93460000
"HD 220689 b","HD 220689",1,,1.11800000,,46.87780000
"HD 27631 b","HD 27631",1,,1.49400000,,50.28620000
"HD 38283 b","HD 38283",1,,0.40000000,,38.06150000
"HD 65216 c","HD 65216",3,,2.03000000,,35.12050000
"HD 98649 b","HD 98649",1,,9.70000000,"G3/G5 V",42.17270000
"HIP 5158 c","HIP 5158",1,,15.04000000,,51.60260000
"Kepler-471 b","Kepler-471",1,14.96000000,,,1249.41000000
"HN Peg b","HN Peg",1,11.77680000,21.99870000,"G0 V",18.11860000
"HU Aqr AB b","HU Aqr",2,,5.90000000,,
"HU Aqr AB c","HU Aqr",2,,4.50000000,,
"LkCa 15 b","LkCa 15",1,,,,158.15200000
"NN Ser c","NN Ser",2,,9.71000000,"WD",515.81800000
"NN Ser d","NN Ser",2,,2.19000000,"WD",515.81800000
"nu Oph b","nu Oph",1,,21.54800000,"K0 III",46.21070000
"nu Oph c","nu Oph",1,,23.69300000,"K0 III",46.21070000
"NY Vir b","NY Vir",2,,2.66000000,,544.02400000
"Oph 11 b","Oph 11",1,,14.00000000,"M9",
"Kepler-749 b","Kepler-749",1,3.10000000,,,721.02700000
"Ross 458 c","Ross 458",2,14.01125000,6.00000000,,11.50940000
"SR 12 AB c","SR 12 AB",2,,13.00000000,,
"tau Gem b","tau Gem",1,,20.60000000,"K2 III",112.53700000
"WASP-23 b","WASP-23",1,10.78300000,0.88400000,,207.49000000
"KOI-55 b","KOI-55",1,0.75900000,0.00140000,"B",1231.02000000
"KOI-55 c","KOI-55",1,0.86700000,0.00210000,"B",1231.02000000
"MOA-2010-BLG-477L b","MOA-2010-BLG-477L",1,,1.50000000,,2300.00000000
"HD 142 c","HD 142",2,,10.90100000,,26.18530000
"HATS-1 b","HATS-1",1,14.59400000,1.85500000,,283.97100000
"WASP-78 b","WASP-78",1,21.63337000,1.11000000,,754.25800000
"Kepler-750 b","Kepler-750",1,3.07000000,,,1296.02000000
"WASP-79 b","WASP-79",1,17.14974047,0.85000000,"F5",246.69000000
"KELT-1 b","KELT-1",1,12.44200000,27.23000000,,268.43000000
"KELT-2 A b","KELT-2 A",2,15.13215000,1.70000000,,134.05800000
"Kepler-36 b","Kepler-36",1,1.49800000,0.01205047,,527.95600000
"GJ 3470 b","GJ 3470",1,4.57000000,0.04373407,,29.42140000
"BD+20 274 b","BD+20 274",1,,4.20000000,"K5 III",1322.51000000
"HD 219415 b","HD 219415",1,,1.00000000,"K0 III",165.18400000
"Pr0201 b","Pr0201",1,,0.54000000,,180.64000000
"Pr0211 b","Pr0211",2,,1.88000000,,182.71400000
"HD 77338 b","HD 77338",1,,0.06000000,,45.93500000
"HD 207832 b","HD 207832",3,,0.56000000,"G5 V",58.92910000
"HD 207832 c","HD 207832",3,,0.73000000,,58.92910000
"HAT-P-39 b","HAT-P-39",2,17.60900000,0.59900000,,697.00400000
"HAT-P-40 b","HAT-P-40",1,17.03768000,0.48000000,,464.46900000
"HAT-P-41 b","HAT-P-41",2,22.97845000,1.19000000,,348.18500000
"HD 5608 b","HD 5608",2,,1.16800000,"K0 IV",58.11050000
"75 Cet b","75 Cet",2,,2.47900000,"G3 III",82.96130000
"omi UMa b","omi UMa",2,,3.65100000,"G4 II-III",54.91490000
"omi CrB b","omi CrB",1,,1.12000000,"K0 III",84.78830000
"WASP-42 b","WASP-42",1,12.57649800,0.52700000,,177.29100000
"Kepler-751 b","Kepler-751",1,2.46000000,,,760.43000000
"WASP-47 b","WASP-47",1,12.86000000,1.17673560,,264.78000000
"WASP-49 b","WASP-49",2,12.44199000,0.37000000,,194.55300000
"WASP-55 b","WASP-55",2,14.72860064,0.58600000,,297.46200000
"WASP-61 b","WASP-61",1,15.80469000,2.68000000,,488.66000000
"WASP-62 b","WASP-62",1,14.79588000,0.52000000,,175.63100000
"WASP-63 b","WASP-63",1,15.80469000,0.37000000,,290.68400000
"WASP-66 b","WASP-66",1,15.69260000,2.35000000,,500.25800000
"WASP-67 b","WASP-67",1,12.89035000,0.43000000,,189.46900000
"HAT-P-38 b","HAT-P-38",1,9.24700000,0.26700000,,255.20600000
"Kepler-46 c","Kepler-46",1,,0.37600000,,777.06000000
"Kepler-47 b","Kepler-47",2,3.05000000,0.00651292,,1025.02000000
"Kepler-47 c","Kepler-47",2,4.65000000,0.00997389,,1025.02000000
"eps CrB b","eps CrB",1,,6.70000000,"K2 III",69.86830000
"WTS-1 b","WTS-1",1,16.70000000,4.01000000,"F6 V",2346.01000000
"WASP-54 b","WASP-54",2,17.71022000,0.59000000,,251.30300000
"WASP-56 b","WASP-56",2,10.53646000,0.45000000,,321.08400000
"WASP-57 b","WASP-57",1,11.76945000,0.64400000,,398.27600000
"HD 4732 b","HD 4732",2,,1.98600000,"K0 IV",54.78410000
"HD 4732 c","HD 4732",2,,3.36500000,"K0 IV",54.78410000
"HD 37605 c","HD 37605",1,,3.19000000,"K0",46.78640000
"HD 40307 f","HD 40307",1,,0.01640000,"K2.5 V",12.93630000
"HD 40307 g","HD 40307",1,,0.02230000,"K2.5 V",12.93630000
"HD 66141 b","HD 66141",1,,6.00000000,"K2 III",68.15090000
"HD 208527 b","HD 208527",1,,9.90000000,"M1 III",312.20200000
"HD 220074 b","HD 220074",1,,16.64000000,,324.54000000
"WASP-52 b","WASP-52",1,14.24000000,0.46000000,"K2 V",174.81800000
"WASP-58 b","WASP-58",2,16.02887000,0.97000000,,290.40400000
"WASP-59 b","WASP-59",1,8.68700000,0.86300000,"K5 V",115.93600000
"WASP-60 b","WASP-60",1,9.86392000,0.55000000,,431.05200000
"WASP-77 A b","WASP-77 A",2,,1.66540000,,105.16600000
"GJ 676 A d","GJ 676 A",2,,0.01200000,,16.02720000
"GJ 676 A e","GJ 676 A",2,,0.02100000,,16.02720000
"kap And b","kap And",1,15.91675259,17.30000000,"B9 IVn",50.01770000
"BD-06 1339 b","BD-06 1339",1,,0.02700000,"K7/M0 V",20.26950000
"BD-06 1339 c","BD-06 1339",1,,0.17000000,"K7/M0 V",20.26950000
"HD 103774 b","HD 103774",2,,0.36700000,"F5 V",56.40890000
"HD 109271 b","HD 109271",1,,0.05400000,"G5 V",55.87160000
"HD 109271 c","HD 109271",1,,0.07600000,"G5 V",55.87160000
"MOA-2010-BLG-073L b","MOA-2010-BLG-073L",1,,11.00000000,,2800.00000000
"HD 219077 b","HD 219077",1,,9.62000000,,29.18640000
"OGLE-2012-BLG-0026L b","OGLE-2012-BLG-0026L",1,,0.14500000,,4019.00000000
"OGLE-2012-BLG-0026L c","OGLE-2012-BLG-0026L",1,,0.86000000,,4019.00000000
"Kepler-68 d","Kepler-68",2,,0.74900000,,144.16600000
"WASP-64 b","WASP-64",2,14.24700000,1.27100000,"G7",369.92600000
"WASP-72 b","WASP-72",1,14.45961000,2.30000000,,434.75400000
"WASP-80 b","WASP-80",1,11.19779100,0.53800000,,49.78760000
"WASP-71 b","WASP-71",1,13.22662000,1.39000000,,362.71500000
"OGLE-2011-BLG-0251L b","OGLE-2011-BLG-0251L",1,,0.53000000,"M",2570.00000000
"HD 159868 c","HD 159868",1,,0.76800000,,55.85030000
"PH1 b","PH1",4,6.18000000,0.53100000,"F",1033.16000000
"HD 222155 b","HD 222155",1,,2.12000000,,50.60780000
"HD 24040 b","HD 24040",1,,3.86000000,,46.62240000
"ome Ser b","ome Ser",2,,0.73600000,"G8 III",76.75560000
"HD 2952 b","HD 2952",1,,0.89600000,"K0 III",110.10300000
"HD 120084 b","HD 120084",1,,6.40000000,"G7 III",103.04400000
"Kepler-19 c","Kepler-19",1,,0.04121700,,218.56200000
"BD+15 2940 b","BD+15 2940",1,,1.11000000,"K0",426.42000000
"HD 233604 b","HD 233604",1,,6.57500000,"K5",847.05800000
"HD 95086 b","HD 95086",1,,5.00000000,,86.22790000
"KELT-3 b","KELT-3",2,17.48604000,1.94000000,,210.25200000
"Kepler-116 b","Kepler-116",1,3.42000000,,,955.16800000
"GJ 163 b","GJ 163",1,,0.03335116,,15.12850000
"GJ 163 c","GJ 163",1,,0.02139509,,15.12850000
"GJ 163 d","GJ 163",1,,0.09250228,,15.12850000
"DENIS-P J082303.1-491201 b","DENIS-P J082303.1-491201",1,,28.50000000,"L1.5",
"HIP 63242 b","HIP 63242",1,,9.18000000,"G8",156.45600000
"GJ 667 C e","GJ 667 C",3,,0.00800000,"M1.5 V",7.24396000
"GJ 667 C f","GJ 667 C",3,,0.00800000,"M1.5 V",7.24396000
"GJ 667 C g","GJ 667 C",3,,0.01400000,"M1.5 V",7.24396000
"GJ 504 b","GJ 504",1,,4.00000000,"G0 V",17.52990000
"Kepler-78 b","Kepler-78",2,1.20100000,0.00528587,,124.37600000
"GJ 328 b","GJ 328",1,,2.51000000,"M0.0",20.52660000
"HD 203030 b","HD 203030",1,14.45958510,11.00000000,"G8 V",39.25030000
"CHXR 73 b","CHXR 73",1,,12.56900000,"M3.5",190.37400000
"DH Tau b","DH Tau",1,,11.00000000,"M0.5",134.84600000
"CFBDSIR J145829+101343 b","CFBDSIR J145829+101343",1,,10.50000000,,
"2MASS J01225093-2439505 b","2MASS J01225093-2439505",1,,24.50000000,"M3.5 V",33.82810000
"WD 0806-661 b","WD 0806-661",1,12.10569916,7.00000000,,19.24440000
"POTS-1 b","POTS-1",1,10.54800000,2.31000000,"K5 V",747.95900000
"HATS-2 b","HATS-2",1,12.57647635,1.37000000,,341.92500000
"HATS-3 b","HATS-3",1,15.48000000,1.07100000,"F",411.21100000
"PSR J1719-1438 b","PSR J1719-1438",1,,1.20000000,,1200.00000000
"RR Cae b","RR Cae",2,,4.20000000,"M",21.19160000
"WASP-65 b","WASP-65",1,12.46400000,1.55000000,"G6",273.70300000
"WASP-75 b","WASP-75",2,14.23500000,1.07000000,"F9",294.00100000
"HD 113337 b","HD 113337",3,,3.25900000,,36.18000000
"MOA-2011-BLG-293L b","MOA-2011-BLG-293L",1,,4.80000000,,7720.00000000
"HAT-P-42 b","HAT-P-42",1,14.34800000,1.04400000,,405.23800000
"HAT-P-43 b","HAT-P-43",1,13.63000000,,,528.82500000
"OGLE-2012-BLG-0358L b","OGLE-2012-BLG-0358L",1,,1.85000000,,1760.00000000
"ROXs 42 B b","ROXs 42 B",2,,9.00000000,"M0",143.59000000
"WISEP J121756.91+162640.2 A b","WISEP J121756.91+162640.2 A",1,10.46800000,22.00000000,"T8.5",
"MOA-2008-BLG-379L b","MOA-2008-BLG-379L",1,,4.10000000,"K",3300.00000000
"HD 13908 b","HD 13908",1,,0.86500000,"F8 V",79.55150000
"HD 13908 c","HD 13908",1,,5.13000000,"F8 V",79.55150000
"HD 159243 b","HD 159243",1,,1.13000000,"G0 V",73.30550000
"HD 159243 c","HD 159243",1,,1.90000000,"G0 V",73.30550000
"HIP 91258 b","HIP 91258",1,,1.09000000,,45.88460000
"ROXs 12 b","ROXs 12",2,,16.00000000,"M0",136.65000000
"HD 106906 b","HD 106906",1,,11.00000000,"F5 V",103.02900000
"OGLE-2012-BLG-0406L b","OGLE-2012-BLG-0406L",1,,2.73000000,,4970.00000000
"Kepler-93 c","Kepler-93",1,,3.00000000,,95.91150000
"Kepler-94 c","Kepler-94",1,,9.83600000,,191.90400000
"Kepler-48 e","Kepler-48",1,,2.06700000,,306.73800000
"Kepler-25 d","Kepler-25",2,,0.22600000,,243.24900000
"KOI-142 c","KOI-142",1,,0.67400000,,376.86300000
"Kepler-97 c","Kepler-97",1,,1.08000000,,400.90700000
"Kepler-407 c","Kepler-407",1,,12.60000000,,338.36800000
"MOA-2011-BLG-322L b","MOA-2011-BLG-322L",1,,11.60000000,,7560.00000000
"CoRoT-27 b","CoRoT-27",1,11.28700000,10.39000000,"G2",1010.28000000
"WASP-103 b","WASP-103",1,17.12700000,1.49000000,"F8 V",375.64700000
"KELT-6 b","KELT-6",1,14.57170000,0.52000000,,240.72600000
"NGC 2682 YBP 1194 b","NGC 2682 YBP 1194",1,,0.32000000,"G5 V",872.92000000
"NGC 2682 YBP 1514 b","NGC 2682 YBP 1514",1,,0.40000000,"G5 V",914.22100000
"HD 154857 c","HD 154857",1,,2.58000000,"G5 V",63.44820000
"UZ For b","UZ For",2,,6.30000000,,
"UZ For c","UZ For",2,,7.70000000,,
"Kepler-413 b","Kepler-413",2,4.34700000,0.21100000,,847.53600000
"HAT-P-49 b","HAT-P-49",1,17.82231000,2.20000000,,350.35100000
"WTS-2 b","WTS-2",1,15.27786700,1.12000000,"K2 V",
"HD 4203 c","HD 4203",1,,2.17000000,,81.37950000
"WASP-8 c","WASP-8",2,,9.45000000,,89.96060000
"WASP-68 b","WASP-68",2,14.79588000,1.08000000,,226.39900000
"WASP-73 b","WASP-73",1,15.91678000,2.86000000,,316.67800000
"WASP-88 b","WASP-88",1,16.36514000,0.42000000,,523.75600000
"WASP-95 b","WASP-95",1,13.78707000,1.44000000,,137.54400000
"WASP-96 b","WASP-96",1,13.45000000,0.48000000,"G8",352.46400000
"WASP-97 b","WASP-97",1,12.77826000,1.36000000,,151.06800000
"WASP-98 b","WASP-98",2,12.82309600,0.92200000,,281.74200000
"WASP-99 b","WASP-99",1,11.43318000,2.43000000,,158.66000000
"WASP-100 b","WASP-100",2,14.90797000,1.26000000,,364.41100000
"WASP-101 b","WASP-101",1,16.02887000,0.51000000,,201.22400000
"CoRoT-25 b","CoRoT-25",1,12.11000000,0.27000000,"F9",1103.48000000
"CoRoT-26 b","CoRoT-26",1,14.12000000,0.52000000,"G5",1045.18000000
"MOA-bin-1L b","MOA-bin-1L",1,,3.70000000,,5100.00000000
"HAT-P-44 b","HAT-P-44",1,13.92200000,0.35200000,,347.85000000
"HAT-P-45 b","HAT-P-45",1,15.98400000,0.89200000,,298.64000000
"HAT-P-46 b","HAT-P-46",1,14.39200000,0.49300000,,290.73600000
"HAT-P-44 c","HAT-P-44",1,,4.00000000,,347.85000000
"HD 285507 b","HD 285507",1,,0.98000000,,45.02930000
"GU Psc b","GU Psc",1,14.17900000,11.30000000,"M3",47.55010000
"HATS-5 b","HATS-5",1,10.22300000,0.23700000,"G",246.38400000
"bet Cnc b","bet Cnc",2,,7.80000000,"K4 III",89.04720000
"mu Leo b","mu Leo",1,,2.40000000,"K2 III",32.60810000
"bet UMi b","bet UMi",1,,6.10000000,"K4 III",38.77472000
"GJ 687 b","GJ 687",1,,0.05411698,,4.54939000
"Kapteyn c","Kapteyn",1,,0.02200000,,3.93305000
"HIP 105854 b","HIP 105854",1,,8.20000000,"K2 III",78.63810000
"CoRoT-24 b","CoRoT-24",1,3.70000000,0.01800000,"K1 V",591.55500000
"CoRoT-24 c","CoRoT-24",1,5.00000000,0.08800000,"K1 V",591.55500000
"OGLE-2008-BLG-355L b","OGLE-2008-BLG-355L",1,,4.60000000,,6800.00000000
"Kepler-419 c","Kepler-419",1,,7.30000000,,1011.36000000
"HATS-4 b","HATS-4",1,11.43300000,1.32300000,"G",416.45900000
"OGLE-2013-BLG-0341L B b","OGLE-2013-BLG-0341L B",2,,0.00522000,,911.00000000
"XO-2 S b","XO-2 S",2,,0.26000000,"G8 V",151.39800000
"XO-2 S c","XO-2 S",2,,1.38000000,"G8 V",151.39800000
"HD 150706 b","HD 150706",1,,2.71000000,"G0 V",28.26970000
"CoRoT-22 b","CoRoT-22",1,4.88000000,0.03800000,"G3 V",627.15800000
"Kepler-412 b","Kepler-412",1,15.03126900,0.94100000,,1086.24000000
"WASP-117 b","WASP-117",1,11.88154000,0.30000000,,157.96300000
"GJ 15 A b","GJ 15 A",2,,0.00953340,"M1",3.56228000
"WASP-104 b","WASP-104",2,12.74500000,1.27200000,"G8",185.93200000
"WASP-106 b","WASP-106",1,12.10569916,1.93000000,,352.18100000
"HD 14067 b","HD 14067",1,,15.30000000,"G9 III",142.02400000
"HIP 67851 b","HIP 67851",1,,1.15000000,"K0 III",64.11810000
"HIP 67851 c","HIP 67851",1,,4.97000000,"K0 III",64.11810000
"HIP 97233 b","HIP 97233",1,,19.18700000,,102.27500000
"WASP-94 A b","WASP-94 A",2,17.71022000,0.50000000,,211.21100000
"WASP-94 B b","WASP-94 B",2,,0.61800000,"F9",208.69600000
"KIC 10001893 b","KIC 10001893",1,,,,1672.94000000
"KIC 10001893 c","KIC 10001893",1,,,,1672.94000000
"KIC 10001893 d","KIC 10001893",1,,,,1672.94000000
"Kepler-424 c","Kepler-424",1,,6.97000000,,698.64600000
"WASP-69 b","WASP-69",1,11.21000000,0.26000000,"K",49.96050000
"WASP-70 A b","WASP-70 A",2,13.04700000,0.59000000,"G4",222.35500000
"WASP-84 b","WASP-84",1,10.72000000,0.69200000,"K0",100.58800000
"TYC 1422-614-1 b","TYC 1422-614-1",1,,2.50000000,,672.41000000
"TYC 1422-614-1 c","TYC 1422-614-1",1,,10.00000000,,672.41000000
"OGLE-2008-BLG-092L b","OGLE-2008-BLG-092L",2,,0.18000000,,8100.00000000
"Kepler-289 d","Kepler-289",1,3.03000000,0.01677006,,704.43800000
"HD 5319 c","HD 5319",1,,1.05300000,,121.40500000
"HD 10442 b","HD 10442",1,,1.48700000,,135.37400000
"HD 75784 b","HD 75784",1,,1.00000000,,85.43210000
"GJ 3293 b","GJ 3293",1,,0.07406475,"M2.5",20.19030000
"GJ 3293 c","GJ 3293",1,,0.06635623,"M2.5",20.19030000
"GJ 3341 b","GJ 3341",1,,0.02080000,"M2.5",23.61900000
"HIP 116454 b","HIP 116454",2,2.46900000,0.03051961,,62.44910000
"HD 564 b","HD 564",1,,0.33000000,"G2/G3 V",51.16590000
"HD 30669 b","HD 30669",1,,0.47000000,"G9 V",58.08440000
"Kepler-755 b","Kepler-755",2,1.76000000,,,399.03400000
"HD 108341 b","HD 108341",2,,3.50000000,"K2 V",48.91020000
"HD 103720 b","HD 103720",1,,0.62000000,"K3 V",45.53520000
"BD-11 4672 b","BD-11 4672",1,,0.65000000,,27.16650000
"OGLE-2013-BLG-0102L b","OGLE-2013-BLG-0102L",1,,13.00000000,,3040.00000000
"BD+49 828 b","BD+49 828",1,,1.60000000,"K0",442.04200000
"HD 145934 b","HD 145934",1,,2.07200000,,227.88100000
"Kepler-445 d","Kepler-445",1,1.25000000,,"M4",127.20100000
"HD 95127 b","HD 95127",1,,10.63000000,,676.57900000
"HD 216536 b","HD 216536",1,,1.05000000,,376.23300000
"OGLE-2014-BLG-0124L b","OGLE-2014-BLG-0124L",1,,0.65000000,,3500.00000000
"Kepler-1734 b","Kepler-1734",1,3.08851092,,,1482.83000000
"WASP-82 b","WASP-82",1,18.15858000,1.17000000,,275.66400000
"K2-3 b","K2-3",1,2.07800000,0.01607786,"M V",44.07270000
"K2-3 c","K2-3",1,1.58200000,0.00843222,"M V",44.07270000
"K2-3 d","K2-3",1,1.45800000,0.00692197,"M V",44.07270000
"OGLE-2011-BLG-0265L b","OGLE-2011-BLG-0265L",1,,0.88000000,,4380.00000000
"WASP-20 b","WASP-20",2,15.46839337,,,211.87700000
"HD 1605 b","HD 1605",1,,0.93400000,"K1 IV",88.80470000
"HD 1605 c","HD 1605",1,,3.62000000,"K1 IV",88.80470000
"HD 1666 b","HD 1666",1,,6.43000000,"F7 V",117.90800000
"HD 67087 b","HD 67087",1,,3.06000000,"F8 V",76.52170000
"Kepler-265 c","Kepler-265",1,2.63000000,,,1280.25000000
"HD 67087 c","HD 67087",1,,4.85000000,"F8 V",76.52170000
"CoRoT-28 b","CoRoT-28",1,10.70459500,0.48400000,"G8/9 IV",766.18300000
"CoRoT-29 b","CoRoT-29",1,10.08810000,0.85000000,"K0 V",806.50700000
"HAT-P-54 b","HAT-P-54",1,10.58129600,0.76000000,,143.65100000
"HD 100546 b","HD 100546",1,77.34210000,8.50000000,"B9 Vne",109.67700000
"Kepler-432 c","Kepler-432",2,,2.43000000,,848.02300000
"HATS-6 b","HATS-6",1,11.18658200,0.31900000,"M1 V",169.31800000
"HD 7924 c","HD 7924",1,,0.02473020,"K0.5 V",16.99220000
"HD 7924 d","HD 7924",1,,0.02026240,"K0.5 V",16.99220000
"VHS J125601.92-125723.9 b","VHS J125601.92-125723.9",2,13.67495645,16.00000000,,
"Kepler-756 b","Kepler-756",1,1.12000000,,,
"2MASS J02192210-3925225 b","2MASS J02192210-3925225",1,16.14096000,13.90000000,"M6",
"HATS-9 b","HATS-9",1,13.85000000,,,638.70000000
"HATS-10 b","HATS-10",1,10.86152100,0.52600000,,534.88900000
"alf Tau b","alf Tau",2,,6.47000000,"K5 III",20.43320000
"2MASS J19383260+4603591 b","2MASS J19383260+4603591",2,,1.86000000,,396.33200000
"MOA-2010-BLG-328L b","MOA-2010-BLG-328L",1,,0.02900000,,810.00000000
"MOA-2011-BLG-262L b","MOA-2011-BLG-262L",1,,0.05300000,,7200.00000000
"HIP 65891 b","HIP 65891",1,,6.10000000,"K0 III",150.29200000
"HIP 107773 b","HIP 107773",1,,1.98000000,"K1 III",105.18000000
"KELT-7 b","KELT-7",1,17.93440000,1.39000000,,136.68100000
"HAT-P-55 b","HAT-P-55",1,14.84069045,0.59600000,,511.38800000
"HATS-8 b","HATS-8",1,9.78545700,0.13800000,,794.63700000
"WASP-74 b","WASP-74",1,15.24424000,0.72000000,,149.21600000
"WASP-83 b","WASP-83",1,11.65736000,0.30000000,"G8",271.10300000
"WASP-89 b","WASP-89",1,11.65736000,5.90000000,"K3",290.94600000
"K2-4 b","K2-4",1,2.10000000,,,231.82800000
"K2-5 b","K2-5",1,1.91000000,,"K7.5 V",202.94300000
"K2-5 c","K2-5",1,2.26000000,,"K7.5 V",202.94300000
"K2-6 b","K2-6",1,2.50000000,,,316.81900000
"K2-7 b","K2-7",1,4.03523305,,,738.55300000
"K2-8 b","K2-8",1,3.58000000,,"K3 V",403.51300000
"K2-9 b","K2-9",1,2.25000000,,"M2.5 V",82.96310000
"K2-19 b","K2-19",1,7.00000000,0.09690764,,289.82700000
"K2-19 c","K2-19",1,4.10000000,0.03460987,,289.82700000
"K2-10 b","K2-10",1,3.77300000,0.07928807,,272.36000000
"K2-11 b","K2-11",1,7.55000000,,,329.30900000
"K2-12 b","K2-12",1,2.44000000,0.01636103,,326.38100000
"K2-13 b","K2-13",1,1.89000000,,,342.39400000
"K2-14 b","K2-14",1,4.81000000,,,364.04800000
"K2-15 b","K2-15",1,2.48000000,,,493.99200000
"K2-16 b","K2-16",1,2.02000000,,"K3 V",334.96700000
"K2-16 c","K2-16",1,2.54000000,,"K3 V",334.96700000
"K2-17 b","K2-17",1,2.23000000,,,125.10600000
"K2-18 b","K2-18",1,2.37000000,0.02806532,,38.02660000
"HAT-P-56 b","HAT-P-56",1,16.92559000,2.31000000,,320.63900000
"HD 219134 b","HD 219134",1,1.60200000,0.01491363,,6.53127000
"HD 219134 c","HD 219134",1,1.51100000,0.01371803,,6.53127000
"HD 219134 d","HD 219134",1,1.61000000,0.05087625,,6.53127000
"HATS-13 b","HATS-13",1,13.58530800,0.54300000,,421.85500000
"HATS-14 b","HATS-14",1,11.64615100,1.07100000,,513.01100000
"OGLE-2012-BLG-0563L b","OGLE-2012-BLG-0563L",1,,0.39000000,,1300.00000000
"51 Eri b","51 Eri",3,,10.90000000,,29.75750000
"KELT-8 b","KELT-8",1,18.15858000,0.66000000,,197.57200000
"KELT-6 c","KELT-6",1,,3.71000000,,240.72600000
"HD 164595 b","HD 164595",2,,0.05078186,"G2 V",28.25400000
"K2-21 b","K2-21",1,1.84000000,,,83.64480000
"K2-21 c","K2-21",1,2.49000000,,,83.64480000
"K2-22 b","K2-22",2,2.30000000,,,243.83600000
"WASP-47 c","WASP-47",1,,1.40641928,,264.78000000
"WASP-47 d","WASP-47",1,3.65000000,0.04876845,,264.78000000
"WASP-47 e","WASP-47",1,1.83000000,0.02831717,,264.78000000
"WASP-41 c","WASP-41",1,,3.18000000,,163.37100000
"HD 11755 b","HD 11755",1,,5.63000000,,235.04500000
"HD 12648 b","HD 12648",1,,1.96000000,,182.19200000
"HD 24064 b","HD 24064",1,,12.89000000,,300.24700000
"8 UMi b","8 UMi",1,,1.65000000,,162.55200000
"Kepler-453 b","Kepler-453",2,6.20400000,0.05034138,,442.84600000
"HAT-P-57 b","HAT-P-57",3,19.50366000,1.41000000,,279.86000000
"GJ 1132 b","GJ 1132",1,1.19151465,0.00578000,,12.61300000
"Kepler-757 b","Kepler-757",1,1.36000000,,,1068.68000000
"HAT-P-50 b","HAT-P-50",1,14.43719200,1.35000000,,515.45800000
"HAT-P-51 b","HAT-P-51",1,13.50682174,0.30700000,,440.08900000
"HAT-P-52 b","HAT-P-52",1,11.30988100,0.81800000,,361.15500000
"HAT-P-53 b","HAT-P-53",1,14.77346200,1.48400000,,666.80200000
"HD 175607 b","HD 175607",1,,0.02825410,"G6 V",40.33030000
"HD 219134 f","HD 219134",1,1.31000000,0.02296825,,6.53127000
"HD 219134 g","HD 219134",1,,0.03400000,"K3 V",6.53127000
"HD 219134 h","HD 219134",1,,0.34000000,"K3 V",6.53127000
"WASP-135 b","WASP-135",1,14.57170000,1.90000000,"G5 V",298.21400000
"LkCa 15 c","LkCa 15",1,,,,158.15200000
"Kepler-758 b","Kepler-758",1,2.48000000,,,1502.32000000
"Kepler-454 c","Kepler-454",2,,4.51000000,,230.86900000
"HD 95872 b","HD 95872",1,,3.74000000,,72.21950000
"psi1 Dra B b","psi1 Dra B",3,,1.53000000,"G0 V",22.71880000
"Wolf 1061 b","Wolf 1061",1,,0.00600950,"M3.5",4.30592000
"Wolf 1061 c","Wolf 1061",1,,0.01072901,"M3.5",4.30592000
"Wolf 1061 d","Wolf 1061",1,,0.02422679,"M3.5",4.30592000
"KIC 3558849 b","KIC 3558849",1,6.90000000,,,1215.70000000
"KIC 8540376 b","KOI-7892",1,4.10000000,,,1072.30000000
"KIC 8540376 c","KOI-7892",1,2.40000000,,,1072.30000000
"Kepler-759 b","Kepler-759",1,2.27000000,,,1073.48000000
"KIC 10525077 b","KIC 10525077",1,5.50000000,,,1461.15000000
"K2-25 b","K2-25",1,3.44000000,0.07708562,"M4.5 V",44.95650000
"HD 32963 b","HD 32963",1,,0.70000000,,38.07860000
"HD 33844 b","HD 33844",1,,2.01000000,,105.77900000
"HD 33844 c","HD 33844",1,,1.75000000,"K0 III",105.77900000
"K2-26 b","K2-26",1,2.67000000,,"M1.0 V",99.05040000
"WASP-76 b","WASP-76",2,20.78145022,0.89400000,"F7",194.45900000
"WASP-90 b","WASP-90",1,18.27067000,0.63000000,"F6",466.43300000
"HD 5583 b","HD 5583",1,,5.78000000,,219.21600000
"BD+15 2375 b","BD+15 2375",1,,1.06100000,,768.04500000
"Pr0211 c","Pr0211",2,,7.79000000,,182.71400000
"HD 143105 b","HD 143105",1,,1.21000000,"F5",46.77890000
"HIP 109600 b","HIP 109600",2,,2.68000000,"G5",66.33610000
"HD 35759 b","HD 35759",1,,3.76000000,"G0",71.24230000
"HIP 109384 b","HIP 109384",1,,1.56000000,"G5",58.95820000
"HD 220842 b","HD 220842",2,,3.18000000,"F8",64.64980000
"HD 12484 b","HD 12484",1,,2.98000000,"F8",48.33670000
"HIP 65407 b","HIP 65407",1,,0.42800000,"K0",61.78040000
"HIP 65407 c","HIP 65407",1,,0.78400000,"K0",61.78040000
"HD 141399 b","HD 141399",1,,0.45100000,"K0",37.01690000
"HD 141399 c","HD 141399",1,,1.33000000,"K0",37.01690000
"HD 141399 d","HD 141399",1,,1.18000000,"K0",37.01690000
"HD 141399 e","HD 141399",1,,0.66000000,"K0",37.01690000
"KELT-4 A b","KELT-4 A",3,19.04409100,0.90200000,"F",218.05000000
"HIP 8541 b","HIP 8541",2,,7.71400000,,155.12100000
"HIP 74890 b","HIP 74890",1,,2.40000000,"K1 III",78.65620000
"KELT-14 b","KELT-14",1,19.53728700,1.28400000,"G4",250.12100000
"KELT-15 b","KELT-15",2,19.50366000,1.31000000,,324.68300000
"OGLE-2015-BLG-0966L b","OGLE-2015-BLG-0966L",1,,0.06600000,,3300.00000000
"K2-29 b","K2-29",2,13.33871000,0.73000000,"G7 V",178.47500000
"HATS-17 b","HATS-17",1,8.70939300,1.33800000,"G V",400.33100000
"MOA-2011-BLG-028L b","MOA-2011-BLG-028L",1,,0.09000000,,7380.00000000
"TYC 3667-1280-1 b","TYC 3667-1280-1",1,,5.40000000,,477.51600000
"K2-30 b","K2-30",1,11.64615100,0.57900000,"G6 V",333.04200000
"KELT-10 b","KELT-10",1,15.68139100,0.67900000,"G0 V",188.40400000
"OGLE-2012-BLG-0724L b","OGLE-2012-BLG-0724L",1,,0.47000000,"M V",6700.00000000
"TRAPPIST-1 b","TRAPPIST-1",1,1.11600000,0.00432309,,
"TRAPPIST-1 c","TRAPPIST-1",1,1.09700000,0.00411543,,
"TRAPPIST-1 d","TRAPPIST-1",1,0.78800000,0.00122078,,
"K2-34 b","K2-34",1,13.75000000,,,348.64600000
"WASP-119 b","WASP-119",1,15.69260000,1.23000000,"G5",302.44800000
"WASP-124 b","WASP-124",1,13.89916000,0.60000000,"F9",448.63700000
"WASP-126 b","WASP-126",1,,0.28411415,,216.52600000
"WASP-129 b","WASP-129",2,10.42437000,1.00000000,"G1",301.46200000
"WASP-133 b","WASP-133",1,13.56289000,1.16000000,"G4",559.08400000
"Kepler-539 c","Kepler-539",1,,2.40000000,"G2 V",307.31800000
"HD 191806 b","HD 191806",1,,9.33400000,,65.66680000
"HD 214823 b","HD 214823",2,,18.61000000,,101.36800000
"HD 221585 b","HD 221585",1,,1.61000000,"G8 IV",55.85350000
"Kepler-1647 b","Kepler-1647",2,11.87390000,1.51968033,,1212.45000000
"MOA-2013-BLG-605L b","MOA-2013-BLG-605L",1,,0.01020000,,850.00000000
"HD 219828 c","HD 219828",1,,16.05400000,,73.11400000
"WASP-120 b","WASP-120",1,15.58048317,,"F5",381.17400000
"WASP-123 b","WASP-123",2,15.13212395,,"G5",197.99600000
"HATS-25 b","HATS-25",1,14.12334000,0.61300000,"G",471.15800000
"HATS-26 b","HATS-26",1,19.61575000,0.65000000,"F",861.84300000
"HATS-27 b","HATS-27",1,16.81350000,0.53000000,"F",816.98800000
"HATS-28 b","HATS-28",1,13.38354600,0.67200000,"G",535.38300000
"HATS-29 b","HATS-29",1,14.02245900,0.65300000,"G",353.89100000
"HATS-30 b","HATS-30",2,13.17057500,0.70600000,"G",342.14000000
"Kepler-502 b","Kepler-502",1,4.77000000,,,1591.04000000
"WASP-121 b","WASP-121",1,19.52604438,1.17000000,,269.89800000
"MOA-2010-BLG-353L b","MOA-2010-BLG-353L",1,,0.27000000,,6430.00000000
"V830 Tau b","V830 Tau",1,,0.70000000,,130.11100000
"HATS-15 b","HATS-15",1,12.38594500,2.17000000,"G9 V",1139.55000000
"HATS-16 b","HATS-16",1,14.57170000,3.27000000,"G3 V",757.04400000
"WASP-157 b","WASP-157",1,11.19000000,,,334.03700000
"K2-38 b","K2-38",1,1.54000000,0.02296837,"G2 V",192.69000000
"K2-38 c","K2-38",1,2.29000000,0.02611472,"G2 V",192.69000000
"HIP 41378 b","HIP 41378",1,2.64000000,0.02170983,,106.28900000
"HIP 41378 c","HIP 41378",1,2.74000000,0.01878372,,106.28900000
"HIP 41378 d","HIP 41378",1,3.65000000,0.02054568,,106.28900000
"HIP 41378 e","HIP 41378",1,5.19000000,0.02397520,,106.28900000
"HIP 41378 f","HIP 41378",1,9.47000000,0.07865880,,106.28900000
"NGC 2682 YBP 401 b","NGC 2682 YBP 401",1,,0.46000000,"F9 V",830.82200000
"WASP-113 b","WASP-113",1,15.79348100,0.47500000,"G1",435.15600000
"WASP-114 b","WASP-114",2,15.00885100,1.76900000,"G0",523.33700000
"OGLE-2015-BLG-0954L b","OGLE-2015-BLG-0954L",1,,3.40000000,,1200.00000000
"GJ 3998 b","GJ 3998",1,,0.00786588,,18.14590000
"GJ 3998 c","GJ 3998",1,,0.02145812,,18.14590000
"BD+20 594 b","BD+20 594",1,2.57807000,0.07000000,,179.46100000
"Kepler-760 b","Kepler-760",1,3.06000000,,,792.33600000
"KIC 7917485 b","KIC 7917485",1,,11.80000000,"A",1382.89000000
"HD 87646 b","HD 87646",3,,12.40000000,"G",73.58352000
"Proxima Cen b","Proxima Cen",3,,0.00331940,"M5.5 V",1.30119000
"K2-95 b","K2-95",1,3.31000000,,,179.85400000
"HD 3167 b","HD 3167",1,1.60100000,0.01524093,,47.28990000
"HD 3167 c","HD 3167",1,2.98300000,0.03589987,,47.28990000
"HD 133131 A b","HD 133131 A",2,,1.42000000,"G2 V",51.47360000
"HD 133131 A c","HD 133131 A",2,,0.42000000,"G2 V",51.47360000
"HD 133131 B b","HD 133131 B",2,,2.50000000,"G2 V",51.29930000
"HR 2562 b","HR 2562",1,,22.00000000,"F5 V",34.00710000
"Kepler-266 b","Kepler-266",1,2.48000000,,,1370.79000000
"KELT-17 b","KELT-17",1,17.09372500,1.31000000,"A",226.50000000
"WASP-92 b","WASP-92",1,16.37634900,0.80500000,"F7",575.88900000
"WASP-93 b","WASP-93",1,17.90077300,1.47000000,"F4",370.28400000
"WASP-118 b","WASP-118",1,16.14096000,0.51400000,"F6",376.65800000
"HD 111998 b","HD 111998",1,,4.80000000,"F6 V",33.22370000
"HAT-P-65 b","HAT-P-65",1,18.05766791,0.55400000,,738.51900000
"HAT-P-66 b","HAT-P-66",1,17.82231000,0.78300000,"G0",935.45600000
"OGLE-2007-BLG-349L AB c","OGLE-2007-BLG-349L A",2,,0.25170815,"M",2760.00000000
"HATS-11 b","HATS-11",1,18.03000000,,,944.60300000
"HATS-12 b","HATS-12",1,7.76000000,,,746.13800000
"GJ 676 A c","GJ 676 A",2,,13.49200000,,16.02720000
"OGLE-2015-BLG-0051L b","OGLE-2015-BLG-0051L",1,,0.72000000,,8200.00000000
"Kepler-56 d","Kepler-56",1,,5.61000000,,912.99400000
"HD 42618 b","HD 42618",1,,0.04530724,"G4 V",24.33580000
"HD 164922 c","HD 164922",1,,0.04090237,,22.00160000
"rho CrB c","rho CrB",1,,0.08634219,"G0",17.46710000
"HATS-18 b","HATS-18",1,14.89676100,1.97950000,,624.36800000
"OGLE-2012-BLG-0950L b","OGLE-2012-BLG-0950L",1,,0.11000000,"M V",2600.00000000
"OGLE-2014-BLG-1760L b","OGLE-2014-BLG-1760L",1,,0.93100000,"K",7056.00000000
"HD 9174 b","HD 9174",1,,1.11000000,"G8 IV",81.48930000
"Kepler-761 b","Kepler-761",1,2.03000000,,,830.70700000
"HD 68402 b","HD 68402",1,,3.07000000,"G5 IV/V",78.42930000
"HD 72892 b","HD 72892",1,,5.46800000,,69.73110000
"HD 128356 b","HD 128356",1,,0.89000000,"K3 V",26.15480000
"HD 147873 b","HD 147873",2,,5.14000000,"G1 V",109.05500000
"HD 147873 c","HD 147873",2,,2.30000000,"G1 V",109.05500000
"HD 165155 b","HD 165155",1,,2.89000000,"G8 V",63.35740000
"HD 224538 b","HD 224538",1,,6.53100000,,79.06080000
"2MASS J22362452+4751425 b","2MASS J22362452+4751425",1,,12.50000000,"K7 V",69.57370000
"GJ 536 b","GJ 536",1,,0.02004226,,10.40920000
"WASP-130 b","WASP-130",1,9.97601000,1.23000000,"G6",172.25600000
"WASP-131 b","WASP-131",1,13.74221034,0.27300000,,200.07500000
"WASP-132 b","WASP-132",1,10.09929161,0.42800000,"K4 V",122.91000000
"WASP-139 b","WASP-139",2,8.96720000,0.11700000,"K0",212.47200000
"WASP-140 b","WASP-140",2,14.23540549,,"K0",117.59800000
"WASP-141 b","WASP-141",1,13.56289000,2.69000000,"F9",516.54300000
"WASP-142 b","WASP-142",1,17.14977000,0.84000000,"F8",730.93300000
"HATS-31 b","HATS-31",1,18.38276000,0.88000000,,773.97400000
"HATS-32 b","HATS-32",1,14.00004100,0.92000000,,745.11600000
"HATS-33 b","HATS-33",1,13.78707000,1.19200000,,248.46000000
"HATS-34 b","HATS-34",1,16.02887000,0.94100000,,508.84200000
"Kepler-418 b","Kepler-418",1,13.45000000,1.10000000,,1002.53000000
"HATS-35 b","HATS-35",1,16.40997600,1.22200000,,514.55500000
"HD 86950 b","HD 86950",1,,3.60000000,"K1 III",209.83900000
"HD 222076 b","HD 222076",1,,1.56000000,"K0 III",91.15380000
"WASP-127 b","WASP-127",2,14.69499900,0.16470000,,159.50700000
"WASP-136 b","WASP-136",1,16.81347105,,"F",275.58700000
"WASP-138 b","WASP-138",1,12.21781000,1.22000000,,414.23400000
"K2-101 b","K2-101",1,2.00000000,,,188.33000000
"K2-102 b","K2-102",1,1.30000000,,,188.17500000
"EPIC 211822797 b","EPIC 211822797",1,1.92000000,,,186.19700000
"OGLE-2014-BLG-0676L b","OGLE-2014-BLG-0676L",1,,3.68000000,,2670.00000000
"XO-6 b","XO-6",1,23.20263000,4.40000000,"F5",235.47900000
"HD 30177 c","HD 30177",1,,4.67000000,"G8 V",55.58670000
"EPIC 220674823 b","EPIC 220674823",1,1.60600000,0.02372349,"G5 V",244.59000000
"EPIC 220674823 c","EPIC 220674823",1,2.71200000,0.02485618,"G5 V",244.59000000
"K2-107 b","K2-107",1,15.98000000,,,685.20000000
"WASP-53 b","WASP-53",1,12.03846600,2.13200000,,201.33800000
"WASP-53 c","WASP-53",1,,16.35000000,,201.33800000
"WASP-81 b","WASP-81",1,16.01766100,0.72900000,,398.50500000
"TAP 26 b","TAP 26",1,,1.66000000,,121.40200000
"KELT-16 b","KELT-16",2,15.86073500,2.75000000,"F7 V",444.58600000
"TRAPPIST-1 e","TRAPPIST-1",1,0.92000000,0.00217728,,
"TRAPPIST-1 f","TRAPPIST-1",1,1.04500000,0.00326906,,
"TRAPPIST-1 g","TRAPPIST-1",1,1.12900000,0.00415633,,
"TRAPPIST-1 h","TRAPPIST-1",1,0.75500000,0.00102571,,
"HD 106315 b","HD 106315",1,2.44000000,0.03964383,"F5 V",109.35300000
"HD 106315 c","HD 106315",1,4.35000000,0.04782431,"F5 V",109.35300000
"HD 17674 b","HD 17674",1,,0.87000000,"G0 V",44.42640000
"HD 42012 b","HD 42012",1,,1.60000000,"K0",36.79840000
"HD 29021 b","HD 29021",1,,4.47000000,"G5",30.99390000
"HATS-22 b","HATS-22",1,10.68217700,2.74000000,"K V",229.51800000
"Kepler-474 b","Kepler-474",1,3.06000000,,,841.49600000
"HATS-23 b","HATS-23",1,20.84874000,1.47000000,"G V",639.00400000
"HATS-24 b","HATS-24",1,15.63655500,2.26000000,,494.18200000
"Kepler-20 g","Kepler-20",2,,0.06280087,,282.56300000
"NGC 2682 Sand 978 b","NGC 2682 Sand 978",1,,2.18000000,"K4 III",821.91800000
"GJ 3138 b","GJ 3138",1,,0.00560048,"M0",28.47120000
"GJ 3138 c","GJ 3138",1,,0.01315168,"M0",28.47120000
"GJ 3138 d","GJ 3138",1,,0.03303653,"M0",28.47120000
"GJ 3323 b","GJ 3323",1,,0.00635560,"M4",5.37484000
"GJ 3323 c","GJ 3323",1,,0.00726804,"M4",5.37484000
"GJ 273 b","GJ 273",1,,0.00909291,"M3.5",5.92153500
"Kepler-768 b","Kepler-768",1,1.79000000,,,784.56000000
"GJ 273 c","GJ 273",1,,0.00371268,"M3.5",5.92153500
"GJ 3293 d","GJ 3293",1,,0.02391215,"M2.5",20.19030000
"GJ 3293 e","GJ 3293",1,,0.01031998,"M2.5",20.19030000
"HAT-P-67 b","HAT-P-67",2,23.98721870,0.45000000,,371.68600000
"Kepler-19 d","Kepler-19",1,,0.07079256,,218.56200000
"Kepler-150 f","Kepler-150",1,3.64000000,,,891.09200000
"Qatar-3 b","Qatar-3",1,12.28506400,4.31000000,"G0 V",735.60100000
"Qatar-4 b","Qatar-4",1,12.72221500,6.10000000,"K1 V",329.03600000
"Qatar-5 b","Qatar-5",1,12.40836300,4.32000000,"G2 V",367.65800000
"LHS 1140 b","LHS 1140",1,1.73000000,0.01761957,"M4.5 V",14.98610000
"HIP 67537 b","HIP 67537",1,,13.55800000,,116.04600000
"KELT-18 b","KELT-18",2,17.59813000,1.18000000,"F4 V",321.37600000
"KELT-12 b","KELT-12",1,19.95202000,0.95000000,,368.03000000
"KELT-11 b","KELT-11",1,15.13212395,0.20500000,,99.15960000
"OGLE-2016-BLG-1195L b","OGLE-2016-BLG-1195L",1,,0.00450000,,3910.00000000
"MOA-2016-BLG-227L b","MOA-2016-BLG-227L",1,,2.80000000,,6500.00000000
"KELT-9 b","KELT-9",2,21.70058664,2.88000000,"A",204.45500000
"HD 3167 d","HD 3167",1,,0.02296837,,47.28990000
"HD 20794 e","HD 20794",1,,0.01500802,"G8",6.00278000
"HD 27894 c","HD 27894",1,,0.16200000,"K2 V",43.82140000
"HD 27894 d","HD 27894",1,,6.49300000,,43.82140000
"BD+03 2562 b","BD+03 2562",1,,6.40000000,,1070.63000000
"HD 177565 b","HD 177565",1,,0.04750967,,16.91790000
"MOA-2012-BLG-505L b","MOA-2012-BLG-505L",1,,0.02110000,,7210.00000000
"TYC 4282-00605-1 b","TYC 4282-00605-1",1,,10.78000000,,464.12800000
"HIP 65426 b","HIP 65426",1,16.81350000,9.00000000,"A2 V",108.87500000
"WASP-167 b","WASP-167",1,17.71022000,8.00000000,"F1 V",423.55200000
"K2-113 b","K2-113",1,12.14000000,,,635.72200000
"MXB 1658-298 b","MXB 1658-298",2,,23.70000000,,
"tau Cet g","tau Cet",1,,0.00550609,,3.60304000
"tau Cet h","tau Cet",1,,0.00575780,,3.60304000
"tau Cet f","tau Cet",1,,0.01236510,,3.60304000
"WASP-91 b","WASP-91",1,11.54527000,1.34000000,"K3",149.94200000
"WASP-105 b","WASP-105",1,10.76064000,1.80000000,"K2",169.27200000
"WASP-107 b","WASP-107",1,,0.09600000,,64.74140000
"YZ Cet b","YZ Cet",1,,0.00220245,"M4.5 V",3.71207000
"YZ Cet c","YZ Cet",1,,0.00358684,"M4.5 V",3.71207000
"YZ Cet d","YZ Cet",1,,0.00342952,"M4.5 V",3.71207000
"MOA-2012-BLG-006L b","MOA-2012-BLG-006L",1,,8.40000000,,5300.00000000
"CoRoT-32 b","CoRoT-32",1,6.38913000,0.15000000,"G0 VI",576.68300000
"OGLE-2016-BLG-0263L b","OGLE-2016-BLG-0263L",1,,4.10000000,,6500.00000000
"GJ 625 b","GJ 625",1,,0.00887267,"M2",6.47249000
"HD 208897 b","HD 208897",1,,1.19400000,"K0",67.48720000
"K2-117 c","K2-117",1,2.06000000,,,101.63200000
"K2-118 b","K2-118",1,2.54000000,,,321.72200000
"K2-125 b","K2-125",1,2.18000000,,,124.15600000
"K2-128 b","K2-128",1,1.42000000,,,114.63700000
"K2-129 b","K2-129",1,1.04000000,,,27.79570000
"K2-130 b","K2-130",1,1.25000000,,,118.01100000
"K2-131 b","K2-131",1,1.69000000,0.02485618,,152.50900000
"GJ 1148 c","GJ 1148",1,,0.21413963,,11.01430000
"K2-132 b","K2-132",1,14.57170000,0.49000000,,609.81800000
"K2-133 b","K2-133",1,1.34000000,,"M1.5 V",75.17030000
"K2-133 c","K2-133",1,1.60300000,,"M1.5 V",75.17030000
"K2-133 d","K2-133",1,2.00300000,,"M1.5 V",75.17030000
"WASP-151 b","WASP-151",1,13.30506009,0.31600000,,453.09900000
"WASP-153 b","WASP-153",1,17.37395000,0.39000000,"G0",610.17600000
"WASP-156 b","WASP-156",1,6.15000000,0.13214678,"K3 V",122.06600000
"OGLE-2013-BLG-0132L b","OGLE-2013-BLG-0132L",1,,0.29000000,,3900.00000000
"OGLE-2013-BLG-1721L b","OGLE-2013-BLG-1721L",1,,0.64000000,,6300.00000000
"HD 34445 c","HD 34445",1,,0.16800000,"G0 V",46.09070000
"HD 34445 d","HD 34445",1,,0.09700000,"G0 V",46.09070000
"HD 34445 e","HD 34445",1,,0.05290000,"G0 V",46.09070000
"HD 34445 f","HD 34445",1,,0.11900000,"G0 V",46.09070000
"HD 34445 g","HD 34445",1,,0.38000000,"G0 V",46.09070000
"MASCARA-1 b","MASCARA-1",1,17.90074218,,,182.27300000
"GJ 9827 b","GJ 9827",1,1.44000000,0.01346639,"K7 V",29.66100000
"GJ 9827 c","GJ 9827",1,1.13000000,0.00585221,"K7 V",29.66100000
"GJ 9827 d","GJ 9827",1,1.98000000,0.00950198,"K7 V",29.66100000
"KELT-20 b","KELT-20",1,19.51486900,3.38200000,"A2 V",136.42600000
"NGTS-1 b","NGTS-1",1,14.90797000,0.81200000,"M0.5",218.12100000
"K2-136 b","K2-136",2,1.01400000,0.01352931,,59.24740000
"K2-136 c","K2-136",2,3.00000000,0.05694897,,59.24740000
"K2-136 d","K2-136",2,1.56500000,0.00943906,,59.24740000
"K2-137 b","K2-137",1,0.64000000,,,98.87650000
"Ross 128 b","Ross 128",1,,0.00440487,"M4",3.37454000
"HD 76920 b","HD 76920",1,,3.13000000,,184.03100000
"HD 40956 b","HD 40956",1,,2.70000000,,116.59300000
"HD 111591 b","HD 111591",1,,4.40000000,,114.16600000
"HD 113996 b","HD 113996",2,,6.30000000,,116.33400000
"OGLE-2016-BLG-1190L b","OGLE-2016-BLG-1190L",1,,13.38000000,,6770.00000000
"OGLE-2016-BLG-0613L AB b","OGLE-2016-BLG-0613L AB",2,,4.18000000,,3410.00000000
"K2-139 b","K2-139",1,9.11000000,,,153.85600000
"Kepler-80 g","Kepler-80",1,1.13000000,,,369.45100000
"Kepler-90 i","KOI-351",1,1.32000000,,,848.25400000
"K2-18 c","K2-18",1,,0.02362898,,38.02660000
"HD 176986 b","HD 176986",1,,0.01686445,"K2.5 V",27.78430000
"HD 176986 c","HD 176986",1,,0.03067693,"K2.5 V",27.78430000
"GJ 3942 b","GJ 3942",1,,0.02246484,"M0",16.92870000
"Kepler-500 b","Kepler-500",1,2.58000000,,,807.48000000
"Kepler-269 b","Kepler-269",1,2.47000000,,,2257.32000000
"PSR J2322-2650 b","PSR J2322-2650",1,,0.79490000,,230.00000000
"K2-140 b","K2-140",1,13.56286665,0.93000000,"G6 V",347.91700000
"HD 147379 b","HD 147379",2,,0.06796120,"M0.0 V",10.76430000
"HATS-50 b","HATS-50",1,12.66617000,0.39000000,,756.74200000
"HATS-51 b","HATS-51",1,15.80469000,0.76800000,,389.57000000
"HATS-52 b","HATS-52",1,15.49083800,2.24000000,,555.13400000
"HATS-53 b","HATS-53",1,15.02006000,0.59500000,,585.77000000
"K2-138 b","K2-138",1,1.51000000,0.00975364,,202.58500000
"K2-138 c","K2-138",1,2.29900000,0.01985338,,202.58500000
"K2-138 d","K2-138",1,2.39000000,0.02491898,,202.58500000
"Kepler-775 b","Kepler-775",1,1.19000000,,,398.67600000
"K2-138 e","K2-138",1,3.39000000,0.04080798,,202.58500000
"K2-138 f","K2-138",1,2.90400000,0.00512853,,202.58500000
"KELT-19 A b","KELT-19 A",2,21.40919000,4.07000000,"A8 V",300.27600000
"K2-141 b","K2-141",1,1.51000000,0.01563737,,61.87360000
"K2-141 c","K2-141",1,7.00000000,0.02517081,,61.87360000
"HD 238914 b","HD 238914",1,,6.00000000,,519.45200000
"TYC 3318-01333-1 b","TYC 3318-01333-1",1,,3.42000000,,490.61000000
"BD+48 740 b","BD+48 740",1,,1.70000000,,666.58900000
"K2-147 b","K2-147",1,1.47286006,,,90.54940000
"K2-148 b","K2-148",2,1.33000000,,,124.45800000
"Kepler-776 b","Kepler-776",1,1.28000000,,,727.90400000
"K2-148 c","K2-148",2,1.73000000,,,124.45800000
"K2-148 d","K2-148",2,1.64000000,,,124.45800000
"K2-149 b","K2-149",1,1.64000000,,"M1.0 V",123.67600000
"K2-150 b","K2-150",1,2.00000000,,"M2.5 V",102.48300000
"K2-152 b","K2-152",1,2.29000000,,,108.44900000
"K2-153 b","K2-153",1,2.00000000,,,143.12500000
"K2-154 b","K2-154",1,1.99000000,,,129.35600000
"K2-154 c","K2-154",1,2.07000000,,,129.35600000
"K2-155 b","K2-155",1,1.80000000,,,72.79980000
"K2-155 c","K2-155",1,2.60000000,,,72.79980000
"K2-155 d","K2-155",1,1.90000000,,,72.79980000
"KELT-21 b","KELT-21",1,17.77747400,3.91000000,"A8 V",470.87800000
"HD 215152 d","HD 215152",1,,0.00881289,"K3 V",21.59740000
"HD 215152 e","HD 215152",1,,0.00905201,"K3 V",21.59740000
"TCP J05074264+2447555 b","TCP J05074264+2447555",1,,0.06292704,,505.00000000
"Kepler-1654 b","Kepler-1654",1,9.18017100,0.50000000,"G5 V",568.11700000
"UKIRT-2017-BLG-001L b","UKIRT-2017-BLG-001L",1,,1.28000000,,6300.00000000
"OGLE-2017-BLG-0173L b","OGLE-2017-BLG-0173L",1,,0.01029000,,4705.00000000
"MOA-2010-BLG-117L b","MOA-2010-BLG-117L",1,,0.54000000,,3500.00000000
"K2-232 b","K2-232",1,11.20900000,0.39800000,,130.72000000
"K2-231 b","K2-231",1,2.50000000,,,321.21500000
"HATS-39 b","HATS-39",1,17.59813000,0.63000000,,878.52100000
"HATS-40 b","HATS-40",1,17.71022000,1.59000000,,1342.29000000
"HATS-41 b","HATS-41",1,14.90797000,9.70000000,,737.66800000
"HATS-42 b","HATS-42",1,15.69260000,1.88000000,,800.37700000
"OGLE-2017-BLG-1522L b","OGLE-2017-BLG-1522L",1,,0.75000000,,7490.00000000
"HD 158996 b","HD 158996",1,,14.00000000,"K5 III",283.65900000
"KPS-1 b","KPS-1",1,11.54527000,1.09000000,"K1 V",262.70600000
"K2-233 b","K2-233",1,1.31500000,0.00755124,"K3",67.50620000
"K2-233 c","K2-233",1,1.27200000,0.01447322,"K3",67.50620000
"K2-233 d","K2-233",1,2.36300000,0.03240742,"K3",67.50620000
"OGLE-2017-BLG-0373L b","OGLE-2017-BLG-0373L",1,,0.40100000,,5915.00000000
"gam Lib b","gam Lib",1,,1.12600000,"K0 III",47.40170000
"gam Lib c","gam Lib",1,,5.23100000,"K0 III",47.40170000
"24 Boo b","24 Boo",1,,0.88300000,"G3 IV",95.98630000
"OGLE-2017-BLG-1434L b","OGLE-2017-BLG-1434L",1,,0.01393834,,860.00000000
"HATS-43 b","HATS-43",1,13.22662000,0.26100000,,362.27300000
"HATS-44 b","HATS-44",1,11.96000300,0.56000000,,446.03500000
"HATS-45 b","HATS-45",1,14.41477400,0.70000000,,772.11000000
"HATS-46 b","HATS-46",1,10.12172700,0.17300000,,453.80800000
"HATS-7 b","HATS-7",1,6.31066700,0.12000000,"K2",240.70700000
"HD 47366 b","HD 47366",1,,2.08200000,"K1 III",84.35520000
"HD 47366 c","HD 47366",1,,1.52200000,"K1 III",84.35520000
"NGTS-3 A b","NGTS-3 A",2,16.58932000,2.38000000,"G6 V",743.97200000
"HD 89345 b","HD 89345",1,7.39794000,0.11000000,,132.34500000
"OGLE-2017-BLG-1140L b","OGLE-2017-BLG-1140L",1,,1.59000000,,
"K2-239 b","K2-239",1,1.10000000,,"M3.0 V",31.08490000
"K2-239 c","K2-239",1,1.00000000,,"M3.0 V",31.08490000
"K2-239 d","K2-239",1,1.10000000,,"M3.0 V",31.08490000
"K2-240 b","K2-240",1,2.00000000,,"M0.5 V",72.91050000
"K2-240 c","K2-240",1,1.80000000,,"M0.5 V",72.91050000
"OGLE-2017-BLG-0482L b","OGLE-2017-BLG-0482L",1,,0.02800000,,5800.00000000
"K2-237 b","K2-237",1,16.06246934,1.36600000,,314.99500000
"K2-238 b","K2-238",1,14.57170000,0.86000000,"G2 V",537.96300000
"OGLE-2014-BLG-1722L b","OGLE-2014-BLG-1722L",1,,0.17400000,,6400.00000000
"OGLE-2014-BLG-1722L c","OGLE-2014-BLG-1722L",1,,0.26300000,,6400.00000000
"GJ 1132 c","GJ 1132",1,,0.00915588,"M4.5 V",12.61300000
"HAT-P-11 c","HAT-P-11",1,,2.68000000,,37.76470000
"K2-241 b","K2-241",1,2.55000000,,,149.46400000
"K2-242 b","K2-242",1,2.54000000,,,109.23700000
"K2-158 c","K2-158",1,1.28000000,,,197.29900000
"K2-243 b","K2-243",1,2.17000000,,,266.86400000
"K2-243 c","K2-243",1,2.01000000,,,266.86400000
"K2-245 b","K2-245",1,4.34000000,,,456.06400000
"K2-246 b","K2-246",1,3.49000000,,,703.61600000
"K2-247 b","K2-247",1,2.12000000,,,258.11300000
"K2-247 c","K2-247",1,2.19000000,,,258.11300000
"K2-248 b","K2-248",1,2.57000000,,,406.25400000
"K2-249 b","K2-249",1,2.79000000,,,521.71600000
"K2-250 b","K2-250",1,2.71257333,,,414.70800000
"K2-251 b","K2-251",1,2.35000000,,,147.03000000
"K2-252 b","K2-252",1,1.74000000,,,228.83900000
"K2-253 b","K2-253",1,12.67000000,,,876.56500000
"K2-254 b","K2-254",1,1.63000000,,,227.77500000
"K2-254 c","K2-254",1,2.19000000,,,227.77500000
"K2-255 b","K2-255",1,2.90000000,,,191.60800000
"K2-257 b","K2-257",1,0.83000000,,,64.00650000
"K2-258 b","K2-258",1,3.00000000,,,661.87300000
"IC 4651 9122 b","IC 4651 9122",1,,6.30000000,,859.32400000
"Kepler-128 b","Kepler-128",1,1.42100000,0.01192467,,396.37900000
"CoRoT-20 c","CoRoT-20",1,,17.00000000,,844.06100000
"K2-260 b","K2-260",1,18.41635529,1.72000000,,663.83400000
"K2-261 b","K2-261",1,9.26982704,0.21700000,,213.28300000
"WASP-174 b","WASP-174",1,16.10730527,0.33000000,,410.14900000
"Wolf 503 b","Wolf 503",1,2.04300000,0.01969616,"K3.5 V",44.52600000
"K2-264 b","K2-264",1,2.23100000,,,185.60500000
"K2-264 c","K2-264",1,2.66800000,,,185.60500000
"HD 55696 b","HD 55696",1,,3.87000000,"G0 V",77.96930000
"HD 98736 b","HD 98736",2,,2.33000000,,32.44590000
"HD 148164 b","HD 148164",1,,1.23000000,"F8",77.19710000
"HD 148164 c","HD 148164",1,,5.16000000,"F8",77.19710000
"HD 211810 b","HD 211810",1,,0.67000000,"G5",64.63530000
"HD 75784 c","HD 75784",1,,5.64000000,,85.43210000
"NGTS-2 b","NGTS-2",1,17.87835500,0.74000000,"F5 V",356.39100000
"EPIC 246851721 b","EPIC 246851721",2,11.78065900,3.00000000,"F5 V",372.63200000
"K2-266 b","K2-266",2,3.30000000,0.03545236,,77.55860000
"K2-266 c","K2-266",2,0.70500000,0.00091285,,77.55860000
"K2-266 d","K2-266",2,2.93000000,0.02800239,,77.55860000
"K2-266 e","K2-266",2,2.73000000,0.04499261,,77.55860000
"K2-268 b","K2-268",1,1.50000000,,,327.78300000
"WASP-144 b","WASP-144",1,9.52765000,0.44000000,"K2 V",355.51300000
"WASP-145 A b","WASP-145 A",2,10.08810000,0.89000000,"K2 V",91.29900000
"WASP-158 b","WASP-158",1,11.99363000,2.79000000,"F6 V",524.99300000
"WASP-159 b","WASP-159",1,15.46842000,0.55000000,"F9",715.38300000
"WASP-162 b","WASP-162",1,11.20900000,5.20000000,"K0",310.84100000
"WASP-168 b","WASP-168",2,16.81350000,0.42000000,"F9 V",303.94100000
"WASP-172 b","WASP-172",1,17.59813000,0.47000000,"F1 V",538.11000000
"WASP-173 A b","WASP-173 A",2,13.45080000,3.69000000,"G3",232.98000000
"OGLE-2011-BLG-0173L b","OGLE-2011-BLG-0173L",1,,0.19000000,,6100.00000000
"WASP-147 b","WASP-147",1,12.49803500,0.27500000,"G4",436.09800000
"WASP-160 B b","WASP-160 B",2,12.21781000,0.27800000,"K0 V",288.32600000
"WASP-164 b","WASP-164",1,12.64375200,2.13000000,"G2 V",327.50600000
"WASP-165 b","WASP-165",1,14.12334000,0.65800000,"G6",602.23600000
"OGLE-2013-BLG-1761L b","OGLE-2013-BLG-1761L",1,,2.70000000,,6900.00000000
"GJ 96 b","GJ 96",1,,0.06185697,"M2",11.93150000
"KMT-2016-BLG-1820L b","KMT-2016-BLG-1820L",1,,4.57000000,,6260.00000000
"KMT-2016-BLG-2142L b","KMT-2016-BLG-2142L",1,,15.49000000,,7010.00000000
"Kepler-777 b","Kepler-777",1,1.47000000,,,443.10600000
"MOA-2015-BLG-337L b","MOA-2015-BLG-337L",1,,0.10600000,,7100.00000000
"KMT-2016-BLG-1397L b","KMT-2016-BLG-1397L",1,,7.00000000,,6600.00000000
"pi Men c","HD 39091",1,2.01890000,,,18.27020000
"K2-284 b","K2-284",1,2.78000000,,,107.27200000
"MOA-2016-BLG-319L b","MOA-2016-BLG-319L",1,,0.62000000,,6800.00000000
"MOA-2011-BLG-291L b","MOA-2011-BLG-291L",1,,0.05700000,,4400.00000000
"GJ 317 c","GJ 317",1,,1.43000000,"M3.5 V",15.19680000
"HD 33142 c","HD 33142",1,,0.89000000,"K0 III",121.37500000
"HD 95089 c","HD 95089",1,,3.45000000,,136.95700000
"HD 99706 c","HD 99706",1,,5.69000000,,146.60000000
"Kepler-778 b","Kepler-778",1,1.68000000,,,938.16800000
"HD 102329 c","HD 102329",1,,1.52000000,,217.10700000
"HD 116029 c","HD 116029",2,,1.27000000,,123.24500000
"HD 156279 c","HD 156279",1,,9.75000000,,36.19450000
"HD 114783 c","HD 114783",1,,1.90000000,"K1 V",21.06280000
"HATS-59 b","HATS-59",1,12.62133400,0.80600000,,642.88400000
"HATS-59 c","HATS-59",1,,12.70000000,,642.88400000
"GJ 3779 b","GJ 3779",1,,0.02517069,"M4.0 V",13.74300000
"GJ 1265 b","GJ 1265",1,,0.02328289,"M4.5 V",10.25250000
"LHS 1140 c","LHS 1140",1,1.27200000,0.00600953,"M4.5 V",14.98610000
"CoRoT-21 b","CoRoT-21",1,14.57170000,2.26000000,"F8 IV",
"HD 13167 b","HD 13167",1,,3.31000000,,148.93400000
"HD 14787 b","HD 14787",1,,1.12100000,,119.13700000
"HD 18015 b","HD 18015",1,,3.18000000,,123.80100000
"HD 72490 b","HD 72490",1,,1.76800000,,126.33900000
"HD 94834 b","HD 94834",1,,1.26000000,,98.16090000
"HD 180053 b","HD 180053",1,,2.19400000,,137.04300000
"HD 4917 b","HD 4917",1,,1.61500000,,204.27700000
"WASP-161 b","WASP-161",1,12.81188700,2.49000000,,343.08000000
"WASP-163 b","WASP-163",1,13.47321800,1.87000000,,261.38600000
"WASP-170 b","WASP-170",1,12.28506400,1.60000000,,305.60300000
"K2-285 b","K2-285",1,2.59000000,0.03045653,"K2 V",154.96100000
"K2-285 c","K2-285",1,3.53000000,0.04933455,"K2 V",154.96100000
"K2-285 d","K2-285",1,2.48000000,0.02045118,"K2 V",154.96100000
"K2-285 e","K2-285",1,1.95000000,0.03366580,"K2 V",154.96100000
"K2-286 b","K2-286",1,2.10000000,,"M0 V",76.14860000
"K2-287 b","K2-287",1,9.49402300,0.31500000,,158.33500000
"K2-288 B b","K2-288 B",2,1.90000000,,"M3 V",65.61380000
"HATS-60 b","HATS-60",1,12.92397700,0.66200000,,486.47400000
"HATS-61 b","HATS-61",1,13.39475500,3.40000000,,679.76100000
"HATS-62 b","HATS-62",1,11.82549500,0.17900000,,523.06700000
"HATS-63 b","HATS-63",1,13.52926300,0.96000000,,623.23200000
"HATS-64 b","HATS-64",1,18.81991100,0.96000000,,1080.15000000
"HATS-65 b","HATS-65",2,16.82470900,0.82100000,,493.32000000
"HATS-66 b","HATS-66",1,15.81589900,5.33000000,,1477.98000000
"HATS-67 b","HATS-67",1,18.88716500,1.45000000,,960.10900000
"HATS-68 b","HATS-68",1,13.80948800,1.29000000,,603.95500000
"HATS-69 b","HATS-69",1,10.59250500,0.57700000,,414.53700000
"HD 202696 b","HD 202696",1,,1.99600000,"K0 III-IV",188.54600000
"HD 202696 c","HD 202696",1,,1.86400000,"K0 III-IV",188.54600000
"K2-290 b","K2-290",3,3.06000000,0.03429506,,272.90900000
"Kepler-779 b","Kepler-779",2,0.92000000,,,283.15500000
"K2-290 c","K2-290",3,11.27625400,0.77400000,,272.90900000
"K2-291 b","K2-291",1,1.58900000,0.02041972,,90.05620000
"GJ 4276 b","GJ 4276",1,,0.05213479,"M4.0",21.33620000
"LHS 3844 b","LHS 3844",1,1.28600000,0.00745685,"M4.5-M5.0",14.88460000
"HD 202772 A b","HD 202772 A",2,18.23701160,1.01800000,,161.49800000
"K2-292 b","K2-292",1,2.63000000,0.07708523,"G3 V",114.29300000
"HD 20781 d","HD 20781",2,,0.03340000,"K0 V",35.97150000
"HD 20781 e","HD 20781",2,,0.04420000,"K0 V",35.97150000
"HD 45184 c","HD 45184",1,,0.02770000,"G1.5 V",21.95320000
"HATS-70 b","HATS-70",1,15.51325600,12.90000000,,1458.83000000
"Kepler-499 b","Kepler-499",1,2.17000000,,,556.72600000
"GJ 143 b","GJ 143",1,2.61000000,0.07142183,"K4.5",16.32000000
"HD 23472 b","HD 23472",1,2.00000000,0.02617765,"K4 V",39.03410000
"HD 23472 c","HD 23472",1,1.87000000,0.01072906,"K4 V",39.03410000
"KMT-2016-BLG-1107L b","KMT-2016-BLG-1107L",1,,3.28300000,,6651.00000000
"HD 219666 b","HD 219666",1,4.89800000,0.05500000,,94.17190000
"HD 1397 b","HD 1397",1,11.50043400,0.41500000,,79.57020000
"GJ 411 b","GJ 411",1,,0.00846369,,5.67577300
"WASP-190 b","WASP-190",1,12.89035000,1.00000000,"F6 IV-V",542.25100000
"Gl 378 b","Gl 378",1,,0.04096530,"M1",14.95450000
"PDS 70 b","PDS 70",1,21.96960217,3.20000000,,113.06400000
"Kepler-270 b","Kepler-270",1,2.01000000,,,948.78100000
"KMT-2017-BLG-1038L b","KMT-2017-BLG-1038L",1,,2.00000000,,6000.00000000
"KMT-2017-BLG-1146L b","KMT-2017-BLG-1146L",1,,0.71000000,,6500.00000000
"Gl 686 b","Gl 686",1,,0.02084133,,8.15728000
"Qatar-7 b","Qatar-7",1,19.05530000,1.88000000,"F4 V",705.98100000
"TOI-172 b","TOI-172",1,10.81668500,5.42000000,,342.83100000
"K2-293 b","K2-293",1,2.45000000,,,392.25100000
"K2-294 b","K2-294",1,1.66000000,,,373.07800000
"GJ 685 b","GJ 685",1,,0.02831702,"M0.5",14.31550000
"HD 181234 b","HD 181234",1,,9.37900000,,47.74580000
"HD 25015 b","HD 25015",1,,9.07700000,,37.43300000
"HD 50499 c","HD 50499",1,,2.93000000,"G1 V",46.28450000
"HD 92788 c","HD 92788",1,,3.67000000,"G6 V",34.65380000
"HD 221416 b","HD 221416",1,9.17000000,0.19000000,,95.54830000
"WASP-177 b","WASP-177",1,17.71022000,0.50800000,"K2",176.81800000
"WASP-181 b","WASP-181",1,13.27145600,0.29900000,"G2",437.49500000
"WASP-183 b","WASP-183",1,16.47723000,0.50200000,"G9",325.37700000
"Kepler-47 d","Kepler-47",2,7.04000000,0.05984331,,1025.02000000
"HD 21749 c","GJ 143",1,0.89200000,0.01164144,"K4.5",16.32000000
"Qatar-8 b","Qatar-8",1,14.40356500,0.37100000,"G0 V",281.49800000
"Kepler-780 b","Kepler-780",1,0.89000000,,,557.65200000
"Qatar-9 b","Qatar-9",1,11.30988100,1.19000000,"K5 V",213.77100000
"Qatar-10 b","Qatar-10",1,17.29548700,0.73600000,"F7 V",559.06800000
"TOI-216.02","TOI-216",1,8.00000000,0.05900000,,177.94500000
"TOI-216.01","TOI-216",1,10.10000000,0.56000000,,177.94500000
"HD 221420 b","HD 221420",1,,22.90000000,"G2 IV-V",31.14150000
"NGTS-5 b","NGTS-5",1,12.73342400,0.22900000,"K2 V",306.77900000
"HD 210193 b","HD 210193",1,,0.48170406,"G3 V",42.20290000
"HD 211970 b","HD 211970",1,,0.04090237,"K7 V",13.12770000
"HD 39855 b","HD 39855",1,,0.02674386,"G8 V",23.25990000
"HIP 35173 b","HIP 35173",1,,0.03995847,"K2 V",33.15620000
"Kepler-271 b","Kepler-271",1,1.23000000,,,404.54200000
"HD 102843 b","HD 102843",1,,0.35836768,"K0 V",62.75800000
"HD 103949 b","HD 103949",1,,0.03523896,"K3 V",26.49970000
"HD 206255 b","HD 206255",1,,0.10760469,"G5 IV/V",75.23630000
"HD 21411 b","HD 21411",1,,0.20734355,"G8 V",29.13280000
"HD 64114 b","HD 64114",1,,0.05600478,"G7 V",31.52620000
"HD 8326 b","HD 8326",1,,0.20954598,"K2 V",30.68620000
"HIP 54373 b","HIP 54373",1,,0.02712142,"K5 V",18.71680000
"HIP 54373 c","HIP 54373",1,,0.03914042,"K5 V",18.71680000
"HD 24085 b","HD 24085",1,,0.03712677,"G0 V",54.90040000
"HIP 71135 b","HIP 71135",1,,0.05915112,"M1",32.33110000
"Kepler-418 c","Kepler-418",1,5.22108654,,,1002.53000000
"HD 15337 b","HD 15337",1,1.77000000,0.02051107,,44.81550000
"HD 15337 c","HD 15337",1,2.52600000,0.02137002,,44.81550000
"NGTS-4 b","NGTS-4",1,3.18000000,0.06481452,,280.55500000
"K2-133 e","K2-133",1,1.73000000,,"M1.5 V",75.17030000
"K2-32 e","K2-32",2,1.21200000,0.00660734,,157.68200000
"EPIC 201238110 b","EPIC 201238110",1,1.87000000,,,159.25900000
"EPIC 201497682 b","EPIC 201497682",1,0.69200000,,,253.02600000
"EPIC 201615463 c","K2-166",1,1.22000000,,,476.88200000
"EPIC 201754305 d","K2-16",1,1.03000000,,,334.96700000
"EPIC 201833600 c","K2-50",1,1.00000000,,,257.44300000
"EPIC 201841433 b","EPIC 201841433",1,1.04000000,,,436.48800000
"EPIC 205950854 c","K2-168",1,1.31000000,,,243.93500000
"EPIC 206024342 b","EPIC 206024342",1,1.70000000,,,369.88800000
"EPIC 206032309 b","EPIC 206032309",1,1.01000000,,,161.36500000
"EPIC 206042996 b","EPIC 206042996",1,1.70000000,,,451.76900000
"EPIC 206215704 b","EPIC 206215704",1,1.00000000,,,109.88800000
"EPIC 206317286 b","EPIC 206317286",1,0.96000000,,,314.35000000
"EPIC 212297394 b","EPIC 212297394",1,1.48000000,,,418.39500000
"EPIC 212424622 b","EPIC 212424622",1,2.17000000,,,611.80400000
"EPIC 212499991 b","EPIC 212499991",1,1.60000000,,,283.29000000
"Kepler-407 b","Kepler-407",1,1.19000000,0.00607246,"G",338.36800000
"EPIC 212587672 b","EPIC 212587672",1,1.26000000,,,320.07000000
"EPIC 220554210 c","K2-282",1,1.60000000,,,496.28900000
"L 98-59 b","L 98-59",1,0.83700000,0.00144732,"M3 V",10.61940000
"L 98-59 c","L 98-59",1,1.32900000,0.00629270,"M3 V",10.61940000
"L 98-59 d","L 98-59",1,1.62700000,0.00516002,"M3 V",10.61940000
"PDS 70 c","PDS 70",1,22.19378179,7.50000000,,113.06400000
"K2-308 b","K2-308",1,9.91600000,,,1314.53000000
"Kepler-65 e","Kepler-65",1,,0.82000000,,303.72800000
"HD 2685 b","HD 2685",1,16.14096000,1.17000000,,196.85200000
"Gl 49 b","Gl 49",2,,0.01771387,"M1.5 V",9.85280000
"Kepler-851 b","Kepler-851",1,1.68000000,,,839.25500000
"TOI-150.01","TOI-150",1,14.06729500,2.51000000,"F",336.26700000
"KELT-23 A b","KELT-23 A",2,14.82950700,0.93800000,"G2 V",126.26100000
"HD 180617 b","HD 180617",2,,0.03842935,,5.91059000
"LSPM J2116+0234 b","LSPM J2116+0234",1,,0.04184627,"M3.0 V",17.62970000
"NSVS 14256825 b","NSVS 14256825",2,,14.15000000,,820.87700000
"V1298 Tau b","V1298 Tau",3,9.41000000,0.04121721,,108.19900000
"Teegarden's Star b","Teegarden's Star",1,,0.00364977,,3.83078000
"Teegarden's Star c","Teegarden's Star",1,,0.00330367,,3.83078000
"WASP-87 b","WASP-87",2,15.52446500,2.18000000,,298.39200000
"Kepler-850 b","Kepler-850",1,1.78000000,,,1661.28000000
"HIP 79098 AB b","HIP 79098 AB",2,,20.50000000,,145.79800000
"Kepler-411 e","Kepler-411",2,,0.03398043,"K2 V",153.67600000
"DS Tuc A b","DS Tuc A",2,5.70000000,,"G6 V",44.06220000
"OGLE-2018-BLG-0596L b","OGLE-2018-BLG-0596L",1,,0.04383000,,5650.00000000
"DE CVn b","DE CVn",2,,12.02930278,,30.52250000
"OGLE-2015-BLG-1670L b","OGLE-2015-BLG-1670L",1,,0.05630000,,6700.00000000
"EPIC 248847494 b","EPIC 248847494",1,12.44199000,13.00000000,,551.88600000
"EPIC 212737443 c","EPIC 212737443",1,2.69000000,,"K3",336.25000000
"KMT-2017-BLG-0165L b","KMT-2017-BLG-0165L",1,,0.11000000,,4530.00000000
"WASP-166 b","WASP-166",1,7.06167000,0.10100000,"F9 V",114.17300000
"Kepler-476 b","Kepler-476",1,3.08000000,,,813.53500000
"Kepler-849 b","Kepler-849",1,8.08167508,0.94000000,,822.13400000
"Kepler-82 f","Kepler-82",1,,0.06575842,,904.32600000
"HR 858 b","HR 858",2,2.00400000,0.01116955,,31.96400000
"HR 858 c","HR 858",2,1.97900000,0.01195614,,31.96400000
"HR 858 d","HR 858",2,2.00100000,0.02233910,,31.96400000
"TOI-270 b","TOI-270",1,1.28000000,0.00465660,,22.47930000
"TOI-270 c","TOI-270",1,2.33000000,0.01950738,,22.47930000
"TOI-270 d","TOI-270",1,2.00000000,0.01321468,,22.47930000
"GJ 357 b","GJ 357",1,1.20000000,,"M2.5 V",9.44181000
"GJ 357 c","GJ 357",1,,0.01069754,"M2.5 V",9.44181000
"GJ 357 d","GJ 357",1,,0.01919265,"M2.5 V",9.44181000
"Kepler-848 b","Kepler-848",1,1.70000000,,,1378.47000000
"K2-43 c","K2-43",1,2.42000000,,,182.53600000
"LTT 1445 A b","LTT 1445 A",3,1.34000000,0.00858954,,6.86929000
"K2-146 c","K2-146",1,2.19000000,0.02358000,,79.30020000
"HAT-P-69 b","HAT-P-69",1,18.78628400,3.58000000,,341.26300000
"HAT-P-70 b","HAT-P-70",1,20.96083000,6.78000000,,330.73900000
"HATS-54 b","HATS-54",1,11.37711541,0.75300000,"G6 V",748.58500000
"HATS-55 b","HATS-55",1,14.02245900,0.92100000,,609.83800000
"HATS-56 b","HATS-56",1,18.92079200,0.60200000,,564.40900000
"HATS-57 b","HATS-57",1,12.76705100,3.14700000,,279.48500000
"HATS-58 A b","HATS-58 A",2,12.27385500,1.03000000,,403.59100000
"Kepler-1751 b","Kepler-1751",1,1.82417378,,,1291.47000000
"bet Pic c","bet Pic",1,,8.70000000,"A6 V",19.74420000
"HR 5183 b","HR 5183",2,,3.23000000,,31.46070000
"OGLE-2018-BLG-0740L b","OGLE-2018-BLG-0740L",1,,4.80000000,"G V",3200.00000000
"WASP-169 b","WASP-169",1,14.61653600,0.56100000,"F8",627.06600000
"WASP-171 b","WASP-171",1,10.98482000,1.08400000,"G0",757.84000000
"WASP-175 b","WASP-175",1,13.54047200,0.99000000,"F7",539.36000000
"WASP-182 b","WASP-182",1,9.52765000,0.14800000,"G5",327.60200000
"OGLE-2018-BLG-1011L b","OGLE-2018-BLG-1011L",1,,1.80000000,,7100.00000000
"OGLE-2018-BLG-1011L c","OGLE-2018-BLG-1011L",1,,2.80000000,,7100.00000000
"KMT-2016-BLG-0212L b","KMT-2016-BLG-0212L",1,,18.00000000,,6300.00000000
"Kepler-301 b","Kepler-301",1,1.35000000,,,719.16600000
"OGLE-2016-BLG-1067L b","OGLE-2016-BLG-1067L",1,,0.43000000,,3730.00000000
"KELT-24 b","KELT-24",2,12.71098411,4.59000000,,96.51730000
"NGTS-6 b","NGTS-6",1,14.86313400,1.33900000,,308.26200000
"WASP-180 A b","WASP-180 A",2,13.89916000,0.90000000,"F7 V",253.98500000
"GJ 15 A c","GJ 15 A",2,,0.11326810,"M1",3.56228000
"WASP-178 b","WASP-178",1,20.28829000,1.66000000,"A1 IV-V",427.67800000
"WASP-184 b","WASP-184",1,14.90797000,0.57000000,"G0 V",663.23100000
"WASP-185 b","WASP-185",1,14.01125000,0.98000000,"G0 V",279.35000000
"WASP-192 b","WASP-192",1,13.78707000,2.30000000,"G0 V",508.88500000
"GJ 3512 b","GJ 3512",1,,0.46100000,"M5.5 V",9.48637000
"Kepler-300 c","Kepler-300",1,2.25000000,,,1098.45000000
"GJ 27.1 b","GJ 27.1",1,,0.04090237,"M0.5 V",23.60620000
"GJ 160.2 b","GJ 160.2",1,,0.03209263,"M0 V",25.85570000
"GJ 180 b","GJ 180",1,,0.02041972,,11.94070000
"GJ 180 c","GJ 180",1,,0.02013655,"M2 V",11.94070000
"GJ 229 b","GJ 229",3,,0.04700000,,5.75624000
"GJ 422 b","GJ 422",1,,0.03482994,,12.66310000
"GJ 433 c","GJ 433",1,,0.10201051,,9.06456000
"GJ 682 b","GJ 682",1,,0.01384388,"M3.5 V",5.00671000
"GJ 682 c","GJ 682",1,,0.02737312,"M3.5 V",5.00671000
"OGLE-2015-BLG-1649L b","OGLE-2015-BLG-1649L",1,,2.54000000,,4230.00000000
"Kepler-847 b","Kepler-847",1,1.18000000,,,513.10300000
"V1298 Tau c","V1298 Tau",3,5.08000000,0.01478785,,108.19900000
"V1298 Tau d","V1298 Tau",3,6.53000000,0.01887811,,108.19900000
"V1298 Tau e","V1298 Tau",3,10.17000000,0.04813918,,108.19900000
"HD 97048 b","HD 97048",1,,2.50000000,"Be9.5/AO",183.85700000
"7 CMa c","7 CMa",1,,0.87000000,,19.81010000
"NY Vir c","NY Vir",2,,5.54000000,,544.02400000
"eps Ind A b","eps Ind A",3,,6.50000000,"K5 V",3.63857000
"LP 791-18 b","LP 791-18",1,1.21200000,,"M(6.1 +/- 0.7) V",26.49270000
"LP 791-18 c","LP 791-18",1,2.48800000,0.02252788,"M(6.1 +/- 0.7) V",26.49270000
"TOI-163 b","TOI-163",1,16.69020100,1.22000000,"F",411.71900000
"Kepler-846 b","Kepler-846",1,2.48000000,,,1127.12000000
"Kepler-448 c","KOI-12",1,,22.00000000,,399.39800000
"TOI-125 b","TOI-125",1,2.72600000,0.02989019,"K0 V",111.05900000
"TOI-125 c","TOI-125",1,2.75900000,0.02086021,"K0 V",111.05900000
"KMT-2018-BLG-1990L b","KMT-2018-BLG-1990L",1,,0.34800000,"M",967.00000000
"MOA-bin-29 b","MOA-bin-29",1,,0.60000000,,7120.00000000
"HD 125390 b","HD 125390",1,,27.20400000,,153.64700000
"NGTS-8 b","NGTS-8",1,12.21781000,0.93000000,"K0 V",428.97600000
"NGTS-9 b","NGTS-9",1,11.99363000,2.90000000,"F8 V",609.12800000
"HD 220197 b","HD 220197",1,,0.20000000,,64.41100000
"HD 233832 b","HD 233832",2,,1.78000000,,58.74200000
"Kepler-299 c","Kepler-299",1,2.65000000,,,1052.24000000
"Qatar-6 b","Qatar-6",2,11.90395800,0.66800000,"K2 V",100.84800000
"PSR B0329+54 b","PSR B0329+54",1,,0.00619828,,
"Kepler-1660 AB b","Kepler-1660 A",2,,4.99200000,,1188.54000000
"HD 213885 b","HD 213885",1,1.74500000,0.02778215,"G",48.08830000
"HD 213885 c","HD 213885",1,,0.06276941,"G",48.08830000
"WASP-126 c","WASP-126",1,,0.20199478,,216.52600000
"XO-7 b","XO-7",1,15.38995700,0.70900000,"G0 V",234.14900000
"USco1621 b","USco1621 A",1,,16.00000000,"M2.5 V",137.90100000
"USco1556 b","USco1556 A",1,,15.00000000,"M3.0 V",140.63500000
"DMPP-1 b","DMPP-1",1,,0.05285871,,62.53880000
"DMPP-1 c","DMPP-1",1,,0.03442109,,62.53880000
"DMPP-1 d","DMPP-1",1,,0.01485078,,62.53880000
"DMPP-1 e","DMPP-1",1,,0.01299437,"F8 V",62.53880000
"DMPP-2 b","DMPP-2",1,,0.53953642,,137.94000000
"DMPP-3 A b","DMPP-3 A",2,,0.00840076,,46.89170000
"TOI-813 b","TOI-813",1,6.71000000,,"G0 IV",263.14500000
"GJ 180 d","GJ 180",1,,0.02378630,,11.94070000
"GJ 229 A c","GJ 229",3,,0.02700000,,5.75624000
"GJ 433 d","GJ 433",1,,0.01643331,,9.06456000
"Kepler-298 b","Kepler-298",1,1.96000000,,,518.20400000
"GJ 3082 b","GJ 3082",1,,0.02579996,,16.61860000
"GJ 1252 b","GJ 1252",1,1.19300000,0.00415318,"M3",20.37300000
"EPIC 249893012 b","EPIC 249893012",1,1.95000000,0.02753044,"G8 IV/V",321.29600000
"EPIC 249893012 c","EPIC 249893012",1,3.67000000,0.04615675,"G8 IV/V",321.29600000
"EPIC 249893012 d","EPIC 249893012",1,3.94000000,0.03202970,"G8 IV/V",321.29600000
"L 168-9 b","L 168-9",1,1.63000000,0.01280565,"M0.5 V",25.14960000
"TOI-125 d","TOI-125",1,2.93000000,0.04279017,"K0 V",111.05900000
"Kepler-1661 b","Kepler-1661",2,3.87000000,0.05348771,"K",410.60700000
"TOI-132 b","TOI-132",1,3.42000000,0.07047793,"G8 V",163.67800000
"GJ 1061 b","GJ 1061",1,,0.00349245,"M5.5 V",3.67278000
"Kepler-95 b","Kepler-95",1,3.42000000,0.04100000,,445.65600000
"Kepler-1750 b","Kepler-1750",1,6.00434637,,,1497.33000000
"GJ 1061 c","GJ 1061",1,,0.00569490,"M5.5 V",3.67278000
"GJ 1061 d","GJ 1061",1,,0.00525441,"M5.5 V",3.67278000
"HATS-47 b","HATS-47",1,12.52045300,0.36900000,,300.67000000
"HATS-48 A b","HATS-48 A",2,8.96720000,0.24300000,,263.60900000
"HATS-49 b","HATS-49",1,8.57488500,0.35300000,,324.41300000
"HATS-72 b","HATS-72",1,8.09738160,0.12540000,,127.58900000
"OGLE-2013-BLG-0911L b","OGLE-2013-BLG-0911L",1,,9.51000000,,3220.00000000
"KMT-2016-BLG-1836L b","KMT-2016-BLG-1836L",1,,2.20000000,,7100.00000000
"OGLE-2016-BLG-1227L b","OGLE-2016-BLG-1227L",1,,0.79000000,,
"NGTS-10 b","NGTS-10",1,13.50684500,2.16200000,"K5 V",
"Kepler-845 b","Kepler-845",1,2.04000000,,,431.05100000
"MASCARA-4 b","MASCARA-4",2,16.98160576,1.67500000,,170.69600000
"LHS 1815 b","LHS 1815",1,1.08800000,0.00497124,"M1",29.84240000
"TYC 8998-760-1 b","TYC 8998-760-1",1,,,"K3 IV",94.61770000
"TOI-1130 b","TOI-1130",1,3.66000000,0.06229777,,58.26090000
"TOI-1130 c","TOI-1130",1,13.00000000,1.05717423,,58.26090000
"HD 158259 b","HD 158259",1,,0.00698487,"G0",27.04980000
"HD 158259 c","HD 158259",1,,0.01761948,"G0",27.04980000
"HD 158259 d","HD 158259",1,,0.01702168,"G0",27.04980000
"HD 158259 e","HD 158259",1,,0.01912972,"G0",27.04980000
"HD 158259 f","HD 158259",1,,0.01931850,"G0",27.04980000
"Kepler-844 b","Kepler-844",1,1.68000000,,,431.77600000
"CoRoT-30 b","CoRoT-30",1,11.30988100,2.90000000,"G3 V",1032.23000000
"CoRoT-31 b","CoRoT-31",1,16.36514000,0.84000000,"G2 IV",2005.76000000
"TOI-677 b","TOI-677",1,13.11450742,1.23400000,"F8",141.81200000
"HD 164922 d","HD 164922",1,,0.01258534,,22.00160000
"WASP-150 b","WASP-150",1,11.99363000,8.46000000,"F8",527.99500000
"WASP-176 b","WASP-176",1,16.86954500,0.85500000,"F9",568.42000000
"HD 332231 b","HD 332231",1,9.07303305,0.23314467,,80.66650000
"Kepler-88 d","KOI-142",1,,3.05046460,,376.86300000
"LTT 3780 b","LTT 3780",2,1.32500000,0.00774003,,21.98140000
"LTT 3780 c","LTT 3780",2,2.39000000,0.02529667,,21.98140000
"Kepler-297 b","Kepler-297",1,2.87000000,,,692.14000000
"TOI-1235 b","TOI-1235",1,1.69000000,0.02104909,"M0.5 V",39.63450000
"HD 81817 b","HD 81817",1,,24.12800000,,269.12600000
"TOI-1338 b","TOI-1338 A",2,7.66100000,0.03550000,,399.01700000
"OGLE-2018-BLG-0677L b","OGLE-2018-BLG-0677L",1,,0.01250000,,7580.00000000
"OGLE-2015-BLG-1771L b","OGLE-2015-BLG-1771L",1,,0.43300000,,7070.00000000
"OGLE-2018-BLG-1700L b","OGLE-2018-BLG-1700L",2,,4.40000000,,7600.00000000
"KMT-2018-BLG-0029L b","KMT-2018-BLG-0029L",1,,0.02390000,,3380.00000000
"KMT-2018-BLG-1292L b","KMT-2018-BLG-1292L",1,,4.42000000,,3460.00000000
"OGLE-2012-BLG-0838L b","OGLE-2012-BLG-0838L",1,,0.16700000,,6320.00000000
"AU Mic b","AU Mic",1,4.79000000,0.02828570,"M1 V",9.72210000
"Kepler-843 b","Kepler-843",1,2.59000000,,,1165.66000000
"GJ 338 B b","GJ 338 B",2,,0.03335133,"M0 V",6.33256000
"OGLE-2017-BLG-0406L b","OGLE-2017-BLG-0406L",1,,0.41000000,,5200.00000000
"Kepler-160 d","Kepler-160",1,,0.31463361,,937.01300000
"WASP-148 b","WASP-148",1,8.47398941,0.28700000,,246.35300000
"WASP-148 c","WASP-148",1,,0.39200000,,246.35300000
"TOI-1728 b","TOI-1728",1,5.05000000,0.08425888,"M0",60.79800000
"NGTS-11 b","NGTS-11",1,9.15775300,0.34400000,"K",190.42200000
"GJ 887 b","GJ 887",1,,0.01227077,"M1 V",3.28679000
"GJ 887 c","GJ 887",1,,0.02045129,"M1 V",3.28679000
"TOI-849 b","TOI-849",1,3.64000000,0.13151751,,225.73400000
"Kepler-842 b","Kepler-842",1,1.60000000,,,532.72600000
"Wendelstein-1 b","Wendelstein-1",1,11.56096260,0.59200000,"K7 V",305.30000000
"Wendelstein-2 b","Wendelstein-2",1,12.99347280,0.73100000,"K6 V",565.54100000
"HD 95338 b","HD 95338",1,4.27174254,,,36.99410000
"HD 191939 b","HD 191939",1,3.41000000,0.03146352,"G9 V",53.60890000
"HD 191939 c","HD 191939",1,3.19500000,0.02517081,"G9 V",53.60890000
"HD 191939 d","HD 191939",1,2.99500000,0.00880979,"G9 V",53.60890000
"TOI-700 b","TOI-700",1,0.91400000,,"M2.5 V",31.12650000
"TOI-700 c","TOI-700",1,2.60000000,,"M2.5 V",31.12650000
"TOI-700 d","TOI-700",1,1.07300000,,"M2.5 V",31.12650000
"TYC 8998-760-1 c","TYC 8998-760-1",1,12.32990000,6.00000000,,94.61770000
"Kepler-841 b","Kepler-841",1,5.23000000,,,998.96100000
"BD-11 4672 c","BD-11 4672",1,,0.04835919,,27.16650000
"HIP 67522 b","HIP 67522",1,9.98720180,,,127.28000000
"TOI-1899 b","TOI-1899",1,11.09689089,0.67000000,,128.43800000
"HIP 65 A b","HIP 65 A",2,22.75427000,3.21300000,"K4 V",61.78560000
"TOI-157 b","TOI-157",1,14.41477400,1.18000000,"G9 IV",355.68300000
"TOI-169 b","TOI-169",1,12.17297400,0.79100000,"G1 V",407.84000000
"K2-315 b","K2-315",1,0.95000000,,"M(3.5+/-0.5) V",56.96860000
"HATS-37 A b","HATS-37 A",2,6.79265400,0.09900000,,211.89600000
"HATS-38 b","HATS-38",1,6.88232600,0.07400000,,343.52500000
"HD 86226 c","HD 86226",1,2.16000000,0.02281094,"G1 V",45.68300000
"Kepler-296 c","Kepler-296",2,2.00000000,,,
"GJ 2056 b","GJ 2056",1,,0.05097064,,28.44340000
"GJ 480 b","GJ 480",1,,0.02768790,,14.23580000
"GJ 687 c","GJ 687",1,,0.05034138,,4.54939000
"GJ 9066 c","GJ 9066",1,,0.21000000,"M5.0 V",4.47100000
"HIP 107772 b","HIP 107772",1,,0.04058774,"M0 V",23.64340000
"HIP 38594 b","HIP 38594",2,,0.02548532,"M0",17.78860000
"HIP 38594 c","HIP 38594",2,,0.15228267,"M0",17.78860000
"HIP 4845 b","HIP 4845",1,,0.04530724,,21.09740000
"HIP 48714 b","HIP 48714",1,,0.07205110,"M0.5 Ve",10.52980000
"2MASS J01033563-5515561 AB b","2MASS J01033563-5515561 A",2,,13.00000000,"M5.5/M6",
"KMT-2019-BLG-1339L b","KMT-2019-BLG-1339L",1,,1.25000000,,6120.00000000
"KMT-2019-BLG-1953L b","KMT-2019-BLG-1953L",1,,0.64000000,,7040.00000000
"K2-316 b","K2-316",1,1.33000000,,,112.48600000
"K2-316 c","K2-316",1,1.83000000,,,112.48600000
"K2-317 b","K2-317",1,2.93000000,,,176.29100000
"K2-318 b","K2-318",1,1.66000000,,,147.86600000
"K2-319 b","K2-319",1,2.79000000,,,209.07100000
"K2-320 b","K2-320",1,2.62000000,,,108.74000000
"K2-321 b","K2-321",1,2.05124347,,,77.68880000
"K2-322 b","K2-322",1,1.92000000,,,123.41500000
"K2-323 b","K2-323",1,2.10000000,,,118.31800000
"K2-324 b","K2-324",1,2.43000000,,,136.66700000
"K2-325 b","K2-325",1,2.20000000,,,111.63800000
"K2-326 b","K2-326",1,2.28000000,,,282.30800000
"WD 1856+534 b","WD 1856+534",3,10.40000000,13.80000000,"DC",24.73590000
"LTT 9779 b","LTT 9779",1,4.72000000,0.09225057,"G7 V",80.43730000
"HD 63433 b","HD 63433",1,2.14000000,0.06844888,"G5 V",22.40350000
"HD 63433 c","HD 63433",1,2.69200000,0.04889116,"G5 V",22.40350000
"TOI-763 b","TOI-763",1,2.28000000,0.03080263,"G",95.12740000
"Kepler-77 b","Kepler-77",1,10.76100000,0.43000000,"G5 V",639.41100000
"TOI-763 c","TOI-763",1,2.63000000,0.02932385,"G",95.12740000
"HATS-71 b","HATS-71",1,11.47801600,0.37000000,"M3 V",140.22500000
"TOI-824 b","TOI-824",1,2.92600000,0.05810339,"K4 V",63.92620000
"OGLE-2018-BLG-1269L b","OGLE-2018-BLG-1269L",1,,0.67000000,,2510.00000000
"KMT-2018-BLG-0748L b","KMT-2018-BLG-0748L",1,,0.19000000,,7300.00000000
"KMT-2019-BLG-0842L b","KMT-2019-BLG-0842L",1,,0.03234000,,3320.00000000
"TOI-540 b","TOI-540",1,0.90300000,,"M V",14.00220000
"TOI-1266 b","TOI-1266",1,2.52000000,0.01403273,"M2",36.01180000
"TOI-1266 c","TOI-1266",1,1.98000000,0.00997394,"M2",36.01180000
"TOI-421 b","TOI-421",2,2.64000000,0.02108056,"G9 V",74.79690000
"TOI-421 c","TOI-421",2,5.09000000,0.04436356,"G9 V",74.79690000
"NGTS-12 b","NGTS-12",1,11.74703200,0.20800000,"G",446.44200000
"GJ 3473 b","GJ 3473",2,1.26400000,0.00585219,,27.36440000
"GJ 3473 c","GJ 3473",2,,0.02331435,,27.36440000
"TOI-837 b","TOI-837",1,9.16894621,0.37900000,"F9/G0",142.48800000
"KMT-2016-BLG-2364L b","KMT-2016-BLG-2364L",1,,3.93000000,,6440.00000000
"KMT-2016-BLG-2397L b","KMT-2016-BLG-2397L",1,,2.63000000,,4880.00000000
"OGLE-2017-BLG-0604L b","OGLE-2017-BLG-0604L",1,,0.51000000,,3950.00000000
"OGLE-2017-BLG-1375L b","OGLE-2017-BLG-1375L",1,,11.28000000,,3930.00000000
"EPIC 201170410.02","EPIC 201170410",1,1.04700000,,,
"EPIC 201757695.02","EPIC 201757695",1,0.90819000,,,
"TOI-954 b","TOI-954",1,9.55006800,0.17400000,,238.76800000
"K2-329 b","K2-329",1,8.67576600,0.26000000,,233.23700000
"MOA-2013-BLG-220L b","MOA-2013-BLG-220L",1,,2.74000000,,6720.00000000
"TOI-481 b","TOI-481",1,11.09691000,1.53000000,"G",179.36600000
"TOI-892 b","TOI-892",1,11.99363000,0.95000000,"F",340.54300000
"TIC 237913194 b","TIC 237913194",1,12.52045300,1.94200000,"G3",306.06300000
"HD 190007 b","HD 190007",1,,0.04876845,"K4 V",12.71410000
"HD 216520 b","HD 216520",1,,0.03228141,,19.55200000
"HD 216520 c","HD 216520",1,,0.02970141,,19.55200000
"TOI-122 b","TOI-122",1,2.72000000,,"M3 V",62.11800000
"TOI-237 b","TOI-237",1,1.44000000,,"M4.5 V",38.07490000
"WASP-186 b","WASP-186",1,12.44199000,4.22000000,"F",278.51400000
"WASP-187 b","WASP-187",1,18.38276000,0.80000000,"F",371.41400000
"K2-111 c","K2-111",1,,0.03492451,"G2",200.39400000
"LP 714-47 b","LP 714-47",1,4.25000000,0.08929347,"M1 V",52.61600000
"TOI-942 b","TOI-942",1,3.89000000,,,152.60100000
"TOI-942 c","TOI-942",1,4.67000000,,,152.60100000
"WASP-107 c","WASP-107",1,,0.35000000,,64.74140000
"TOI-251 b","TOI-251",1,2.74000000,1.00000000,,99.52300000
"HAT-P-68 b","HAT-P-68",1,12.01604800,0.72400000,"K",202.15200000
"TOI-776 b","TOI-776",1,1.79800000,0.01573176,,27.17010000
"TOI-776 c","TOI-776",1,2.04700000,0.02170983,,27.17010000
"TOI-561 b","TOI-561",1,1.39700000,0.00635563,,85.79900000
"TOI-561 c","TOI-561",1,2.86500000,0.01865787,,85.79900000
"TOI-561 d","TOI-561",1,2.61500000,0.04194087,,85.79900000
"TOI-561 e","TOI-561",1,2.51700000,0.03901476,,85.79900000
"HD 108236 b","HD 108236",1,1.61500000,,,64.59780000
"HD 108236 c","HD 108236",1,2.07100000,,,64.59780000
"TOI-1233.01","HD 108236",1,2.53900000,,,64.59780000
"HD 108236 e","HD 108236",1,3.08300000,,,64.59780000
"TOI-564 b","TOI-564",1,11.43318000,1.46300000,,199.58100000
"TOI-905 b","TOI-905",1,13.12573900,0.66700000,,158.64900000
"TOI-451 b","TOI-451",2,1.84000000,0.01478785,"G8 V",123.73900000
"TOI-451 c","TOI-451",2,2.93000000,0.01164150,"G8 V",123.73900000
"TOI-451 d","TOI-451",2,3.93000000,0.03209279,"G8 V",123.73900000
"HD 108236 f","HD 108236",1,2.01700000,,,64.59780000
"NGTS-13 b","NGTS-13",1,12.80067800,4.84000000,,647.59500000
"HD 110113 b","HD 110113",1,2.05000000,0.01431583,"G",106.30700000
"Kepler-295 b","Kepler-295",1,1.22000000,,,1699.19000000
"HD 110113 c","HD 110113",1,,0.03303653,"G",106.30700000
"TOI-178 b","TOI-178",1,1.20000000,0.00302050,,62.69900000
"TOI-178 c","TOI-178",1,1.75400000,0.01459907,,62.69900000
"TOI-178 d","TOI-178",1,2.69500000,0.01636103,,62.69900000
"TOI-178 e","TOI-178",1,2.30100000,0.01094930,,62.69900000
"TOI-178 f","TOI-178",1,2.41700000,0.01771396,,62.69900000
"TOI-178 g","TOI-178",1,2.93900000,0.01384395,,62.69900000
"HD 4760 b","HD 4760",1,,13.90000000,,537.87300000
"HD 96992 b","HD 96992",1,,1.14000000,,396.08200000
"TYC 0434-04538-1 b","TYC 0434-04538-1",1,,6.10000000,,613.42200000
"Kepler-839 b","Kepler-839",1,2.57000000,,,944.56100000
"HD 183579 b","HD 183579",1,3.49000000,0.06418558,,57.26510000
"NGTS-14 A b","NGTS-14 A",2,4.97679600,0.09200000,"K1 V",322.14800000
"HD 110082 b","HD 110082",2,3.20000000,,"F8 V",105.09600000
"K2-138 g","K2-138",1,3.01300000,0.01359217,,202.58500000
"TOI-628 b","TOI-628",1,11.88154000,6.33000000,,178.68000000
"TOI-640 b","TOI-640",1,19.27944680,0.57000000,,341.99700000
"TOI-1333 b","TOI-1333",2,15.64776400,2.37000000,,200.49200000
"TOI-1478 b","TOI-1478",1,11.99360935,0.88000000,,152.89200000
"TOI-1601 b","TOI-1601",1,14.19902343,1.21763817,,336.60800000
"GJ 251 b","GJ 251",1,,0.01211345,,5.58057000
"HD 238090 b","HD 238090",1,,0.02167826,"M0.0 V",15.23540000
"GJ 486 b","GJ 486",1,1.28900000,0.00871539,,8.07426000
"GJ 414 A b","GJ 414 A",2,2.63000000,0.02391215,"K7 V",11.88930000
"GJ 414 A c","GJ 414 A",2,8.40000000,0.16936727,"K7 V",11.88930000
"OGLE-2018-BLG-1428L b","OGLE-2018-BLG-1428L",1,,0.77000000,,6220.00000000
"OGLE-2017-BLG-1049L b","OGLE-2017-BLG-1049L",1,,5.53000000,,5670.00000000
"GJ 740 b","GJ 740",1,,0.00931315,"M1.0 V",11.10170000
"TOI-201 b","TOI-201",1,11.40000000,0.51600171,"F",113.82500000
"HD 60292 b","HD 60292",1,,6.50000000,"K0 III",315.21100000
"Kepler-838 b","Kepler-838",1,2.73000000,,,1104.04000000
"HD 112640 b","HD 112640",1,,5.00000000,"K0 III",323.33500000
"TOI-519 b","TOI-519",1,11.54525012,0.46300000,"M V",115.55700000
"NGTS-15 b","NGTS-15",1,12.32987877,0.75100000,"G6 V",786.48500000
"NGTS-16 b","NGTS-16",1,14.57167491,0.66700000,"G7 V",898.16800000
"NGTS-17 b","NGTS-17",1,13.89913607,0.76400000,"G4 V",1040.28000000
"NGTS-18 b","NGTS-18",1,13.56286665,0.40900000,"G5 V",1096.19000000
"LHS 1478 b","LHS 1478",1,1.24200000,0.00733100,"m3 V",18.22760000
"TOI-257 b","TOI-257",1,7.16253867,0.13800000,,76.90280000
"HD 5278 b","HD 5278",1,2.45000000,0.02454154,"F V",57.58460000
"HD 5278 c","HD 5278",1,,0.05789287,"F V",57.58460000
"Kepler-106 c","Kepler-106",1,2.50000000,0.03300000,,444.32200000
"Kepler-837 b","Kepler-837",1,2.56000000,,,901.90700000
"HIP 56640 b","HIP 56640",1,,6.77000000,,122.32400000
"HIP 75092 b","HIP 75092",1,,1.79000000,"K0 III",81.66960000
"HIP 90988 b","HIP 90988",1,,2.10200000,,94.03490000
"HIP 114933 b","HIP 114933",1,,1.94000000,"K0 III",101.76600000
"TOI-269 b","TOI-269",1,2.77000000,0.02768790,"M2 V",57.02250000
"CFHTWIR-Oph 98 b","CFHTWIR-Oph 98 A",1,20.84870410,7.80000000,"M9-L1",
"TOI-220 b","TOI-220",1,3.03000000,0.04341966,"K0 V",90.74020000
"TOI-1444 b","TOI-1444",1,1.41792246,0.01126394,,125.46300000
"Kepler-1749 b","Kepler-1749",1,1.61301783,,,268.20000000
"TOI-1231 b","TOI-1231",1,3.65000000,0.04845382,"M3 V",27.62270000
"BD+45 564 b","BD+45 564",1,,1.36000000,"K1",53.62200000
"BD+55 362 b","BD+55 362",1,,0.72000000,"K3",52.56970000
"BD+63 1405 b","BD+63 1405",1,,3.96000000,"K0",38.04730000
"HD 124330 b","HD 124330",1,,0.75000000,"G4 IV",60.19770000
"HD 155193 b","HD 155193",1,,0.75000000,"F8 IV",57.79950000
"HD 331093 b","HD 331093",1,,1.50000000,"K0",50.19280000
"HD 152843 b","HD 152843",1,3.05000000,0.03089718,,107.89800000
"HD 152843 c","HD 152843",1,5.94000000,0.03042522,,107.89800000
"HD 107148 c","HD 107148",2,,0.06260000,,49.41560000
"HD 136925 b","HD 136925",1,,0.84000000,,47.87400000
"HD 141004 b","HD 141004",1,,0.04290000,,11.81480000
"HD 145675 c","14 Her",1,,7.90000000,"K0",17.93230000
"HD 156668 c","HD 156668",1,,0.09910000,,24.33230000
"HD 164922 e","HD 164922",1,,0.03310000,,22.00160000
"HD 168009 b","HD 168009",1,,0.03000000,,23.30320000
"HD 213472 b","HD 213472",1,,3.50000000,,64.45270000
"HD 24040 c","HD 24040",1,,0.20100000,,46.62240000
"HD 26161 b","HD 26161",1,,28.46000000,,40.91280000
"Kepler-836 b","Kepler-836",1,2.73000000,,,980.03500000
"HD 3765 b","HD 3765",1,,0.17300000,,17.92600000
"HD 66428 c","HD 66428",1,,1.76400000,,53.28170000
"HD 68988 c","HD 68988",1,,15.00000000,,60.84470000
"HD 95735 c","GJ 411",1,,0.04279039,,5.67577300
"WASP-110 b","WASP-110",1,13.19297028,0.48700000,,274.96000000
"Kepler-129 d","Kepler-129",1,,8.30000000,"G4 V",408.84500000
"GJ 849 c","GJ 849",1,,0.99000000,"M3.5",8.80058000
"TOI-674 b","TOI-674",1,5.25000000,0.07425390,"M2 V",46.08510000
"TOI-1685 b","TOI-1685",1,1.42100000,0.00965930,"M3 V",37.61530000
"TOI-1260 b","TOI-1260",1,2.41000000,0.02693277,,73.59770000
"Kepler-835 b","Kepler-835",1,2.79000000,,,2406.33000000
"TOI-1260 c","TOI-1260",1,2.76000000,0.04153184,,73.59770000
"TOI-1634 b","TOI-1634",2,1.75900000,0.01541712,"M2",35.27360000
"GJ 720 A b","GJ 720 A",2,,0.04291624,"M0.5 V",15.55750000
"G 264-012 b","G 264-012",1,,0.00786588,"M4.0 V",16.00900000
"G 264-012 c","G 264-012",1,,0.01179882,"M4.0 V",16.00900000
"GJ 393 b","GJ 393",1,,0.00538026,"M2.0 V",7.03149000
"TOI-1259 A b","TOI-1259 A",2,11.60000000,0.44363561,,118.10600000
"TOI-1807 b","TOI-1807",1,1.49681583,0.00767710,,42.57750000
"TOI-2076 b","TOI-2076",1,2.59000000,0.02108056,"K V",41.90910000
"TOI-2076 c","TOI-2076",1,3.54000000,0.02265373,"K V",41.90910000
"Kepler-834 b","Kepler-834",1,2.02000000,,,633.93700000
"TOI-2076 d","TOI-2076",1,3.27000000,0.02296837,"K V",41.90910000
"HAT-P-58 b","HAT-P-58",1,14.93036229,0.37200000,,515.59000000
"HAT-P-59 b","HAT-P-59",1,12.58768533,1.54000000,,265.47100000
"HAT-P-60 b","HAT-P-60",1,18.28184752,0.57400000,,233.22000000
"HAT-P-61 b","HAT-P-61",1,10.07687365,1.05700000,,338.84000000
"HAT-P-62 b","HAT-P-62",1,12.02723629,0.76100000,,348.81500000
"HAT-P-63 b","HAT-P-63",1,12.54284940,0.61400000,,403.45800000
"HAT-P-64 b","HAT-P-64",1,19.08889413,0.58000000,,651.89700000
"TOI-1749 b","TOI-1749",1,1.39000000,0.17934206,"M0 V",99.55610000
"TOI-1749 c","TOI-1749",1,2.12000000,0.04404893,"M0 V",99.55610000
"Kepler-833 b","Kepler-833",1,2.02000000,,,467.37000000
"TOI-1749 d","TOI-1749",1,2.52000000,0.04719528,"M0 V",99.55610000
"HD 27969 b","HD 27969",1,,4.80000000,"G0 V",67.93280000
"HD 80869 b","HD 80869",1,,5.06500000,,85.39510000
"HD 95544 b","HD 95544",1,,6.02100000,,87.80490000
"HD 109286 b","HD 109286",1,,2.99000000,"G4 V",55.41560000
"HD 115954 b","HD 115954",1,,8.29000000,"G0 V",87.64370000
"HD 211403 b","HD 211403",1,,5.54000000,"F7 V",83.09190000
"TOI-1062 b","TOI-1062",1,2.26500000,0.03193547,"G9 V",82.17330000
"TOI-1062 c","TOI-1062",1,,0.03077132,"G9 V",82.17330000
"TOI-1278 b","TOI-1278",1,12.21778896,18.50000000,"M0 V",75.57590000
"Kepler-832 b","Kepler-832",1,2.06000000,,,1688.12000000
"KMT-2018-BLG-1976L b","KMT-2018-BLG-1976L",1,,2.22000000,,5840.00000000
"KMT-2018-BLG-1996L b","KMT-2018-BLG-1996L",1,,1.09000000,,5910.00000000
"OGLE-2019-BLG-0954L b","OGLE-2019-BLG-0954L",1,,14.20000000,,3630.00000000
"KIC 8121913 b","KIC 8121913",1,,2.10000000,,707.30300000
"KIC 10068024 b","KIC 10068024",1,,2.00000000,,721.10500000
"KIC 5479689 b","KIC 5479689",1,,0.50000000,,454.95000000
"KMT-2019-BLG-0371L b","KMT-2019-BLG-0371L",1,,7.70000000,,7010.00000000
"AU Mic c","AU Mic",1,2.79000000,0.04549625,"M1 V",9.72210000
"TOI-2406 b","TOI-2406",1,2.86000000,0.04908309,,55.41900000
"TOI-532 b","TOI-532",1,5.82000000,0.19350064,,135.04700000
"TOI-431 b","TOI-431",1,1.28000000,0.00965930,,32.56860000
"TOI-431 c","TOI-431",1,,0.00890418,,32.56860000
"TOI-431 d","TOI-431",1,3.29000000,0.03114888,,32.56860000
"COCONUTS-2 b","COCONUTS-2 A",1,12.57647635,7.50000000,,10.88640000
"TOI-2202 b","TOI-2202",1,10.95117414,0.90400000,,235.93300000
"TOI-2202 c","TOI-2202",1,,0.36900000,"K8 V",235.93300000
"L 98-59 e","L 98-59",1,,0.00887271,"M3 V",10.61940000
"K2-331 b","K2-331",1,1.79000000,,,211.43000000
"K2-350 b","K2-350",1,1.54000000,,,489.36800000
"K2-352 b","K2-352",1,1.37000000,,,176.05100000
"K2-353 b","K2-353",1,5.55000000,,,268.51500000
"KMT-2019-BLG-1715L b","KMT-2019-BLG-1715L",1,,2.56000000,,3860.00000000
"KMT-2018-BLG-1025L b","KMT-2018-BLG-1025L",1,,0.01906375,,6705.00000000
"TOI-1518 b","TOI-1518",1,21.05046575,1.83000000,,225.88800000
"TIC 172900988 b","TIC 172900988 Aa",2,11.25000000,2.96386345,"F9",250.95600000
"K2-355 b","K2-355",1,2.25000000,,,500.49700000
"K2-356 b","K2-356",1,2.29000000,,,355.54000000
"K2-357 b","K2-357",1,3.72000000,,,517.68700000
"K2-358 b","K2-358",1,2.68000000,,,480.30700000
"HD 22496 b","HD 22496",1,,0.01752518,,13.59560000
"OGLE-2018-BLG-0567L b","OGLE-2018-BLG-0567L",1,,0.32000000,,7060.00000000
"OGLE-2018-BLG-0962L b","OGLE-2018-BLG-0962L",1,,1.34000000,,6500.00000000
"TOI-1201 b","TOI-1201",2,2.41500000,0.01975909,"M2.0 V",37.88710000
"GPX-1 b","GPX-1",1,16.47720163,19.70000000,"F2",655.01300000
"TOI-558 b","TOI-558",1,12.17295304,3.61000000,"F V",402.63000000
"TOI-559 b","TOI-559",1,12.22899794,6.01000000,"G V",233.26600000
"TIC 257060897 b","TIC 257060897",1,17.26183028,0.63400000,"F",505.70300000
"TOI-1431 b","TOI-1431",1,16.70138124,3.12000000,"Am C",148.92500000
"KMT-2018-BLG-1743L b","KMT-2018-BLG-1743L",1,,0.24500000,,6483.00000000
"TOI-530 b","TOI-530",1,9.30345398,0.40000000,"M0.5 V",148.76200000
"Kepler-1748 b","Kepler-1748",1,2.71275017,,,1083.28000000
"TOI-1789 b","TOI-1789",1,16.14093221,0.70000000,"F",229.06700000
"TOI-1296 b","TOI-1296",1,14.11645916,0.29984733,,323.26500000
"TOI-1298 b","TOI-1298",1,9.65807033,0.31148883,,319.03600000
"HD 63935 b","HD 63935",1,2.91575244,0.03303669,,48.97390000
"HD 63935 c","HD 63935",1,3.06451296,0.03492451,,48.97390000
"TOI-3362 b","TOI-3362",1,12.80065596,5.02900000,,366.98700000
"OGLE-2018-BLG-1185L b","OGLE-2018-BLG-1185L",1,,0.02642936,,7400.00000000
"HD 25723 b","HD 25723",1,,2.50000000,"K1 III",114.81600000
"17 Sco b","17 Sco",1,,4.32000000,"K3 III",124.95300000
"GJ 9689 b","GJ 9689",1,,0.03036230,"M0.5",30.62030000
"EPIC 201427007 b","EPIC 201427007",1,1.50000000,,,706.39100000
"EPIC 212624936 b","EPIC 212624936",1,1.20000000,,,561.92900000
"EPIC 220492298 b","EPIC 220492298",1,0.99000000,,,624.51200000
"TOI-2285 b","TOI-2285",1,1.77000000,,,42.40900000
"CD Cet b","CD Cet",1,,0.01242809,"M5.0 V",8.60715000
"LHS 1678 b","LHS 1678",2,0.68500000,,"M2.0 V",19.87820000
"LHS 1678 c","LHS 1678",2,0.94100000,,"M2.0 V",19.87820000
"HD 39194 b","HD 39194",1,,0.01453615,,26.41310000
"HD 39194 c","HD 39194",1,,0.02356618,,26.41310000
"HD 39194 d","HD 39194",1,,0.01623518,,26.41310000
"Kepler-294 c","Kepler-294",1,2.71000000,,,1357.01000000
"HD 93385 b","HD 93385",1,,0.01321468,"G2/G3 V",43.34750000
"HD 93385 c","HD 93385",1,,0.02233910,"G2/G3 V",43.34750000
"HD 93385 d","HD 93385",1,,0.02737326,"G2/G3 V",43.34750000
"HD 96700 b","HD 96700",1,,0.02800253,"G0 V",25.41110000
"HD 96700 c","HD 96700",1,,0.01101223,"G0 V",25.41110000
"HD 96700 d","HD 96700",1,,0.03995867,"G0 V",25.41110000
"HD 154088 b","HD 154088",1,,0.02076592,"K0 IV-V",18.26920000
"HD 189567 b","HD 189567",1,,0.02674399,"G3 V",17.90550000
"HD 189567 c","HD 189567",1,,0.02202446,"G3 V",17.90550000
"HIP 97166 b","HIP 97166",1,2.48013380,0.06009532,,65.95010000
"Kepler-1747 b","Kepler-1747",1,4.26508000,,,1321.38000000
"HIP 97166 c","HIP 97166",1,,0.02517081,,65.95010000
"TOI-2257 b","TOI-2257",1,2.19400000,,"M3",57.79110000
"KMT-2016-BLG-2605L b","KMT-2016-BLG-2605L",1,,0.77100000,,6421.00000000
"HD 29399 b","HD 29399",1,,1.57000000,"K1 III",44.15180000
"OGLE-2019-BLG-0304L b","OGLE-2019-BLG-0304L",2,,0.51000000,,6980.00000000
"HD 207897 b","HD 207897",1,2.34302132,0.04656601,,28.29380000
"HD 137496 b","HD 137496",1,1.31000000,0.01271126,"G",155.31700000
"HD 137496 c","HD 137496",1,,7.66000000,"G",155.31700000
"K2-388 b","K2-388",1,3.90000000,,,290.49500000
"K2-389 b","K2-389",1,2.33000000,,,259.20800000
"K2-389 c","K2-389",1,2.04000000,,,259.20800000
"K2-390 b","K2-390",1,4.66200000,,,456.12200000
"K2-391 b","K2-391",1,1.37100000,,,507.94000000
"K2-392 b","K2-392",1,1.85000000,,,406.98500000
"Kepler-1990 b","Kepler-1990",1,3.27000000,,,392.73900000
"K2-370 b","K2-370",1,2.67000000,0.03492451,"G5 V",144.20200000
"K2-395 b","K2-395",1,2.59700000,,,286.72700000
"K2-395 c","K2-395",1,3.39500000,,,286.72700000
"K2-396 b","K2-396",1,1.57900000,,,274.86400000
"K2-397 b","K2-397",1,2.41700000,,,199.35400000
"Kepler-826 b","Kepler-826",1,1.25000000,,,779.59600000
"K2-398 b","K2-398",1,2.27400000,,,606.99200000
"K2-398 c","K2-398",1,5.09800000,,,606.99200000
"K2-400 b","K2-400",1,1.16300000,,,62.38040000
"K2-401 b","K2-401",1,2.26200000,,,200.72700000
"Kepler-825 b","Kepler-825",1,1.53000000,,,807.85000000
"K2-402 b","K2-402",1,2.67800000,,,523.05500000
"K2-403 b","K2-403",1,5.33300000,,,246.59900000
"K2-404 b","K2-404",1,2.53000000,,,121.63000000
"Kepler-824 b","Kepler-824",1,1.87000000,,,1201.40000000
"K2-405 b","K2-405",1,4.56900000,,,197.23400000
"K2-406 b","K2-406",1,4.60200000,,,85.37510000
"Kepler-823 b","Kepler-823",1,1.57000000,,,1389.27000000
"K2-407 b","K2-407",1,1.28300000,,,218.37600000
"K2-407 c","K2-407",1,1.36000000,,,218.37600000
"Kepler-822 b","Kepler-822",1,1.77000000,,,860.39100000
"K2-408 b","K2-408",1,1.67700000,,,162.30600000
"Kepler-821 b","Kepler-821",1,1.31000000,,,614.57100000
"K2-409 b","K2-409",1,2.48200000,,,431.03100000
"K2-374 b","K2-374",1,1.59300000,,,359.43900000
"K2-374 c","K2-374",1,2.21300000,,,359.43900000
"Kepler-58 b","Kepler-58",1,2.78000000,0.11169549,,969.25200000
"K2-376 b","K2-376",1,1.73600000,,,161.61000000
"Kepler-498 b","Kepler-498",1,3.03000000,,,938.84400000
"Kepler-820 b","Kepler-820",1,6.09000000,,,1387.20000000
"GJ 367 b","GJ 367",1,0.73600000,0.00158261,"M V",9.41263000
"TOI-2109 b","TOI-2109",1,15.09849700,5.02000000,"F",262.04100000
"TOI-1842 b","TOI-1842",1,12.34850230,0.28128386,,223.46500000
"2M0437 b","2MASS J04372171+2651014",1,,4.00000000,"M V",128.48400000
"HATS-74 A b","HATS-74 A",2,11.56766808,1.46000000,,299.38900000
"HATS-75 b","HATS-75",1,9.90873894,0.49100000,,194.96400000
"HATS-76 b","HATS-76",1,12.09449018,2.62900000,,385.68900000
"HATS-77 b","HATS-77",1,13.05846252,1.37400000,,436.17600000
"Kepler-1708 b","Kepler-1708",1,9.96000000,4.60000000,,1666.69000000
"Kepler-1705 c","Kepler-1705",1,2.05000000,0.01705323,,1633.49000000
"Kepler-288 c","Kepler-288",1,2.85000000,,,1194.15000000
"BD+60 1417 b","BD+60 1417",1,14.68376472,15.00000000,"K0",44.95430000
"HD 360 b","HD 360",1,,0.75000000,"G8 III",111.54200000
"HD 10975 b","HD 10975",1,,0.45000000,"K0 III",116.50600000
"HD 79181 b","HD 79181",1,,0.64000000,"G8 III",103.33500000
"HD 99283 b","HD 99283",1,,0.97000000,"K0 III",111.09300000
"ups Leo b","ups Leo",1,,0.51000000,"G9 III",52.59730000
"HD 161178 b","HD 161178",1,,0.57000000,"G9 III",107.18800000
"HD 219139 b","HD 219139",1,,0.78000000,"G5 III",104.93500000
"gam Psc b","gam Psc",1,,1.34000000,"G7 III",41.31070000
"HIP 5763 b","HIP 5763",1,,0.51000000,"K6 V",31.90430000
"HIP 34222 b","HIP 34222",1,,0.83000000,"K7 V",22.83860000
"HIP 86221 b","HIP 86221",1,,0.71000000,"K5 V",29.48980000
"OGLE-2019-BLG-0960L b","OGLE-2019-BLG-0960L",1,,0.00786588,,980.00000000
"TOI-2180 b","TOI-2180",1,11.32107051,2.75500000,"G5",116.68500000
"OGLE-2018-BLG-0383L b","OGLE-2018-BLG-0383L",1,,0.02013665,,7700.00000000
"LTT 1445 A c","LTT 1445 A",3,1.14700000,0.00484538,,6.86929000
"KMT-2021-BLG-0322L b","KMT-2021-BLG-0322L",2,,6.40000000,,6600.00000000
"OGLE-2018-BLG-0532L b","OGLE-2018-BLG-0532L",1,,0.01959548,,773.00000000
"b Cen AB b","b Cen A",2,,10.90000000,"B2.5 V",98.09350000
"TOI-1064 b","TOI-1064",1,2.58700000,0.04247575,,68.07260000
"TOI-1064 c","TOI-1064",1,2.65100000,0.00786588,,68.07260000
"HD 22532 b","HD 22532",1,,2.12000000,"G8 III/IV",161.18300000
"HD 64121 b","HD 64121",1,,2.56000000,"G8/K0 III",129.96600000
"HD 69123 b","HD 69123",1,,3.04000000,"K1 III",75.11600000
"TOI-2184 b","TOI-2184",1,11.39953337,0.65000000,,788.31700000
"TOI-1268 b","TOI-1268",1,9.10000000,0.30330832,"K1-K2",109.55700000
"TOI-2337 b","TOI-2337",1,10.08808263,1.60000000,,536.04600000
"Kepler-819 b","Kepler-819",1,2.76000000,,,664.30600000
"TOI-4329 b","TOI-4329",1,16.81347105,0.45000000,,717.12800000
"TOI-2669 b","TOI-2669",1,19.72780603,0.61000000,,393.44300000
"TOI-206 b","TOI-206",1,1.30000000,,,47.74650000
"TOI-500 b","TOI-500",1,1.16600000,0.00446782,"K6 V",47.39240000
"TOI-544 b","TOI-544",1,2.01800000,0.00909296,,41.11660000
"TOI-833 b","TOI-833",1,1.27000000,,,41.71480000
"TOI-1075 b","TOI-1075",1,1.79100000,0.03130620,"K9 V/M0 V",61.45920000
"TOI-1411 b","TOI-1411",1,1.19880592,0.00629270,,32.47780000
"TOI-1442 b","TOI-1442",1,1.17000000,,,41.16590000
"TOI-1693 b","TOI-1693",1,1.41000000,,,30.79470000
"TOI-1860 b","TOI-1860",1,1.31000000,,"G V",45.86400000
"TOI-2260 b","TOI-2260",1,1.62000000,,"G V",101.25100000
"TOI-2411 b","TOI-2411",1,1.68000000,,,59.53620000
"TOI-2427 b","TOI-2427",1,1.80000000,,,28.51470000
"TOI-2445 b","TOI-2445",1,1.25000000,,,48.58200000
"GJ 3929 b","GJ 3929",1,1.09000000,0.00550612,,15.80950000
"TOI-1759 b","TOI-1759",1,3.14000000,0.03398060,"M0.0 V",40.06540000
"KMT-2017-BLG-2509L b","KMT-2017-BLG-2509L",1,,2.09000000,,7040.00000000
"OGLE-2017-BLG-1099L b","OGLE-2017-BLG-1099L",1,,3.02000000,,7250.00000000
"OGLE-2019-BLG-0299L b","OGLE-2019-BLG-0299L",1,,6.22000000,,5830.00000000
"KMT-2021-BLG-0912L b","KMT-2021-BLG-0912L",1,,0.00884125,"K",5560.00000000
"KMT-2018-BLG-1988L b","KMT-2018-BLG-1988L",1,,0.01749372,,4150.00000000
"K2-384 b","K2-384",1,1.07600000,,"M4 V",82.66030000
"K2-396 c","K2-396",1,3.12400000,,,274.86400000
"WASP-189 b","WASP-189",1,18.14733975,1.99000000,,99.73100000
"HD 73583 b","HD 73583",1,2.79000000,0.03209279,"K4 V",31.56660000
"HD 73583 c","HD 73583",1,2.39000000,0.03051961,"K4 V",31.56660000
"TOI-1670 b","TOI-1670",1,2.06000000,0.13000000,"F7 V",168.06700000
"TOI-1670 c","TOI-1670",1,11.06326395,0.63000000,"F7 V",168.06700000
"HD 191939 e","HD 191939",1,,0.35302068,"G9 V",53.60890000
"HD 191939 f","HD 191939",1,,2.88000000,,53.60890000
"OGLE-2014-BLG-0319L b","OGLE-2014-BLG-0319L",1,,0.57000000,"M",7730.00000000
"TOI-1227 b","TOI-1227",1,9.57246952,,"M4.5V-M5V",100.64100000
"Kepler-818 b","Kepler-818",1,5.11000000,,,925.03700000
"AB Aur b","AB Aur",1,,9.00000000,,162.12700000
"TOI-620 b","TOI-620",1,3.76000000,,"M2.5 V",33.02310000
"GJ 514 b","GJ 514",1,,0.01636103,"M0.5-1.0 V",7.61778000
"Kepler-451 c","2MASS J19383260+4603591",2,,1.61000000,,396.33200000
"Kepler-817 b","Kepler-817",1,9.03000000,,,1484.46000000
"Kepler-451 d","2MASS J19383260+4603591",2,,1.76000000,,396.33200000
"pi Men d","HD 39091",1,,0.04209819,,18.27020000
"TYC 2187-512-1 b","TYC 2187-512-1",1,,0.33000000,"M1.0 V",15.47440000
"iot Dra c","iot Dra",1,,15.60000000,"K2 III",31.32832000
"TOI-1246 b","TOI-1246",1,3.01000000,0.02548545,"K V",169.42200000
"TOI-1246 c","TOI-1246",1,2.45109846,0.02863180,,169.42200000
"TOI-1246 d","TOI-1246",1,3.43139739,0.01699030,,169.42200000
"TOI-1246 e","TOI-1246",1,3.51418750,0.04562210,,169.42200000
"TOI-1696 b","TOI-1696",1,3.09000000,0.15354197,"M5V",64.91720000
"TOI-2136 b","TOI-2136",1,2.19000000,0.02004226,"M4.5 V",33.36310000
"HIP 94235 b","HIP 94235",2,3.00000000,1.19246736,"G V",58.51460000
"TOI-1710 b","TOI-1710",2,5.06000000,0.06009532,,81.22710000
"HD 103891 b","HD 103891",1,,1.44000000,"F9",55.52130000
"HD 105779 b","HD 105779",1,,0.64000000,"G2",55.24110000
"TOI-500 c","TOI-500",1,,0.01582615,"K6 V",47.39240000
"TOI-500 d","TOI-500",1,,0.10420717,"K6 V",47.39240000
"TOI-500 e","TOI-500",1,,0.04735260,"K6 V",47.39240000
"TOI-1181 b","TOI-1181",1,17.02644168,1.17900000,,302.81900000
"TOI-1516 b","TOI-1516",1,15.24421375,3.16000000,"F8 V",247.05400000
"TOI-2046 b","TOI-2046",1,16.14093221,2.30000000,"F8 V",289.66800000
"WASP-132 c","WASP-132",1,1.84100000,0.01969616,"K4 V",122.91000000
"Kepler-1656 c","Kepler-1656",1,,0.40000000,,185.87500000
"Gaia-1 b","Gaia-1",1,13.77583728,1.68000000,,363.66000000
"Gaia-2 b","Gaia-2",1,14.81827249,0.81700000,,209.22900000
"TOI-1107 b","TOI-1107",1,14.57167491,3.35000000,"F6 V",281.31400000
"Ross 508 b","Ross 508",1,,0.01258541,"M4.5 V",11.21030000
"HD 83443 c","HD 83443",1,,1.50000000,"K0 V",40.89910000
"mu2 Sco b","mu2 Sco",1,,14.40000000,"B2 IV",
"HD 28109 b","HD 28109",1,2.69000000,0.01950738,"F8",139.61100000
"HD 28109 c","HD 28109",1,4.13000000,0.02894644,"F8",139.61100000
"Kepler-816 b","Kepler-816",1,10.24000000,,,983.69700000
"HD 28109 d","HD 28109",1,3.11000000,0.01824884,"F8",139.61100000
"HD 260655 b","HD 260655",1,1.24000000,0.00673319,"M0 V",10.00550000
"HD 260655 c","HD 260655",1,1.53300000,0.00972223,"M0 V",10.00550000
"HD 33142 d","HD 33142",1,,0.20000000,"K0 III",121.37500000
"HD 19615 b","HD 19615",1,,8.50000000,"K0",265.15500000
"HD 150010 b","HD 150010",1,,2.40000000,"K2 III",144.49000000
"HD 174205 b","HD 174205",1,,4.20000000,"K2",234.02700000
"TOI-3714 b","TOI-3714",2,11.32107051,0.70000000,"M2",112.71000000
"TOI-3629 b","TOI-3629",1,8.29464572,0.26000000,"M1",130.09100000
"TOI-4479 b","TOI-4479",1,2.82000000,,"M3.0",80.65320000
"TOI-2081 b","TOI-2081",1,2.04000000,,"M1.0",62.34460000
"TOI-1272 b","TOI-1272",1,4.26000000,0.07582708,"K2 V - K3 V",137.57200000
"KOI-984 c","KOI-984",1,,0.66010462,,252.66700000
"TOI-5153 b","TOI-5153",1,11.88151954,3.26000000,"F8 V",390.48400000
"NGTS-20 b","NGTS-20",1,11.99360935,2.98000000,"G1 IV",382.89800000
"HIP 21152 b","HIP 21152",2,,24.00000000,"F5 V",43.40730000
"TOI-1422 b","TOI-1422",1,3.83000000,0.02989034,"G2 V",155.14100000
"GJ 3512 c","GJ 3512",1,,0.45300000,"M5.5 V",9.48637000
"CoRoT-7 d","CoRoT-7",1,,0.05393476,"G9 V",159.90600000
"CoRoT-35 b","CoRoT-35",1,18.83108758,1.10000000,"F6 V",1123.21000000
"CoRoT-36 b","CoRoT-36",1,15.80466279,0.68000000,"F3 V",925.95800000
"GJ 3929 c","GJ 3929",1,,0.01796567,,15.80950000
"HD 93963 A b","HD 93963 A",2,1.46954368,0.00880979,,82.34320000
"HD 93963 A c","HD 93963 A",2,3.11976057,0.05789287,,82.34320000
"KMT-2020-BLG-0414L b","KMT-2020-BLG-0414L",1,,0.00588368,"WD",1220.00000000
"KMT-2020-BLG-0414L c","KMT-2020-BLG-0414L",1,,27.00000000,"WD",1220.00000000
"TOI-128.01","TOI-128",1,2.21898000,,,68.47270000
"TOI-139 b","TOI-139",1,2.45660000,,,42.40610000
"Kepler-1743 b","Kepler-1743",1,1.59887007,,,538.80700000
"Kepler-18 c","Kepler-18",1,5.49000000,0.05400000,,433.04700000
"TOI-159 b","TOI-159",2,18.18000000,3.49000000,"F0 V",347.59300000
"Kepler-815 b","Kepler-815",1,4.11000000,,,1259.28000000
"GJ 3090 b","GJ 3090",1,2.18000000,0.01422151,"M2 V",22.47510000
"HD 18599 b","HD 18599",2,2.60000000,0.07582708,"K2 V",38.56530000
"TOI-181 b","TOI-181",1,6.95590000,0.14520000,"K",96.23380000
"TOI-199 b","TOI-199",1,9.07927437,0.17000000,"G9 V",102.27000000
"Kepler-814 b","Kepler-814",1,2.12000000,,,2055.77000000
"TOI-205 b","TOI-205",1,2.50121142,,,177.75900000
"TOI-209 b","TOI-209",1,2.39472090,,,113.38700000
"Kepler-1667 b","Kepler-1667",1,2.98385261,,,626.81900000
"Kepler-813 b","Kepler-813",1,2.14000000,,,
"Kepler-812 b","Kepler-812",1,3.55000000,,,1482.74000000
"TOI-238 b","TOI-238",1,1.55900000,0.01060321,"K2 V",80.54070000
"TOI-244 b","TOI-244",1,1.52000000,0.00843222,"M2.5 V",22.03370000
"Kepler-811 b","Kepler-811",1,2.70000000,,,985.04100000
"TOI-261.01","TOI-261",1,3.04498630,,,114.49500000
"TOI-261.02","TOI-261",1,3.34822227,,,114.49500000
"TOI-262 b","TOI-262",1,2.07000000,,"K0 V",43.93200000
"HIP 8152 b","HIP 8152",1,2.53625843,0.02800253,,101.69400000
"Kepler-287 c","Kepler-287",1,3.26000000,,,835.86000000
"HIP 8152 c","HIP 8152",1,2.52442508,0.03366596,,101.69400000
"TOI-277 b","TOI-277",1,2.65000000,,,64.66920000
"Kepler-286 b","Kepler-286",1,1.24000000,,,1226.85000000
"TOI-283 b","TOI-283",1,2.34000000,0.02057714,"K",82.70130000
"TOI-286 b","TOI-286",1,1.42000000,0.01425297,"K3 V",59.22930000
"TOI-286 c","TOI-286",1,1.88000000,0.01170443,"K3 V",59.22930000
"Kepler-69 b","Kepler-69",1,2.24000000,,"G4 V",730.62500000
"Kepler-285 b","Kepler-285",1,1.34000000,,,824.31000000
"Kepler-810 b","Kepler-810",1,1.93000000,,,1458.59000000
"Kepler-809 b","Kepler-809",1,3.01000000,,,961.40500000
"TOI-329 b","TOI-329",1,4.94057819,0.12711262,,284.38800000
"TOI-332 b","TOI-332",1,3.20000000,0.17997133,"K0 V",222.85200000
"Kepler-284 b","Kepler-284",1,2.24000000,,,1031.95000000
"TOI-333 b","TOI-333",1,4.26000000,0.06324167,,352.26900000
"Kepler-808 b","Kepler-808",1,1.46000000,,,
"Kepler-432 b","Kepler-432",2,12.83430500,5.41000000,,848.02300000
"Kepler-283 b","Kepler-283",1,2.13000000,,,468.09400000
"TOI-375 b","TOI-375",1,10.77183045,0.74500000,,396.21300000
"Kepler-463 b","Kepler-463",1,3.05000000,,,394.80400000
"TOI-406.01","TOI-406",1,2.08000000,0.02067153,"M3",31.05970000
"TOI-406 c","TOI-406",1,1.32000000,0.00654441,"M3",31.05970000
"TOI-411 c","HD 22946",1,2.32800000,0.03058254,,62.77920000
"TOI-411 b","HD 22946",1,1.36200000,0.04313648,,62.77920000
"TOI-444 b","TOI-444",1,2.77000000,,"K1/2 V",57.39730000
"HD 15906 b","HD 15906",1,2.24000000,,"K V",45.56210000
"TOI-469.01","TOI-469",1,3.41000000,0.02863180,,68.19200000
"TOI-470 b","TOI-470",1,4.34000000,,"G",130.46000000
"TOI-480 b","TOI-480",1,2.85372018,0.06544412,,54.53060000
"TOI-512 b","TOI-512",1,1.54000000,0.01123248,,67.39750000
"TOI-521 b","TOI-521",1,1.98000000,0.01667566,"M3",60.94250000
"HD 25463 b","HD 25463",1,2.54535814,0.02737326,,45.61810000
"HD 25463 c","HD 25463",1,1.36354953,0.01352931,,45.61810000
"Kepler-806 b","Kepler-806",1,1.14000000,,,361.89600000
"Kepler-805 b","Kepler-805",1,2.89000000,,,638.49000000
"Kepler-1742 b","Kepler-1742",1,2.17824130,,,669.57300000
"TOI-615 b","TOI-615",1,18.97680433,0.43500000,"F2 V",360.40800000
"TOI-622 b","TOI-622",1,9.23620010,0.30300000,"F6 V",123.29700000
"Kepler-804 b","Kepler-804",1,1.94000000,,,649.65000000
"Kepler-282 d","Kepler-282",1,2.46000000,0.19200000,,1337.61000000
"TOI-654.01","TOI-654",1,2.37800000,0.02740472,"M2 V",57.75530000
"TOI-663 b","TOI-663",1,2.27000000,0.01400127,"M1 V",64.23080000
"Kepler-1991 c","Kepler-1991",1,2.57000000,,,855.82000000
"TOI-663 c","TOI-663",1,2.26000000,0.01148418,"M1 V",64.23080000
"TOI-663 d","TOI-663",1,1.92000000,0.01636103,"M1 V",64.23080000
"TOI-669 b","TOI-669",1,2.58606487,0.03146352,,142.86700000
"TOI-672 b","TOI-672",1,5.31000000,0.16014931,"M0 V",66.90710000
"Kepler-410 A b","Kepler-410 A",2,2.83800000,,,147.52700000
"Kepler-803 b","Kepler-803",1,3.79000000,,,639.77100000
"TOI-682.01","TOI-682",1,3.74186000,,,83.15480000
"Kepler-421 b","Kepler-421",1,4.16000000,,"G9/K0",348.55800000
"TOI-697 b","TOI-697",1,2.35859364,,,93.77140000
"Kepler-802 b","Kepler-802",1,3.54000000,,,780.58500000
"TOI-700 e","TOI-700",1,0.95300000,,"M2.5 V",31.12650000
"TOI-707 b","TOI-707",1,2.41600000,,,130.95900000
"TOI-712 b","TOI-712",1,2.04900000,,"K4.5 V",58.62120000
"TOI-712 c","TOI-712",1,2.70100000,,"K4.5 V",58.62120000
"TOI-712 d","TOI-712",1,2.47400000,,"K4.5 V",58.62120000
"TOI-715 b","TOI-715",1,1.55000000,,"M4",42.40480000
"Kepler-57 b","Kepler-57",1,3.13500000,0.07884758,,644.14000000
"TOI-733 b","TOI-733",1,1.99200000,0.01799713,"G",75.20920000
"TOI-756 b","TOI-756",1,2.81000000,0.03092864,"M1 V",86.17590000
"TOI-757 b","TOI-757",1,2.50000000,0.03303669,"K0 V",60.34180000
"TOI-762 A b","TOI-762 A",2,8.33948164,0.25100000,,98.44580000
"TOI-771 b","TOI-771",1,1.36000000,0.00777149,"M3",25.27880000
"TOI-778 b","TOI-778",1,15.40000000,2.80000000,"F3 V",161.74300000
"Kepler-801 b","Kepler-801",1,2.00000000,,,440.42600000
"TOI-782 b","TOI-782",1,2.73400000,0.06009532,,52.51220000
"TOI-784 b","HD 307842",1,1.93000000,0.03042522,"G",64.59970000
"TOI-791 b","TOI-791",1,11.13051784,0.02989034,"F7",341.22100000
"Kepler-800 b","Kepler-800",1,2.85000000,,,1019.26000000
"TOI-799 b","TOI-799",1,2.06631784,,,158.52600000
"TOI-808 b","TOI-808",1,2.20344362,,,98.18480000
"TOI-815 b","TOI-815",2,2.94000000,0.02391227,"K3 V",59.71170000
"WASP-108 b","WASP-108",1,15.13212395,,"F9",258.77700000
"Kepler-799 b","Kepler-799",1,6.88000000,,,
"TOI-836.01","TOI-836",1,2.58700000,0.03020498,"K V",27.50240000
"TOI-836 b","TOI-836",1,1.70400000,0.01425297,"K V",27.50240000
"TOI-858 B b","TOI-858 B",2,14.06727078,1.10000000,"G0",250.48900000
"Kepler-281 c","Kepler-281",1,5.31000000,,,1745.45000000
"TOI-871 b","TOI-871",1,1.66400000,,,68.04730000
"KOI-1257 b","KOI-1257",2,10.54000000,1.45000000,"G5 V",
"TOI-880 c","TOI-880",1,4.95000000,,"K",60.66790000
"TOI-880.02","TOI-880",1,2.19000000,,"K",60.66790000
"TOI-883 b","TOI-883",1,7.17166228,,,102.63700000
"Kepler-115 c","Kepler-115",1,2.60000000,,,623.60900000
"TOI-904 b","TOI-904",1,2.42600000,,,46.08910000
"TOI-904 c","TOI-904",1,2.16700000,,,46.08910000
"TOI-907.01","TOI-907",1,9.61588510,,,312.52900000
"TOI-908 b","TOI-908",1,3.18600000,0.05077268,"G V",175.74800000
"LHS 475 b","LHS 475",1,0.99100000,,"M3.5 V",12.48140000
"TOI-912 b","TOI-912",1,1.93000000,0.01604639,"M3",26.10720000
"TOI-913 b","TOI-913",1,2.45280000,,,65.17690000
"TOI-921 b","TOI-921",1,3.53409617,,,294.01500000
"TOI-929 b","TOI-929",1,2.68983343,,,114.42100000
"TOI-938 b","TOI-938",1,4.82401567,,,215.03400000
"TOI-941 b","TOI-941",1,6.51165317,,,263.38600000
"TOI-969 b","TOI-969",1,2.76500000,0.02863180,"K V",77.25540000
"Kepler-798 b","Kepler-798",1,2.39000000,,,972.27400000
"TOI-1011 b","TOI-1011",1,1.45000000,0.01271126,,52.62000000
"TOI-1036 b","TOI-1036",1,6.28499593,,,184.01500000
"Kepler-56 c","Kepler-56",1,9.80000000,0.57000000,,912.99400000
"Kepler-280 b","Kepler-280",1,1.45000000,,,780.36100000
"TOI-1052 b","TOI-1052",1,2.87000000,0.05317335,,129.80400000
"TOI-1054.01","TOI-1054",1,2.43432000,,,88.43430000
"TOI-1080 b","TOI-1080",1,1.20000000,0.03366596,"M4.0&plusmn;1.0 V",25.55900000
"Kepler-797 b","Kepler-797",1,2.17000000,,,1315.26000000
"HD 109833 b","HD 109833",1,2.88800000,,,79.55610000
"HD 109833 c","HD 109833",1,2.59000000,,,79.55610000
"Kepler-279 c","Kepler-279",1,4.30000000,0.15500000,,1037.40000000
"TOI-1105 b","TOI-1105",1,3.05823658,,,79.52250000
"TOI-1117 b","TOI-1117",1,2.46000000,0.02800253,"G5 V",167.59800000
"TOI-1135 b","TOI-1135",1,9.91994792,0.18500000,,114.04800000
"TOI-1136 d","TOI-1136",1,,0.02627204,,84.53620000
"TOI-1136 c","TOI-1136",1,,0.01988494,,84.53620000
"TOI-1136 f","TOI-1136",1,,0.03051961,,84.53620000
"TOI-1136 e","TOI-1136",1,,0.01909836,,84.53620000
"TOI-1173 b","TOI-1173",2,9.19000000,0.08621004,"G9",132.35300000
"TOI-1174 b","TOI-1174",1,2.56200000,,,94.63750000
"TOI-1180 b","TOI-1180",1,3.07200000,,,72.02380000
"TOI-1184 b","TOI-1184",1,2.39000000,,,58.59460000
"TOI-1194 b","TOI-1194",1,8.71664516,0.37756222,,149.66700000
"TOI-1199 b","TOI-1199",1,10.51402390,0.23900000,,248.42700000
"TOI-1203.01","TOI-1203",1,2.91800000,0.02325154,"G3 V",64.99430000
"Kepler-44 b","Kepler-44",1,12.22000000,1.00000000,"G2 IV",1188.00000000
"TOI-1221 b","TOI-1221",1,2.91000000,3.50000000,,138.41100000
"TOI-1226 b","TOI-1226",1,2.41011120,,,257.93000000
"HD 56414 b","HD 56414",1,3.71000000,,,272.21700000
"TOI-1230.01","TOI-1230",1,3.23968384,,,143.13800000
"TOI-1232 b","TOI-1232",1,10.92875618,0.69400000,"G1 V",328.60400000
"TOI-1238 c","TOI-1238",1,2.11000000,0.02617765,"K7/M0",70.71450000
"TOI-1238 b","TOI-1238",1,1.21000000,0.01183028,"K7/M0",70.71450000
"TOI-1243 b","TOI-1243",1,2.33000000,0.02422691,"M2.0 V",43.18650000
"TOI-1244 b","TOI-1244",1,2.46700000,,,102.55100000
"HD 135694 b","HD 135694",1,2.85700000,,,73.87130000
"TOI-1248 b","TOI-1248",1,6.80848590,0.08621004,,168.73500000
"TOI-1249 b","TOI-1249",1,3.27103010,0.03744159,,139.49000000
"TOI-1269 b","TOI-1269",1,2.40144286,0.02013665,,172.13800000
"TOI-1269 c","TOI-1269",1,2.22999162,,,172.13800000
"TOI-1273 b","TOI-1273",1,11.09689089,0.22200000,,177.11800000
"Kepler-278 b","Kepler-278",1,3.95500000,0.17619570,"K2 III-IV",443.03000000
"TOI-1279 b","TOI-1279",1,2.66146528,0.03335133,,107.05500000
"Kepler-796 b","Kepler-796",1,1.30000000,,,817.58400000
"TOI-1288 b","TOI-1288",1,4.96846551,0.13875412,,114.86500000
"TOI-1291 b","TOI-1291",1,5.63826391,,,428.12300000
"TOI-1294 b","TOI-1294",1,10.12369881,0.20105188,,332.64800000
"TOI-1295 b","TOI-1295",1,15.69257298,1.42000000,"F",388.22700000
"TOI-1301.01","TOI-1301",1,2.47700000,,,90.86930000
"Kepler-795 b","Kepler-795",2,1.68000000,,,492.12200000
"Kepler-794 b","Kepler-794",1,2.11000000,,,931.19200000
"Kepler-504 b","Kepler-504",2,1.59000000,,,99.06880000
"Kepler-277 b","Kepler-277",1,2.92000000,0.27500000,,976.64300000
"TOI-1346 c","TOI-1346",1,2.23000000,,,115.45000000
"TOI-1346 b","TOI-1346",1,2.39000000,,,115.45000000
"TOI-1347 b","TOI-1347",1,1.80000000,0.03492451,,147.47600000
"TOI-1347 c","TOI-1347",1,1.60000000,0.02013665,,147.47600000
"Kepler-793 b","Kepler-793",1,1.37000000,,,985.69900000
"Kepler-792 b","Kepler-792",1,1.96000000,,,1425.47000000
"TOI-1386 b","TOI-1386",1,6.21638650,0.14410292,,146.85800000
"Kepler-791 b","Kepler-791",1,3.05000000,,,1266.34000000
"TOI-1408 b","TOI-1408",1,25.00000000,1.86578665,"F8 V",139.48400000
"TOI-1410.01","TOI-1410",1,3.10083009,0.03932940,,72.75120000
"TOI-1416 b","TOI-1416",1,1.62000000,0.01094930,"G9 V",55.01350000
"TOI-1420 b","TOI-1420",1,11.89000000,0.07897343,,201.91800000
"Kepler-790 b","Kepler-790",1,2.18000000,,,703.16800000
"HD 235088 b","HD 235088",1,1.98200000,0.01305736,"K V",41.17060000
"TOI-1437 b","TOI-1437",1,2.24000000,0.03020498,,103.29700000
"TOI-1438 b","TOI-1438",1,3.04000000,0.02957571,"K0 V",110.51300000
"TOI-1438 c","TOI-1438",1,2.75000000,0.03335133,"K0 V",110.51300000
"TOI-1439 b","TOI-1439",1,4.24278610,0.12113455,,230.30600000
"TOI-1443 b","TOI-1443",1,2.30381001,0.09439056,,85.80340000
"Kepler-41 b","Kepler-41",1,14.46000000,0.56000000,"G2 V",1093.08000000
"Kepler-789 b","Kepler-789",1,2.12000000,,,1480.16000000
"TOI-1448 b","TOI-1448",1,2.74900000,0.06135386,,73.33450000
"TOI-1450 A b","TOI-1450 A",2,1.13000000,0.00395811,"M3.0 V",22.44670000
"TOI-1451 b","TOI-1451",1,2.61143902,0.04782455,,91.93620000
"TOI-1452 b","TOI-1452",2,1.67200000,0.01516542,"M4 +/- 0.5 V",30.52120000
"TOI-1453 c","TOI-1453",2,2.22400000,0.00928174,,78.74150000
"TOI-1453 b","TOI-1453",2,1.17300000,0.00729954,,78.74150000
"Kepler-788 b","Kepler-788",1,2.55000000,,,1775.80000000
"TOI-1466 b","TOI-1466",1,2.46741991,,,86.57830000
"TOI-1467 b","TOI-1467",1,1.92000000,,,37.44180000
"TOI-1468 c","TOI-1468",1,2.12600000,0.01290004,,24.73990000
"TOI-1468 b","TOI-1468",1,1.40100000,0.00956491,,24.73990000
"TOI-1470 b","TOI-1470",1,2.18000000,0.02303130,"M1.5 V",51.95030000
"Kepler-276 c","Kepler-276",1,2.90000000,0.05200000,,1144.86000000
"HIP 9618 b","HIP 9618",1,3.82838127,0.02611472,,67.54780000
"HIP 9618 c","HIP 9618",1,3.42855926,0.02202446,,67.54780000
"TOI-1472 b","TOI-1472",1,4.05800000,0.05700000,,121.84000000
"HD 6061 b","HD 6061",2,2.42763557,0.03146352,,67.62030000
"Kepler-787 b","Kepler-787",1,1.28000000,,,503.56800000
"Kepler-1741 b","Kepler-1741",1,1.27300000,,,270.73900000
"Kepler-786 b","Kepler-786",1,2.43000000,,,485.31800000
"Kepler-275 c","Kepler-275",1,3.38000000,,,2034.25000000
"TOI-1533 b","TOI-1533",1,2.89000000,0.08841249,,100.05100000
"Kepler-465 b","Kepler-465",1,2.95000000,,,553.07700000
"Kepler-415 c","Kepler-415",1,,,,530.48700000
"Kepler-1740 b","Kepler-1740",1,3.32321414,,,1061.77000000
"HAT-P-47 b","HAT-P-47",1,14.71739166,0.20600000,"F",282.09600000
"TOI-1630.01","TOI-1630",1,2.41700000,,,66.09290000
"TOI-1648 b","TOI-1648",1,2.54000000,0.02330000,,69.83500000
"TOI-1659.01","TOI-1659",1,2.25500000,,,122.49400000
"TOI-1669 c","TOI-1669",1,2.29639770,0.04090257,,111.27600000
"Kepler-484 b","Kepler-484",1,2.28000000,,,382.13600000
"TOI-1680 b","TOI-1680",1,1.46600000,,"M4.5+/-0.5",37.22090000
"TOI-1683.01","TOI-1683",1,2.63820000,,,51.18840000
"TOI-1691 b","TOI-1691",1,3.66000000,,,111.44500000
"TOI-1694 b","TOI-1694",1,5.27000000,0.08885298,"K2 V - K3 V",124.68000000
"TOI-1695 b","TOI-1695",1,1.90000000,0.02001080,"M1 V",45.13090000
"TOI-1716.01","TOI-1716",1,3.14300000,,,104.15800000
"TOI-1718 b","TOI-1718",1,4.10824994,,,52.30440000
"TOI-1722 b","TOI-1722",1,4.38298108,,,136.41900000
"TOI-1723 b","TOI-1723",1,3.43500000,,,100.72700000
"LHS 1903 c","LHS 1903",1,2.04600000,0.01431590,"M",35.69170000
"LHS 1903 b","LHS 1903",1,1.38200000,0.01032003,"M",35.69170000
"LHS 1903 d","LHS 1903",1,2.50000000,0.01875226,"M",35.69170000
"TOI-1732 b","TOI-1732",1,2.49549787,,,74.75990000
"TOI-1736 b","TOI-1736",1,3.18175535,0.03870013,,88.94820000
"TOI-1739 b","TOI-1739",1,1.94600000,,,70.98190000
"TOI-1742 b","TOI-1742",1,2.36507598,0.03051961,,72.88710000
"TOI-1743 b","TOI-1743",1,1.83000000,,"M4 V",41.27580000
"TOI-1744.01","TOI-1744",1,2.68000000,,,114.39000000
"TOI-1750 b","TOI-1750",1,2.78943837,,,162.46000000
"TOI-1751 b","TOI-1751",1,2.95078450,0.06135386,,113.33500000
"TOI-1752 b","TOI-1752",1,1.69300000,,"M1.0&plusmn0.5 V",103.02100000
"TOI-1752 c","TOI-1752",1,2.29000000,,"M1.0&plusmn0.5 V",103.02100000
"TOI-1753 b","TOI-1753",1,2.47852533,0.05222944,,226.67100000
"TOI-1756 b","TOI-1756",1,1.94225664,,,86.71590000
"TOI-1758 b","TOI-1758",1,3.62000000,,,96.62150000
"TOI-1768.01","TOI-1768",1,3.45300000,,,157.59700000
"TOI-1772.01","TOI-1772",1,2.90500000,,,97.75620000
"Kepler-785 b","Kepler-785",1,13.02000000,,,642.05100000
"TOI-1774.01","TOI-1774",1,2.78000000,0.02674399,,53.97400000
"TOI-1775 b","TOI-1775",1,8.04728896,0.30204978,,149.23400000
"TOI-1776 b","TOI-1776",1,1.21612741,0.00440489,,44.64700000
"TOI-1777.01","TOI-1777",1,2.24600000,,,79.76650000
"HD 77946 b","HD 77946",1,2.89646124,0.03429524,,99.45100000
"TOI-1782.01","TOI-1782",1,2.36800000,,,95.26490000
"TOI-1782.02","TOI-1782",1,1.83900000,,,95.26490000
"Kepler-105 b","Kepler-105",1,2.53000000,0.03398060,,459.22300000
"Kepler-784 b","Kepler-784",1,1.58000000,,,1303.72000000
"TOI-1794 b","TOI-1794",1,3.29701268,0.02737326,,155.79100000
"TOI-1798.01","TOI-1798",1,2.44800000,,,113.18100000
"TOI-1798.02","TOI-1798",1,1.46400000,,,113.18100000
"TOI-1799 b","TOI-1799",1,1.64200000,,,62.12740000
"TOI-1801 b","TOI-1801",2,2.07900000,0.01805377,"M0.5+/-0.5 V",30.67960000
"TOI-1803 c","TOI-1803",1,4.29000000,0.02517081,,119.24000000
"TOI-1803 b","TOI-1803",1,2.99000000,0.03247035,,119.24000000
"TOI-1806.01","TOI-1806",1,3.40953670,,,55.52110000
"TOI-1811 b","TOI-1811",1,11.14172682,0.97200000,,128.23000000
"TOI-1814 b","TOI-1814",1,5.18536642,,,362.52200000
"TOI-1820 b","TOI-1820",1,12.77823800,2.30000000,,248.50400000
"TOI-1823 b","TOI-1823",1,7.54062410,0.21206412,,71.64560000
"TOI-1824 b","TOI-1824",1,2.74382690,0.05034163,,59.43140000
"TOI-1836 b","TOI-1836",1,8.00321222,0.12100000,,191.64900000
"TOI-1836 c","TOI-1836",1,2.59987579,0.02517081,,191.64900000
"TOI-1839 b","TOI-1839",1,2.21895097,,,116.08600000
"TOI-1846 b","TOI-1846",1,1.79200000,,,47.24960000
"TOI-1853 b","TOI-1853",1,3.46000000,0.23031296,"K2.5 V",165.10500000
"TOI-1855 b","TOI-1855",1,18.49481816,1.13300000,,176.83300000
"TOI-1859 b","TOI-1859",1,9.75181321,,,224.38500000
"TOI-1873 b","TOI-1873",1,2.86356397,,,182.01400000
"TOI-1883 b","TOI-1883",1,5.65000000,0.04310502,,115.36900000
"TOI-1898 b","TOI-1898",1,9.39553231,0.40587939,,79.66820000
"TOI-1937 A b","TOI-1937 A",2,13.97759893,2.01000000,,415.13500000
"TOI-1994 b","TOI-1994",1,13.67495645,22.10000000,,515.60300000
"TOI-2000 c","TOI-2000",1,8.14000000,0.25700000,,175.71300000
"TOI-2000 b","TOI-2000",1,2.70000000,0.03470000,,175.71300000
"TOI-2005 b","TOI-2005",1,11.99360935,6.40000000,,328.47500000
"TOI-2010 b","TOI-2010",1,11.81426566,1.28600000,"F0",109.19000000
"TOI-2015 b","TOI-2015",1,3.30900000,0.02894644,"M4 +/- 0.5",47.34440000
"TOI-2019 b","TOI-2019",1,5.33275337,0.10823450,,198.00700000
"TOI-2025 b","TOI-2025",1,11.89272852,3.60000000,,335.98500000
"Kepler-831 b","Kepler-831",1,1.27000000,,,593.54000000
"TOI-2031 A b","TOI-2031 A",2,14.20177855,0.80000000,,276.10500000
"KOI-217 b","KOI-217",1,12.44200000,,,914.69900000
"TOI-2040 b","TOI-2040",1,10.32347122,0.78100000,,144.71700000
"Kepler-830 b","Kepler-830",1,1.70000000,,,
"TOI-2048 b","TOI-2048",1,2.61000000,,"G V",116.56700000
"TOI-2049 b","TOI-2049",1,16.64533634,1.53000000,,571.48700000
"TOI-2068 b","TOI-2068",1,1.82100000,,,52.93280000
"Kepler-1746 b","Kepler-1746",1,8.93504475,,,979.54100000
"TOI-2071 b","TOI-2071",1,2.56484195,,,231.31100000
"TOI-2084 b","TOI-2084",2,2.47000000,,"M2+/-0.5",114.54900000
"TOI-2088 b","TOI-2088",1,3.68311790,0.11641502,,126.46000000
"TOI-2092 b","TOI-2092",1,2.94892961,,,176.75900000
"TOI-2093 c","TOI-2093",1,2.30000000,0.04971236,"K5 V",82.79820000
"TOI-2094 b","TOI-2094",1,1.90000000,,"M3 V",50.02480000
"TOI-2095 b","TOI-2095",1,1.25000000,0.01290004,"M2.5 V",41.91760000
"TOI-2095 c","TOI-2095",1,1.33000000,0.02328300,"M2.5 V",41.91760000
"TOI-2096 b","TOI-2096",1,1.24300000,,"M4",48.48090000
"TOI-2096 c","TOI-2096",1,1.91400000,,"M4",48.48090000
"TOI-2104 b","TOI-2104",1,1.52898127,,,76.74180000
"TOI-2107 b","TOI-2107",1,13.57407563,0.83000000,,236.70500000
"Kepler-829 b","Kepler-829",1,2.11000000,,,1073.76000000
"TOI-2120 b","TOI-2120",1,2.12200000,0.02139519,,32.17550000
"Kepler-1745 b","Kepler-1745",1,1.92872921,,,996.10500000
"TOI-2128 b","TOI-2128",1,2.08874836,0.01415858,,36.57800000
"TOI-2133 b","TOI-2133",1,2.37000000,,,75.19730000
"TOI-2134 b","TOI-2134",1,2.73500000,0.02948132,"K5 V",22.62020000
"TOI-2134 c","TOI-2134",1,7.35000000,0.18343231,"K5 V",22.62020000
"TOI-2141 b","TOI-2141",1,3.14700000,0.06324167,,77.68200000
"Kepler-422 b","Kepler-422",1,12.89000000,0.43000000,,722.79500000
"TOI-2145 b","TOI-2145",1,12.24020692,5.68000000,,224.73100000
"TOI-2147 b","TOI-2147",1,10.50000000,0.36497682,,282.10800000
"TOI-2152 A b","TOI-2152",3,14.35870428,2.83000000,"F4 V",303.00600000
"TOI-2154 b","TOI-2154",1,16.28664896,0.92000000,,296.46000000
"Kepler-828 b","Kepler-828",1,1.51000000,,,575.32200000
"TOI-2158 b","TOI-2158",1,10.76062147,0.82000000,,198.47300000
"Kepler-293 b","Kepler-293",1,3.07000000,,,974.63300000
"TOI-2169 A b","TOI-2169 A",2,12.50922246,1.03700000,,351.48700000
"Kepler-292 f","Kepler-292",1,2.35000000,,,1056.48000000
"TOI-2193 A b","TOI-2193 A",2,19.83989584,0.94000000,,337.06400000
"TOI-2194 b","TOI-2194",1,1.98920000,,,19.57110000
"TOI-2196 b","TOI-2196",1,3.51000000,0.08180515,"G V",259.94700000
"TOI-2200 b","TOI-2200",1,6.96310517,,,251.24500000
"TOI-2207 b","TOI-2207",1,11.15293580,0.64000000,,373.34500000
"Kepler-291 b","Kepler-291",1,2.16000000,,,1786.48000000
"TOI-2211.01","TOI-2211",1,1.56100000,,,70.29320000
"TOI-2227 b","TOI-2227",1,3.09885187,,,165.44100000
"Kepler-61 b","Kepler-61",1,2.15000000,,"K7 V",335.07900000
"TOI-2236 b","TOI-2236",1,14.36991326,1.58000000,,355.59000000
"Kepler-290 c","Kepler-290",1,2.70000000,,,694.62700000
"Kepler-1744 b","Kepler-1744",1,3.76754004,,,1091.63000000
"Kepler-423 b","Kepler-423",1,13.36100000,0.59500000,"G4 V",758.75300000
"Kepler-1987 d","Kepler-1987",1,2.66000000,,,595.68300000
"TOI-2266 b","TOI-2266",1,1.54000000,,"M5.0+0.5-0.5",51.60040000
"TOI-2267 c","TOI-2267 A",2,1.14000000,,"M5 V",
"TOI-2267 b","TOI-2267 A",2,1.00000000,,"M5 V",
"TOI-2274 b","TOI-2274",1,2.45000000,,"M",48.87600000
"Kepler-827 b","Kepler-827",1,5.63000000,,,2046.68000000
"TOI-2295 b","TOI-2295",1,16.47720163,0.87500000,,126.27900000
"Kepler-289 c","Kepler-289",1,11.23000000,0.49000000,,704.43800000
"TOI-2322 c","TOI-2322",1,1.87400000,0.05694897,"K4",59.86100000
"TOI-2322 b","TOI-2322",1,0.99400000,0.00726807,"K4",59.86100000
"TOI-2328 b","TOI-2328",1,9.97599282,0.16000000,,231.78200000
"TOI-2338 b","TOI-2338",1,11.20898070,5.98000000,,313.99600000
"TOI-2345 b","TOI-2345",1,1.50400000,0.01098077,"K",81.65410000
"TOI-2345 c","TOI-2345",1,2.45100000,0.02287398,"K",81.65410000
"TOI-2346 b","TOI-2346",1,16.11851425,1.24000000,,437.48400000
"Kepler-487 c","Kepler-487",1,2.68000000,,,872.34300000
"Kepler-458 c","KIC 9663113",1,4.20000000,,,1594.74000000
"TOI-2364 b","TOI-2364",1,8.60849718,0.22500000,,219.61400000
"Kepler-889 b","Kepler-889",1,1.09000000,,,598.31300000
"TOI-2368 b","TOI-2368",1,10.83908434,0.65000000,,210.91500000
"TOI-2373 b","TOI-2373",1,10.42435205,9.30000000,,508.68600000
"TOI-2374 b","TOI-2374",2,7.48759911,0.19400000,,134.65500000
"Kepler-888 b","Kepler-888",1,1.76000000,,,420.81700000
"TOI-2379 b","TOI-2379",1,11.72459381,5.76000000,,211.24700000
"TOI-2382 b","TOI-2382",1,12.25141591,0.74000000,,434.92000000
"TOI-2384 b","TOI-2384",2,11.48920522,1.96600000,,191.51000000
"Kepler-887 b","Kepler-887",1,1.84000000,,,886.58800000
"Kepler-886 b","Kepler-886",1,1.52000000,,,711.29700000
"TOI-2407 b","TOI-2407",1,4.26000000,,,92.43660000
"Kepler-885 b","Kepler-885",1,2.50000000,,,651.31800000
"TOI-2416 b","TOI-2416",1,9.86390302,3.00000000,,557.73300000
"TOI-2420 b","TOI-2420",1,15.02003414,0.92700000,,435.17400000
"TOI-2421 b","TOI-2421",1,10.36830715,0.33300000,,327.92700000
"TOI-2431 b","TOI-2431",1,1.53400000,0.01950738,"K7 V",36.05590000
"Kepler-853 b","Kepler-853",1,1.69000000,,,568.67600000
"TOI-2447 b","TOI-2447",1,9.60609646,0.39300000,,148.98700000
"TOI-2449 b","TOI-2449",1,11.24000000,0.70000000,"G",156.78600000
"Kepler-852 b","Kepler-852",1,2.54000000,,,1619.03000000
"TOI-2453 b","TOI-2453",1,3.24380341,,,81.90430000
"TOI-2458 b","TOI-2458",1,2.83000000,0.04187794,"F9-F9.5",112.95800000
"TOI-2459 b","TOI-2459",1,2.95310000,,,36.61130000
"Kepler-26 b","Kepler-26",1,2.78000000,0.01610924,,335.30700000
"Kepler-884 b","Kepler-884",1,1.23000000,,,476.73300000
"TOI-2485 b","TOI-2485",1,12.13932610,2.41200000,,397.95300000
"Kepler-883 b","Kepler-883",1,1.78000000,,,627.45500000
"Kepler-59 c","Kepler-59",1,1.98000000,,,1163.22000000
"TOI-2497 b","TOI-2497",1,11.14172682,4.82000000,,285.28900000
"TOI-2498 b","TOI-2498",1,6.06000000,0.10892670,,275.26500000
"Kepler-882 b","Kepler-882",1,1.23000000,,,504.60500000
"TOI-2518 b","TOI-2518",1,2.26838675,,,160.82500000
"TOI-2524 b","TOI-2524",1,11.20898070,0.64000000,,438.84200000
"TOI-2525 b","TOI-2525",1,8.67575106,0.08400000,"K8 V",395.39800000
"TOI-2525 c","TOI-2525",1,10.13291855,0.65700000,"K8 V",395.39800000
"Kepler-881 b","Kepler-881",1,1.78000000,,,1375.18000000
"TOI-2529 b","TOI-2529",1,11.54525012,2.34000000,,296.27100000
"TIC 52059926 b","TIC 52059926",1,10.71000000,16.90000000,"K4.5 V",216.58100000
"Kepler-880 b","Kepler-880",1,2.66000000,,,601.32400000
"TOI-2537 b","TOI-2537",1,11.25381662,1.30700000,,184.98600000
"TOI-2545 b","TOI-2545",1,2.75000000,,,107.11800000
"Kepler-43 b","Kepler-43",1,13.66377100,3.23000000,,1005.84000000
"Kepler-879 b","Kepler-879",1,2.57000000,,,802.67200000
"TOI-2567 b","TOI-2567",1,10.92875618,0.20100000,,504.77500000
"TOI-2570 b","TOI-2570",1,13.64132951,0.82000000,,361.85700000
"Kepler-878 b","Kepler-878",1,1.93000000,,,791.62500000
"TOI-2578 b","TOI-2578",1,19.66055215,0.52600000,,285.53000000
"TOI-2580 b","TOI-2580",1,17.37392009,0.63000000,"F",379.25300000
"TOI-2583 A b","TOI-2583 A",2,14.45958510,0.25000000,,566.18900000
"TOI-2587 A b","TOI-2587 A",2,12.07207221,0.21800000,,373.67500000
"Kepler-877 b","Kepler-877",1,2.12000000,,,602.17600000
"TOI-2589 b","TOI-2589",1,12.10569916,3.50000000,,200.27300000
"Kepler-876 b","Kepler-876",1,1.43000000,,,820.91300000
"Kepler-875 b","Kepler-875",1,2.90000000,,,1242.62000000
"Kepler-874 b","Kepler-874",1,3.94000000,,,1082.16000000
"Kepler-873 b","Kepler-873",1,3.75000000,,,1182.22000000
"Kepler-303 b","Kepler-303",1,0.89000000,,,209.73800000
"TOI-2641 b","TOI-2641",1,18.10250383,0.38600000,"F9 V",344.04500000
"TOI-2654 b","TOI-2654",1,7.94454164,,,248.96400000
"Kepler-872 b","Kepler-872",1,1.99000000,,,879.68300000
"Kepler-871 b","Kepler-871",1,3.74000000,,,1976.05000000
"Kepler-870 b","Kepler-870",1,2.78000000,,,1259.46000000
"TOI-2714 b","TOI-2714",1,13.72000000,0.71736822,,597.87300000
"TOI-2719 b","TOI-2719",1,5.98000000,,,588.36800000
"NGTS-31 b","NGTS-31",1,18.04645893,1.12000000,,497.37600000
"Kepler-869 b","Kepler-869",1,3.61000000,,,939.45500000
"Kepler-868 b","Kepler-868",1,2.05000000,,,1593.13000000
"Kepler-867 b","Kepler-867",1,4.64000000,,,1195.54000000
"TOI-2768 b","TOI-2768",1,2.63000000,,"M",78.45250000
"KOI-13 b","KOI-13",3,16.94800800,9.28000000,,519.09600000
"Kepler-866 b","Kepler-866",1,1.63000000,,,646.66700000
"Kepler-865 b","Kepler-865",1,2.49000000,,,586.13700000
"TOI-2796 b","TOI-2796",1,17.26183028,0.44000000,,350.34300000
"TOI-2803 A b","TOI-2803 A",2,18.11371281,0.97500000,,494.81800000
"Kepler-864 b","Kepler-864",1,2.40000000,,,2022.90000000
"TOI-2818 b","TOI-2818",1,15.27784069,0.71000000,,312.67400000
"Kepler-863 b","Kepler-863",1,2.90000000,,,1499.66000000
"TOI-2842 b","TOI-2842",1,12.84549188,0.37000000,,460.99500000
"Kepler-1754 b","Kepler-1754",1,2.43996509,,,718.94500000
"Kepler-862 b","Kepler-862",1,2.21000000,,,1039.03000000
"TOI-2876 b","TOI-2876",1,9.63972340,0.17000000,,225.74400000
"TOI-2886 b","TOI-2886",1,18.64053490,1.40000000,,413.67300000
"Kepler-1753 b","Kepler-1753",1,2.22678077,,,707.68800000
"Kepler-861 b","Kepler-861",1,2.28000000,,,850.32700000
"Kepler-302 c","Kepler-302",1,12.45000000,,,1402.58000000
"TOI-2969 b","TOI-2969",1,12.32987877,1.16000000,"K3 V",163.99600000
"Kepler-102 e","Kepler-102",1,2.17000000,0.01478785,,107.79600000
"Kepler-860 b","Kepler-860",1,3.24000000,,,1056.36000000
"TOI-2977 b","TOI-2977",1,13.15934334,1.68000000,,
"TOI-2981 b","TOI-2981",1,13.40000000,2.00737249,,527.78900000
"Kepler-859 b","Kepler-859",1,3.09000000,,,839.90300000
"TOI-2986 b","TOI-2986",1,9.29224500,0.30400000,,563.14900000
"TOI-2989 b","TOI-2989",1,12.55405838,3.00000000,"K4 V",195.79500000
"TOI-2992 b","TOI-2992",1,13.75341932,3.33000000,,542.02600000
"Kepler-858 b","Kepler-858",1,4.87000000,,,298.53200000
"TOI-3023 b","TOI-3023",1,16.43236571,0.62000000,,389.91600000
"Kepler-1752 b","Kepler-1752",1,4.54060463,,,962.88800000
"Kepler-1669 c","Kepler-1669",1,1.90120972,,,543.44400000
"Kepler-419 b","Kepler-419",1,10.80000000,2.50000000,,1011.36000000
"Kepler-857 b","Kepler-857",1,6.80000000,,,983.50200000
"TOI-3071 b","TOI-3071",1,7.16000000,0.21458120,,485.21900000
"Kepler-14 b","Kepler-14",2,12.73300000,8.40000000,,
"TOI-3082 b","TOI-3082",1,3.66210000,,,113.04800000
"Kepler-1668 b","Kepler-1668",1,4.34764405,,,1335.64000000
"TOI-3135 b","TOI-3135",1,13.65253849,1.03000000,,221.67300000
"TOI-3160 A b","TOI-3160 A",2,13.76462830,1.19000000,,567.67800000
"Kepler-94 b","Kepler-94",1,3.51000000,0.03400000,,191.90400000
"Kepler-856 b","Kepler-856",1,9.30000000,,,1351.17000000
"NGTS-27 b","NGTS-27",1,15.64773706,0.59300000,,942.12200000
"Kepler-855 b","Kepler-855",1,8.35000000,,,1506.58000000
"TOI-3235 b","TOI-3235",1,11.39953337,0.66500000,"M V",72.81100000
"TOI-3261 b","TOI-3261",1,3.82000000,0.09533446,"K1.5+/-1",300.14100000
"Kepler-125 b","Kepler-125",1,2.37000000,,,183.36500000
"TOI-3288 b","TOI-3288",2,12.24020692,1.68700000,"M0&plusmn;0.5",200.50000000
"TOI-3321 b","TOI-3321",1,15.55806521,0.55400000,,285.89500000
"TOI-3331 A b","TOI-3331 A",2,12.97999965,2.27000000,,217.19300000
"TOI-3353.01","TOI-3353",1,2.66675550,,,78.75770000
"TOI-3364 b","TOI-3364",1,12.22899794,1.67000000,,277.89900000
"TOI-3457 b","TOI-3457",1,10.64000000,2.51000000,,370.66600000
"TOI-3464 b","TOI-3464",1,13.76462830,1.25000000,,597.77400000
"TOI-3474 b","TOI-3474",1,14.67255574,0.61000000,,420.12300000
"Kepler-890 b","Kepler-890",1,8.89000000,,,1712.12000000
"TOI-3486 b","TOI-3486",1,10.57006880,0.31200000,,154.71500000
"TOI-3493 b","TOI-3493",1,3.22000000,0.02822278,"G1/2 V",96.72240000
"TOI-3523 A b","TOI-3523 A",3,15.97279750,1.37000000,,645.29400000
"Kepler-304 b","Kepler-304",1,2.86000000,,,434.68400000
"TOI-3540 A b","TOI-3540 A",2,23.53885947,1.18000000,,
"TOI-3568 b","TOI-3568",1,5.30000000,0.08300000,,197.90600000
"Kepler-305 b","Kepler-305",1,3.60000000,0.03300000,,868.47700000
"TOI-3593 b","TOI-3593",1,11.02963701,1.78000000,,226.63000000
"Kepler-891 b","Kepler-891",1,6.41000000,,,2340.58000000
"Kepler-306 c","Kepler-306",1,2.35000000,,,775.67900000
"Kepler-892 b","Kepler-892",1,2.81000000,,,570.72700000
"TOI-3664 b","TOI-3664",1,13.69737442,0.36000000,,464.74800000
"Kepler-893 b","Kepler-893",1,3.03000000,,,1285.59000000
"TOI-3682 b","TOI-3682",1,12.80065596,0.21800000,,404.21100000
"Kepler-17 b","Kepler-17",1,14.68000000,2.45000000,,720.75300000
"Kepler-894 b","Kepler-894",1,2.78000000,,,1162.91000000
"TOI-3688 A b","TOI-3688 A",2,13.08088048,0.98000000,,396.37800000
"TOI-3693 b","TOI-3693",1,12.59889431,1.02000000,,176.43600000
"Kepler-1755 b","Kepler-1755",1,5.91688317,,,982.38300000
"Kepler-87 b","Kepler-87",1,13.49000000,1.02000000,,1232.90000000
"Kepler-307 b","Kepler-307",1,2.43000000,0.02340874,,575.58100000
"Kepler-895 b","Kepler-895",1,1.54000000,,,540.13400000
"TOI-3757 b","TOI-3757",1,12.00000000,0.26838381,"M0 V",181.13900000
"Kepler-896 c","Kepler-896",1,3.15000000,,,2334.93000000
"TOI-3785 b","TOI-3785",1,5.14000000,0.04703796,"M2 V",79.76340000
"Kepler-107 e","Kepler-107",1,2.90300000,0.04436356,,525.99700000
"WASP-194 b","WASP-194",1,15.47960235,1.17400000,,476.83100000
"Kepler-897 b","Kepler-897",1,2.39000000,,,1519.25000000
"TOI-3807 b","TOI-3807",1,18.49481816,1.04000000,,421.74500000
"Kepler-898 b","Kepler-898",1,1.49000000,,,484.89100000
"TOI-3819 b","TOI-3819",1,13.13692538,1.11000000,,558.14100000
"Kepler-899 b","Kepler-899",1,2.68000000,,,1246.43000000
"Kepler-900 b","Kepler-900",1,2.08000000,,,487.52500000
"TOI-3837 b","TOI-3837",1,10.87271128,0.59000000,,311.70500000
"Kepler-901 b","Kepler-901",1,1.37000000,,,253.86700000
"TOI-3856 b","TOI-3856",1,13.59649359,0.54000000,,314.44300000
"Kepler-84 b","Kepler-84",1,2.23000000,,,1023.90000000
"TOI-3862 b","TOI-3862",1,5.53000000,0.16880000,,249.02000000
"TOI-3877 b","TOI-3877",1,11.67975789,0.31400000,,493.77000000
"Kepler-1757 b","Kepler-1757",1,2.94660251,,,807.30800000
"TOI-3884 b","TOI-3884",1,6.43000000,0.10253961,,43.14480000
"TOI-3894 b","TOI-3894",1,15.27784069,0.82000000,,417.36500000
"TOI-3896 b","TOI-3896",1,3.14949237,,,181.65300000
"Kepler-308 b","Kepler-308",1,2.12000000,,,1335.92000000
"TOI-3912 b","TOI-3912",1,14.28024141,0.40600000,,465.99200000
"TOI-3919 b","TOI-3919",1,12.31866979,3.88000000,,604.59100000
"Kepler-902 b","Kepler-902",1,2.54000000,,,1165.34000000
"Kepler-309 b","Kepler-309",1,1.56000000,,,544.56800000
"Kepler-310 c","Kepler-310",1,3.38000000,,,602.26800000
"KOI-1599.01","KOI-1599",1,1.90000000,0.01447315,,1131.64000000
"TOI-3976 A b","TOI-3976 A",2,12.27383387,0.17500000,,516.08700000
"TOI-3980 b","TOI-3980",1,14.45958510,0.59000000,,486.72100000
"Kepler-903 b","Kepler-903",1,2.01000000,,,1369.24000000
"TOI-3984 A b","TOI-3984 A",2,7.90000000,0.14000000,"M4+/-0.5",108.88300000
"Kepler-1758 b","Kepler-1758",1,2.57059831,,,1588.41000000
"Kepler-904 b","Kepler-904",1,1.77000000,,,978.12500000
"TOI-4010 c","TOI-4010",1,5.93000000,0.06390241,"K V",177.50400000
"TOI-4010 d","TOI-4010",1,6.18000000,0.12003332,"K V",177.50400000
"TOI-4010 b","TOI-4010",1,3.02000000,0.03460987,"K V",177.50400000
"Kepler-905 b","Kepler-905",1,1.41000000,,,529.26800000
"TOI-4029 b","TOI-4029",1,6.73756618,,,274.43600000
"TOI-4030 b","TOI-4030",1,5.84625590,,,571.61500000
"TOI-4034 b","TOI-4034",1,17.71018951,0.87000000,,745.14500000
"Kepler-311 b","Kepler-311",1,1.70000000,,,778.65400000
"WASP-195 b","WASP-195",1,10.31226224,0.10400000,,484.85200000
"Kepler-906 b","Kepler-906",1,2.11000000,,,757.79100000
"Kepler-275 b","Kepler-275",1,2.34000000,,,2034.25000000
"TOI-4087 b","TOI-4087",1,13.04725353,0.73000000,,301.67600000
"Kepler-424 b","Kepler-424",1,9.98000000,1.03000000,,698.64600000
"Kepler-276 b","Kepler-276",1,2.87000000,,,1144.86000000
"Kepler-277 c","Kepler-277",1,3.36000000,0.20200000,,976.64300000
"Kepler-278 c","Kepler-278",1,3.26800000,0.10980768,"K2 III-IV",443.03000000
"Kepler-279 b","Kepler-279",1,3.62000000,,,1037.40000000
"TOI-4127 b","TOI-4127",1,12.07000000,2.34000000,,319.63200000
"TOI-4137 b","TOI-4137",1,13.57407563,1.44000000,,334.99300000
"Kepler-56 b","Kepler-56",1,6.51000000,0.07000000,,912.99400000
"TOI-4145 A b","TOI-4145 A",2,13.30506009,0.43000000,,205.38700000
"Kepler-282 e","Kepler-282",1,3.10000000,0.17700000,,1337.61000000
"TOI-4153 b","TOI-4153",1,16.11851425,1.15000000,,423.84000000
"TOI-4155 b","TOI-4155",1,3.21000000,,,240.73700000
"TOI-4156 b","TOI-4156",1,2.53823825,,,213.71900000
"Kepler-284 c","Kepler-284",1,2.61000000,,,1031.95000000
"Kepler-286 c","Kepler-286",1,1.37000000,,,1226.85000000
"Kepler-287 b","Kepler-287",1,2.33000000,,,835.86000000
"TOI-4184 b","TOI-4184",1,2.43000000,,"M5.5+/-0.5",69.36490000
"HD 35843 c","HD 35843",1,2.54000000,0.03561670,,69.60260000
"Kepler-110 b","Kepler-110",1,1.83000000,,,586.53100000
"Kepler-290 b","Kepler-290",1,2.25000000,,,694.62700000
"TOI-4201 b","TOI-4201",1,13.67495645,2.48000000,"M1.0+/-0.5",189.01100000
"Kepler-292 d","Kepler-292",1,2.23000000,,,1056.48000000
"TOI-4214 b","TOI-4214",1,10.68215861,0.52000000,,346.88100000
"Kepler-294 b","Kepler-294",1,1.77000000,,,1357.01000000
"Kepler-296 d","Kepler-296",2,2.09000000,,,
"Kepler-297 c","Kepler-297",1,6.54000000,,,692.14000000
"Kepler-1669 b","Kepler-1669",1,2.78043818,,,543.44400000
"Kepler-302 b","Kepler-302",1,4.06000000,,,1402.58000000
"Kepler-306 b","Kepler-306",1,1.52000000,,,775.67900000
"NGTS-24 b","NGTS-24",1,13.60770257,0.52000000,"G2 IV",683.06200000
"Kepler-84 c","Kepler-84",1,2.36000000,,,1023.90000000
"Kepler-509 b","Kepler-509",1,2.49000000,,,332.44300000
"Kepler-1756 b","Kepler-1756",1,1.47199944,,,
"Kepler-309 c","Kepler-309",1,2.51000000,,,544.56800000
"LP 890-9 b","LP 890-9",1,1.32000000,0.04153184,"M6 V",32.42980000
"TOI-4308 b","TOI-4308",1,2.41890000,,,108.93200000
"Kepler-65 b","Kepler-65",1,1.42000000,,,303.72800000
"TOI-4311 c","TOI-4311",1,2.47000000,0.04272746,"K",134.98800000
"TOI-4311 b","TOI-4311",1,1.37600000,0.01415858,"K",134.98800000
"Kepler-466 c","Kepler-466",1,1.25000000,,,530.12200000
"Kepler-23 d","Kepler-23",1,2.20600000,0.01396980,,835.75600000
"TOI-4336 A b","TOI-4336 A",3,2.13700000,0.01047735,"M3.5 V",22.54550000
"Kepler-119 c","Kepler-119",1,0.92000000,,,701.99600000
"TOI-4342 b","TOI-4342",1,2.32900000,0.02296837,"M0 V",61.52040000
"TOI-4342 c","TOI-4342",1,2.34900000,0.01510249,"M0 V",61.52040000
"Kepler-121 c","Kepler-121",1,2.27000000,,,510.52300000
"Kepler-449 c","Kepler-449",1,2.76400000,,,241.94900000
"TOI-4363 b","TOI-4363",1,1.76689273,,,77.77510000
"TOI-4364 b","TOI-4364",1,2.01000000,,"M4 V",43.96620000
"Kepler-450 c","Kepler-450",1,2.62000000,,,455.98200000
"Kepler-130 b","Kepler-130",2,1.02000000,,,316.66300000
"TOI-4377 b","TOI-4377",1,15.10970598,0.95700000,,455.82000000
"TOI-4379 b","TOI-4379",1,16.69017226,1.11300000,,645.15800000
"Kepler-1663 b","Kepler-1663",1,3.30395896,,,337.92600000
"Kepler-133 b","Kepler-133",1,1.76000000,,,653.60000000
"Kepler-529 c","Kepler-529",1,2.00000000,,,799.00800000
"TOI-4405 b","TOI-4405",1,2.55505441,,,155.50100000
"TOI-4406 b","TOI-4406",1,11.20898070,0.30000000,,261.83400000
"Kepler-149 d","Kepler-149",1,3.96000000,,,571.03400000
"Kepler-152 c","Kepler-152",1,2.39000000,,,441.09000000
"TOI-4427 b","TOI-4427",1,13.09208946,0.27600000,,198.25100000
"Kepler-153 c","Kepler-153",1,2.53000000,,,459.36800000
"TOI-4438 b","TOI-4438",1,2.40000000,0.01293151,"M3.5 V",30.03460000
"TOI-4443.01","TOI-4443",1,1.71932650,,,56.07390000
"Kepler-553 c","Kepler-553",1,11.57887706,6.70000000,,728.52500000
"TOI-4458 b","TOI-4458",1,12.40834163,1.73700000,,505.43200000
"Kepler-157 b","Kepler-157",1,1.32000000,,,773.71300000
"TOI-4463 A b","TOI-4463 A",2,13.26022417,0.79400000,,173.11700000
"TOI-4465 b","TOI-4465",1,14.01122587,5.89000000,"G V",121.13900000
"TOI-4487 A b","TOI-4487 A",2,14.60530185,1.25000000,,479.14500000
"Ross 176 b","Ross 176",1,1.84000000,0.01437883,"K7 V",46.44880000
"Kepler-160 b","Kepler-160",1,1.71500000,,,937.01300000
"TOI-4495 c","TOI-4495",1,4.03000000,0.07299536,,132.21400000
"TOI-4495 b","TOI-4495",1,2.48300000,0.02422691,,132.21400000
"Kepler-162 b","Kepler-162",1,1.26000000,,,855.64100000
"TOI-4504 c","TOI-4504",1,11.17000000,2.58000000,,342.60500000
"TOI-4504 b","TOI-4504",1,2.65000000,0.45000000,,342.60500000
"TOI-4507 b","TOI-4507",1,8.20000000,0.06292704,"F",178.26000000
"Kepler-164 d","Kepler-164",1,2.45000000,,,890.75800000
"TOI-4511 b","TOI-4511",1,2.75304932,,,121.83200000
"TOI-4513 b","TOI-4513",1,2.34587608,,,102.60900000
"TOI-4515 b","TOI-4515",1,12.17000000,2.00500000,"G8/G9",193.49900000
"HD 20329 b","HD 20329",1,1.72000000,0.02334593,,63.67960000
"TOI-4529 b","TOI-4529",1,1.77000000,0.01541712,"M1.5 V",28.38400000
"Kepler-167 e","Kepler-167",2,10.16000000,1.01000000,,341.90800000
"TOI-4551 b","TOI-4551",1,11.85910158,1.49000000,,215.98600000
"TOI-4552 b","TOI-4552",1,1.11000000,0.00575782,"M4.5 V",27.26840000
"Kepler-168 b","Kepler-168",1,1.46000000,,,1343.60000000
"TOI-4559 b","TOI-4559",1,1.41500000,,,31.63540000
"TOI-4561 b","TOI-4561",1,1.77789214,,,179.00800000
"TOI-4562 b","TOI-4562",1,,,"F7 V",339.60500000
"Kepler-176 b","Kepler-176",1,1.43000000,,,527.32100000
"Kepler-177 b","Kepler-177",1,3.50000000,0.01837460,,1435.44000000
"TOI-4578 b","TOI-4578",1,2.26974262,,,182.24900000
"TOI-4582 b","TOI-4582",1,10.53644186,0.53000000,,383.84600000
"Kepler-178 d","Kepler-178",1,3.95000000,,,716.02500000
"TOI-4600 b","TOI-4600",1,6.80000000,3.02000000,"K V",216.05600000
"TOI-4602.01","TOI-4602",1,2.45000000,0.01740000,"G5",63.06370000
"TOI-4603 b","TOI-4603",1,11.67975789,12.89000000,"F",225.64300000
"Kepler-181 b","Kepler-181",1,1.27000000,,,609.28300000
"TOI-4633 c","TOI-4633",2,3.20000000,0.38700128,"G V",95.20160000
"TOI-4638.01","TOI-4638",1,2.93300000,,,168.24800000
"TOI-4640 b","TOI-4640",1,2.84326517,,,245.08900000
"TOI-4641 b","TOI-4641",1,8.18255591,3.87000000,,86.35010000
"Kepler-183 b","Kepler-183",1,2.06000000,,,1050.64000000
"Kepler-598 c","Kepler-598",1,3.02420941,,,681.08600000
"TOI-4662 b","TOI-4662",1,2.87998299,,,111.04700000
"Kepler-193 c","Kepler-193",1,2.75000000,,,1009.10000000
"TOI-4666 b","TOI-4666",1,12.53164042,0.48900000,"M2&plusmn;0.5",154.74900000
"WASP-116 b","WASP-116",1,13.67495645,0.64000000,,559.24300000
"Kepler-464 b","Kepler-464",1,3.30000000,,,667.60400000
"Kepler-194 b","Kepler-194",1,1.51000000,,,1097.97000000
"Kepler-199 c","Kepler-199",1,3.25000000,,,521.05400000
"Kepler-207 b","Kepler-207",1,1.57000000,,,875.51900000
"TIC 9344899 b","TIC 9344899",1,9.16000000,19.40000000,"G3 V",532.22800000
"Kepler-647 b","Kepler-647",1,1.17000000,,,1087.87000000
"Kepler-214 b","Kepler-214",1,2.61000000,,,1208.44000000
"Kepler-218 b","Kepler-218",1,1.48000000,,,656.38000000
"Kepler-219 c","Kepler-219",1,3.58000000,,,787.07000000
"TOI-4734 b","TOI-4734",1,10.91754720,0.19400000,,563.06800000
"Kepler-223 c","Kepler-223",1,3.44000000,0.01604631,,1859.71000000
"TOI-4747 b","TOI-4747",1,3.95803201,,,304.61500000
"Kepler-224 d","Kepler-224",1,2.30000000,,,782.08800000
"Kepler-225 b","Kepler-225",1,1.20000000,,,561.10100000
"Kepler-124 c","Kepler-124",1,1.75000000,,,420.04600000
"Kepler-226 b","Kepler-226",1,1.55000000,,,980.13800000
"TOI-4773 b","TOI-4773",1,15.22179579,5.31000000,,492.88800000
"Kepler-227 c","Kepler-227",1,3.04000000,,,1083.06000000
"TOI-4791 b","TOI-4791",1,12.44196858,2.31000000,,328.80200000
"Kepler-232 c","Kepler-232",1,3.83000000,,,1349.13000000
"TOI-4794 b","TOI-4794",1,14.35870428,0.97000000,,543.00800000
"Kepler-235 d","Kepler-235",1,2.05000000,,,428.01800000
"Kepler-53 d","Kepler-53",1,2.12000000,,,1366.07000000
"Kepler-238 d","Kepler-238",1,3.07000000,,,1798.75000000
"Kepler-240 b","Kepler-240",1,1.37000000,,,746.92700000
"Kepler-241 c","Kepler-241",1,2.57000000,,,
"Kepler-242 c","Kepler-242",1,2.00000000,,,600.24100000
"TOI-4860 b","TOI-4860",1,8.70000000,0.27300000,"M3.5 V",80.14230000
"NGTS-30 b","NGTS-30",1,10.40193409,0.96000000,,238.37700000
"Kepler-244 d","Kepler-244",1,2.31000000,,,1036.49000000
"Kepler-68 b","Kepler-68",2,2.35700000,0.02526521,,144.16600000
"Kepler-249 b","Kepler-249",1,1.09000000,,,190.40100000
"Kepler-254 c","Kepler-254",1,2.15000000,,,1389.48000000
"Kepler-31 c","Kepler-31",1,5.30000000,4.70000000,,1664.64000000
"TOI-4898 b","TOI-4898",1,3.71979540,,,98.59580000
"Kepler-255 d","Kepler-255",1,1.32000000,,,1052.53000000
"Kepler-1666 c","Kepler-1666",1,3.23564749,,,1379.37000000
"TOI-4914 b","TOI-4914",1,12.87000000,0.71422187,,299.89000000
"Kepler-42 c","Kepler-42",1,0.73000000,,"M",40.05950000
"TOI-4930 b","TOI-4930",1,6.93277225,,,413.75700000
"Kepler-750 c","Kepler-750",1,1.62000000,,,1296.02000000
"TOI-4940 b","TOI-4940",1,6.61000000,0.28002532,"G8 V",345.65900000
"Kepler-758 c","Kepler-758",1,1.69000000,,,1502.32000000
"Kepler-760 c","Kepler-760",1,1.48000000,,,792.33600000
"TOI-4961 b","TOI-4961",1,12.34108775,1.80000000,,213.07300000
"Kepler-24 b","Kepler-24",1,2.34800000,0.03505036,,1156.81000000
"Kepler-15 b","Kepler-15",1,10.76000000,0.66000000,,739.41200000
"Kepler-268 c","Kepler-268",1,3.38000000,,,851.87000000
"Kepler-271 c","Kepler-271",1,0.95000000,,,404.54200000
"BD-14 3065 b","BD-14 3065 A",3,21.59000000,12.37000000,,589.42300000
"TOI-4994 b","TOI-4994",1,8.54124329,0.28000000,,329.30400000
"Kepler-273 c","Kepler-273",1,1.98000000,,,713.96400000
"Kepler-171 c","Kepler-171",1,2.56000000,,,863.85500000
"TOI-5005 b","TOI-5005",1,6.25000000,0.10300000,"G2 V",207.89100000
"TOI-5007 b","TOI-5007",1,11.07447293,0.66400000,"M1&plusmn;0.5",203.35200000
"Kepler-732 c","Kepler-732",1,1.27000000,,,174.82600000
"Kepler-80 e","Kepler-80",1,1.60000000,0.01299437,"K5",369.45100000
"TOI-5027 b","TOI-5027",1,10.76062147,2.02000000,,204.42900000
"Kepler-238 b","Kepler-238",1,1.73000000,,,1798.75000000
"Kepler-82 d","Kepler-82",1,1.77000000,,,904.32600000
"Kepler-33 c","Kepler-33",1,3.20000000,,,1209.16000000
"Kepler-32 e","Kepler-32",1,1.50000000,,,323.84700000
"TOI-5076 b","TOI-5076",2,3.48935569,0.05080000,,82.85700000
"TOI-5082.01","TOI-5082",1,2.54811000,,,43.14060000
"Kepler-223 b","Kepler-223",1,2.99000000,0.02328289,,1859.71000000
"Kepler-107 d","Kepler-107",1,0.86000000,0.02422691,,525.99700000
"TOI-5108 b","TOI-5108",1,6.60000000,0.10068326,,130.91900000
"TOI-5110 b","TOI-5110",1,11.98240037,2.90000000,,392.25900000
"Kepler-80 f","Kepler-80",1,1.21000000,,"K5",369.45100000
"TOI-5126 b","TOI-5126",1,4.74000000,,"F V",160.41400000
"TOI-5126 c","TOI-5126",1,3.86000000,,"F V",160.41400000
"Kepler-297 d","Kepler-297",1,32.60000000,,,692.14000000
"TOI-5143 c","TOI-5143",1,16.25302201,,"K V",181.38000000
"Kepler-65 d","Kepler-65",1,1.52000000,,,303.72800000
"TOI-5159 b","TOI-5159",1,1.54732112,,,55.17880000
"TOI-5160 b","TOI-5160",1,2.39729851,,,151.46500000
"TOI-5174 b","TOI-5174",1,5.35100000,,,197.24300000
"Kepler-23 b","Kepler-23",1,1.63800000,0.00805466,,835.75600000
"TOI-5181 A b","TOI-5181 A",2,13.34989601,1.04000000,,480.15500000
"Kepler-26 d","Kepler-26",1,1.07000000,,,335.30700000
"WASP-188 b","WASP-188",1,14.81827249,1.44300000,,675.28100000
"Kepler-148 b","Kepler-148",1,1.80000000,,,791.16300000
"TOI-5205 b","TOI-5205",1,11.60000000,1.08000000,"M4.0",86.44930000
"Kepler-150 e","Kepler-150",1,3.12000000,,,891.09200000
"TOI-5210 b","TOI-5210",1,10.72699453,0.25800000,,302.08600000
"TOI-5218 b","TOI-5218",1,9.86000000,2.06715317,,377.48300000
"Kepler-167 c","Kepler-167",2,1.67400000,,,341.90800000
"Kepler-426 b","Kepler-426",1,12.22000000,0.34000000,"G1 V",843.69500000
"Kepler-80 d","Kepler-80",1,1.53000000,0.02123777,"K5",369.45100000
"TOI-5232 b","TOI-5232",1,12.77823800,2.34000000,,609.38800000
"TOI-5238 b","TOI-5238",1,5.22000000,,,290.64600000
"Kepler-176 d","Kepler-176",1,2.51000000,,,527.32100000
"Kepler-178 c","Kepler-178",1,2.88000000,,,716.02500000
"Kepler-186 b","Kepler-186",1,1.07000000,,"M1",177.59400000
"TOI-5261 b","TOI-5261",1,11.60129502,11.49000000,,377.05400000
"Kepler-207 c","Kepler-207",1,1.50000000,,,875.51900000
"Kepler-62 e","Kepler-62",1,1.61000000,0.11300000,"K2 V",300.87400000
"WASP-154 b","WASP-154",1,10.76062147,0.62600000,,215.50100000
"Kepler-33 e","Kepler-33",1,4.02000000,,,1209.16000000
"TOI-5292 A b","TOI-5292 A",2,12.64373023,1.29900000,"M0&plusmn;0.5",337.09500000
"TOI-5293 A b","TOI-5293 A",2,11.90000000,0.54000000,"M3+/-1",162.22900000
"Kepler-218 d","Kepler-218",1,2.66000000,,,656.38000000
"TOI-5300 b","TOI-5300",1,9.86390302,0.60000000,"K4 V",162.51000000
"TOI-5301 b","TOI-5301",1,13.09208946,3.72000000,,629.16100000
"Kepler-219 d","Kepler-219",1,2.81000000,,,787.07000000
"Kepler-223 e","Kepler-223",1,4.60000000,0.01510241,,1859.71000000
"TOI-5319 b","TOI-5319",1,2.83000000,,"M",61.17100000
"TOI-5322 b","TOI-5322",1,16.61170940,0.57900000,,476.89900000
"Kepler-224 b","Kepler-224",1,1.39000000,,,782.08800000
"TOI-5335 b","TOI-5335",1,4.02422162,,,331.28900000
"Kepler-228 b","Kepler-228",1,1.53000000,,,1644.61000000
"TOI-5340 b","TOI-5340",1,15.07607904,0.85000000,,532.62900000
"TOI-5344 b","TOI-5344",1,10.60369574,0.41200000,,138.36700000
"Kepler-235 e","Kepler-235",1,2.22000000,,,428.01800000
"TOI-5349 b","TOI-5349",1,10.20000000,0.40000000,"M1+/-0.5",188.33600000
"TOI-5350 b","TOI-5350",1,12.41955062,6.59000000,,277.41900000
"Kepler-53 c","Kepler-53",1,3.17000000,0.11326867,,1366.07000000
"Kepler-238 c","Kepler-238",1,2.39000000,,,1798.75000000
"TOI-5380 b","TOI-5380",1,3.48093238,,,286.78100000
"Kepler-244 c","Kepler-244",1,2.05000000,,,1036.49000000
"WASP-197 b","WASP-197",1,14.44837612,1.26900000,,483.67500000
"TOI-5386 A b","TOI-5386 A",2,14.70618268,0.48800000,,394.48600000
"TOI-5388.01","TOI-5388",1,0.99000000,0.00692197,"M3.0 V",18.52260000
"Kepler-82 e","Kepler-82",1,2.47000000,,,904.32600000
"TOI-5398 b","TOI-5398",1,10.30000000,0.18469085,"G V",130.85500000
"TOI-5398 c","TOI-5398",1,3.52000000,0.03712695,"G V",130.85500000
"Kepler-247 b","Kepler-247",1,1.64000000,,,663.71100000
"Kepler-83 c","Kepler-83",2,2.36000000,,,400.40900000
"Kepler-249 d","Kepler-249",1,1.57000000,,,190.40100000
"TOI-5422 b","TOI-5422",1,9.10169233,28.00000000,,346.14100000
"KOI-94 d","KOI-94",2,11.27000000,0.33400000,,477.05200000
"Kepler-251 b","Kepler-251",1,1.33000000,,,924.62500000
"Kepler-254 d","Kepler-254",1,2.50000000,,,1389.48000000
"Kepler-31 d","Kepler-31",1,3.90000000,6.80000000,,1664.64000000
"Kepler-32 d","Kepler-32",1,2.70000000,,,323.84700000
"Kepler-42 d","Kepler-42",1,0.57000000,,"M",40.05950000
"Kepler-286 d","Kepler-286",1,1.33000000,,,1226.85000000
"TOI-5486 b","TOI-5486",1,3.96824928,,,89.68110000
"TOI-5489 b","TOI-5489",1,1.40000000,,,45.09070000
"Kepler-296 b","Kepler-296",2,1.61000000,,,
"Kepler-1731 b","Kepler-1731",1,2.93295657,,,169.94800000
"TOI-5502 b","TOI-5502",1,4.12873780,,,248.65400000
"TOI-5515 b","TOI-5515",1,2.65362762,,,135.45900000
"TOI-5532 b","TOI-5532",1,2.52763693,,,90.99850000
"Kepler-63 b","Kepler-63",1,6.11000000,0.37800000,,194.03300000
"Kepler-253 b","Kepler-253",1,1.63000000,,,838.59500000
"TOI-5542 b","TOI-5542",1,11.30986153,1.32000000,"G3 V",348.84900000
"Kepler-603 c","Kepler-603",1,6.50000000,,,1539.63000000
"TOI-5573 b","TOI-5573",1,9.75000000,0.35000000,,186.56200000
"KOI-351 g","KOI-351",1,,0.04719528,,848.25400000
"Kepler-11 b","Kepler-11",1,1.80000000,0.00600000,,646.34600000
"TOI-5592 b","TOI-5592",1,17.14974047,0.89900000,,597.02600000
"TOI-5595 b","TOI-5595",1,4.73740402,,,136.95500000
"Kepler-18 b","Kepler-18",1,2.00000000,0.02200000,,433.04700000
"TOI-5599 b","TOI-5599",1,7.18882120,,,547.94800000
"TOI-5605 b","TOI-5605",1,2.52611303,,,95.07350000
"TOI-5614 b","TOI-5614",1,3.21759316,,,223.01600000
"TOI-5616 b","TOI-5616",1,10.78000000,1.96332356,,390.41500000
"Kepler-20 e","Kepler-20",2,0.82100000,0.00239123,,282.56300000
"TOI-5624 d","TOI-5624",1,3.58400000,0.01541712,,101.91300000
"KOI-351 d","KOI-351",1,2.87000000,,,848.25400000
"TOI-5628 A b","TOI-5628 A",2,8.29464572,0.09000000,"M3.0&plusmn1.0",110.03000000
"TOI-5630 b","TOI-5630",1,2.37117553,,,134.04700000
"TOI-5634 A b","TOI-5634 A",2,10.42000000,1.85005489,,306.14400000
"Kepler-16 b","Kepler-16",2,8.44930000,0.33300000,,75.08520000
"Kepler-908 b","Kepler-908",3,1.22000000,,,290.84300000
"TOI-5678 b","TOI-5678",1,4.91000000,0.06292704,"G7 V",165.39300000
"Kepler-911 b","Kepler-911",1,2.60000000,,,556.16800000
"TOI-5688 A b","TOI-5688 A",2,10.30000000,0.39000000,,226.31800000
"HD 23472 f","HD 23472",1,1.13700000,0.00242269,"K4 V",39.03410000
"HD 23472 d","HD 23472",1,0.75000000,0.00173049,"K4 V",39.03410000
"Kepler-907 b","Kepler-907",1,1.20000000,,,
"HD 23472 e","HD 23472",1,0.81800000,0.00226537,"K4 V",39.03410000
"TOI-201 d","TOI-201",1,1.39000000,0.01824884,"F",113.82500000
"LHS 1678 d","LHS 1678",2,0.98100000,,"M2.0 V",19.87820000
"TOI-1260 d","TOI-1260",1,3.12000000,0.03725281,,73.59770000
"OGLE-2019-BLG-0362L b","OGLE-2019-BLG-0362L",1,,3.26000000,,5830.00000000
"KMT-2021-BLG-0171L b","KMT-2021-BLG-0171L",1,,0.03523914,,4600.00000000
"KMT-2021-BLG-1689L b","KMT-2021-BLG-1689L",1,,0.14473219,,7200.00000000
"TOI-5704 b","TOI-5704",1,3.22740000,,,89.63700000
"Kepler-912 b","Kepler-912",1,2.80000000,,,2004.72000000
"TOI-5713 b","TOI-5713",1,1.77000000,,"M3.5+/-0.5",40.86680000
"TOI-5716 b","TOI-5716",1,0.96000000,,,39.41220000
"TOI-5720 b","TOI-5720",1,1.09000000,0.01352931,"M3.5 +/- 1.0",35.82560000
"TOI-5726.01","TOI-5726",1,2.55400000,,,108.84800000
"TOI-5728 b","TOI-5728",1,1.31000000,,,54.70450000
"TOI-5734 b","TOI-5734",1,2.10000000,0.02863180,"K3-K4 V",32.51020000
"TOI-5736 b","TOI-5736",1,1.56000000,,,92.36040000
"Kepler-2000 b","Kepler-2000",1,2.73000000,,,320.58800000
"Kepler-913 b","Kepler-913",1,2.06000000,,,991.61800000
"GJ 896 A b","GJ 896 A",2,,2.26000000,"M3.5 V",6.26022000
"LP 890-9 c","LP 890-9",1,1.36700000,0.07960270,"M6 V",32.42980000
"Kepler-312 c","Kepler-312",1,3.15000000,,,797.72000000
"Wolf 327 b","Wolf 327",1,1.24000000,0.00796027,"M2.5 V",28.53210000
"Kepler-910 b","Kepler-910",1,0.82000000,,,400.28900000
"Kepler-914 b","Kepler-914",1,1.38000000,,,753.72300000
"TOI-5777 b","TOI-5777",1,3.09551273,,,114.27700000
"HD 105618 b","HD 105618",1,,0.08000000,,70.08370000
"HD 105618 c","HD 105618",1,,26.49100000,,70.08370000
"HD 109988 b","HD 109988",1,,21.82100000,,42.52790000
"HD 110537 b","HD 110537",1,,27.09900000,,45.08580000
"Kepler-909 b","Kepler-909",1,1.47000000,,,309.59600000
"HD 11112 b","HD 11112",1,,8.17600000,,44.38040000
"HD 111232 c","HD 111232",1,,18.06300000,,28.95710000
"HD 113337 c","HD 113337",3,,19.82100000,,36.18000000
"HD 11343 c","HIP 8541",2,,0.80400000,,155.12100000
"HD 11505 b","HD 11505",1,,7.89900000,,38.96790000
"HD 11506 d","HD 11506",1,,12.80000000,"G0 V",51.26100000
"HD 122562 c","HD 122562",1,,0.23000000,,53.25280000
"HD 125271 b","HD 125271",1,,10.90400000,,39.34660000
"HD 127506 b","HD 127506",1,,0.08600000,,22.52790000
"HD 135872 b","HD 135872",1,,5.48900000,,82.42510000
"HD 136118 b","HD 136118",1,,13.10200000,,51.43590000
"HD 13724 c","HD 13724",1,,0.16000000,,43.46500000
"HD 140901 b","HD 140901",1,,0.04900000,,15.25280000
"HD 140901 c","HD 140901",1,,1.80000000,"G7 IV",15.25280000
"HD 142 A d","HD 142",2,,0.26000000,,26.18530000
"HD 144899 b","HD 144899",1,,0.06400000,,115.66500000
"HD 149806 b","HD 149806",1,,12.59700000,,20.27270000
"HD 151450 b","HD 151450",1,,0.12100000,,43.60020000
"HD 151450 c","HD 151450",1,,5.14800000,,43.60020000
"HD 153557 b","HD 153557",1,,0.06400000,,17.94120000
"HD 153557 c","HD 153557",1,,0.05500000,,17.94120000
"HD 153557 d","HD 153557",1,,27.45400000,,17.94120000
"HD 155918 b","HD 155918",1,,0.02400000,,27.56100000
"HD 155918 c","HD 155918",1,,5.90900000,,27.56100000
"HD 156098 b","HD 156098",1,,0.05000000,,48.24900000
"HD 156098 c","HD 156098",1,,5.22800000,,48.24900000
"HD 168863 b","HD 168863",1,,6.78000000,,39.89790000
"HD 16905 b","HD 16905",1,,11.30000000,"K3 V",39.74010000
"HD 18143 b","HD 18143",1,,0.03400000,,22.52430000
"HD 18143 c","HD 18143",1,,9.99800000,,22.52430000
"Kepler-915 b","Kepler-915",1,1.50000000,,,849.03600000
"HD 188641 b","HD 188641",1,,29.36500000,,64.33990000
"HD 190228 b","HD 190228",1,,5.03000000,,62.71460000
"HD 194490 b","HD 194490",1,,11.20700000,,80.23490000
"HD 199509 b","HD 199509",1,,0.13600000,,24.30560000
"HD 204313 e","HD 204313",1,,15.31700000,,47.79450000
"HD 205158 b","HD 205158",1,,0.39200000,,86.61590000
"HD 213519 b","HD 213519",1,,0.02900000,,41.00140000
"HD 217786 c","HD 217786",2,,0.02300000,,55.48470000
"HD 217958 b","HD 217958",1,,0.52400000,,61.79570000
"HD 25912 b","HD 25912",1,,0.12000000,,49.16610000
"Kepler-916 b","Kepler-916",1,1.76000000,,,830.71200000
"HD 25912 c","HD 25912",1,,16.52700000,,49.16610000
"HD 28185 c","HD 28185",1,,6.00000000,,39.38090000
"HD 28192 b","HD 28192",1,,0.31400000,,49.80630000
"HD 29985 b","HD 29985",1,,5.47300000,,31.27070000
"HD 43197 c","HD 43197",1,,7.86800000,,62.41120000
"HD 457 b","HD 457",1,,26.57200000,,55.03750000
"HD 56957 b","HD 56957",1,,5.91800000,,61.49250000
"HD 62364 b","HD 62364",1,,18.77000000,"F7 V",53.11200000
"HD 62364 c","HD 62364",1,,24.93000000,,53.11200000
"HD 62549 b","HD 62549",1,,8.51900000,,49.33050000
"Kepler-50 b","Kepler-50",1,1.71000000,,,250.11000000
"HD 72659 c","HD 72659",1,,19.40000000,"G2 V",51.89490000
"HD 73267 c","HD 73267",1,,5.13100000,,50.40930000
"HD 80883 b","HD 80883",1,,5.50000000,,34.60110000
"HD 80913 b","HD 80913",1,,23.61400000,,61.36030000
"HD 81817 c","HD 81817",1,,22.60900000,,269.12600000
"HD 86065 b","HD 86065",1,,9.05300000,,40.36610000
"HD 88072 b","HD 88072",1,,7.90300000,,35.90980000
"HD 93351 b","HD 93351",1,,0.01100000,,56.16300000
"HD 93351 c","HD 93351",1,,13.07000000,,56.16300000
"HD 97037 b","HD 97037",1,,21.10500000,,32.41300000
"GJ 2030 b","GJ 2030",1,,0.01500000,,37.07880000
"GJ 2030 c","GJ 2030",1,,12.80300000,,37.07880000
"GJ 3222 b","GJ 3222",2,,0.03600000,,18.23817000
"GJ 680 b","GJ 680",2,,25.10000000,,9.67315000
"GJ 9714 b","GJ 9714",1,,9.40300000,,20.51210000
"HD 115404 A b","HD 115404 A",1,,0.09700000,,10.98160000
"HD 115404 A c","HD 115404 A",1,,10.31900000,,10.98160000
"HD 12235 b","HD 12235",1,,0.03300000,,31.76270000
"HD 12235 c","HD 12235",1,,9.86600000,,31.76270000
"HD 203387 b","HD 203387",1,,3.48000000,,61.74770000
"Kepler-408 b","Kepler-408",1,0.82000000,0.01573168,,88.78320000
"HD 203387 c","HD 203387",1,,7.48500000,,61.74770000
"HIP 19976 b","HIP 19976",2,,0.06800000,,40.27070000
"HIP 35965 b","HIP 35965",1,,8.14900000,,50.16770000
"HIP 55507 b","HIP 55507",1,,8.13500000,,25.48930000
"HIP 948 b","HIP 948",1,,20.60000000,,34.85230000
"OGLE-2019-BLG-1470L AB c","OGLE-2019-BLG-1470L A",2,,2.20000000,,5900.00000000
"TOI-5786 b","TOI-5786",2,8.54000000,0.22968369,,192.47500000
"TOI-5788 c","TOI-5788",1,2.27200000,0.02013665,,97.61400000
"TOI-5788 b","TOI-5788",1,1.52800000,0.01170443,,97.61400000
"TOI-5795 b","TOI-5795",1,5.62000000,0.07444269,"G3 V",156.53000000
"TOI-5799 b","TOI-5799",1,1.73300000,,"M2 V",27.81230000
"TOI-5800 b","TOI-5800",1,2.46000000,0.02989034,"K3 V",42.90520000
"HD 184010 b","HD 184010",1,,0.31000000,"K0 III-IV",60.79930000
"HD 184010 c","HD 184010",1,,0.30000000,"K0 III-IV",60.79930000
"HD 184010 d","HD 184010",1,,0.45000000,"K0 III-IV",60.79930000
"KIC 3526061 b","KIC 3526061",1,,18.15000000,,401.22900000
"NGTS-21 b","NGTS-21",1,14.90794433,2.36000000,"K3 V",592.89100000
"KMT-2021-BLG-1898L b","KMT-2021-BLG-1898L",1,,0.73000000,,6900.00000000
"HD 3167 e","HD 3167",1,,0.04688064,,47.28990000
"TOI-5803 b","TOI-5803",1,3.27320000,,,84.01260000
"Kepler-76 b","Kepler-76",1,15.24424000,2.01000000,,822.96000000
"TOI-5817 b","TOI-5817",2,3.08000000,0.03240742,"G2 IV-V",80.75420000
"TOI-969 c","TOI-969",1,,11.30000000,"K V",77.25540000
"OGLE-2017-BLG-1691L b","OGLE-2017-BLG-1691L",1,,0.04600000,,7290.00000000
"KMT-2021-BLG-0320L b","KMT-2021-BLG-0320L",1,,0.10000000,,6950.00000000
"KMT-2021-BLG-1303L b","KMT-2021-BLG-1303L",1,,0.38000000,,6280.00000000
"KMT-2021-BLG-1554L b","KMT-2021-BLG-1554L",1,,0.12000000,,7680.00000000
"Kepler-1762 b","Kepler-1762",1,2.76022913,,,1663.74000000
"HD 206893 b","HD 206893",1,,19.50000000,,40.75830000
"K2-411 b","K2-411",1,0.98980000,,,298.21900000
"K2-413 b","K2-413",1,0.75990000,,,285.16200000
"K2-413 c","K2-413",1,1.23270000,,,285.16200000
"K2-414 c","K2-414",1,1.92870000,,,260.03600000
"K2-414 b","K2-414",1,1.21900000,,,260.03600000
"K2-412 b","K2-412",1,2.11600000,,,654.08500000
"Kepler-1712 b","Kepler-1712",1,2.28372556,,,156.26400000
"Kepler-923 b","Kepler-923",1,1.38000000,,,1000.28000000
"NGTS-23 b","NGTS-23",1,14.20177855,0.61300000,"F9 V",1074.95000000
"NGTS-25 b","NGTS-25",1,11.46678726,0.63900000,"K0 V",521.23300000
"HD 191939 g","HD 191939",1,,0.04247575,"G9 V",53.60890000
"TOI-5882 b","TOI-5882",1,11.46678726,22.01000000,,416.10400000
"Kepler-924 b","Kepler-924",1,3.07000000,,,1053.04000000
"TOI-5916 b","TOI-5916",1,11.35469745,0.71300000,"M2&plusmn;0.5",199.72400000
"Kepler-1763 b","Kepler-1763",1,1.14651332,,,756.48600000
"TOI-5926 b","TOI-5926",1,7.56807148,,,275.10300000
"Kepler-4 b","Kepler-4",1,4.00200000,0.07700000,,487.91600000
"Kepler-925 b","Kepler-925",1,2.34000000,,,611.11500000
"TOI-5938 b","TOI-5938",1,3.82000000,,,114.03500000
"HD 167768 b","HD 167768",1,,0.85000000,"G8 III",107.21400000
"HD 114082 b","HD 114082",1,11.20898070,8.00000000,"F3 V",95.39060000
"KMT-2021-BLG-0119L b","KMT-2021-BLG-0119L",1,,5.52000000,,3130.00000000
"KMT-2021-BLG-0192L b","KMT-2021-BLG-0192L",1,,0.11000000,,5120.00000000
"KMT-2021-BLG-2294L b","KMT-2021-BLG-2294L",1,,0.07000000,,6800.00000000
"MOA-2019-BLG-008L b","MOA-2019-BLG-008L",1,,18.00000000,,2700.00000000
"HD 206893 c","HD 206893",1,,11.10000000,,40.75830000
"Kepler-926 b","Kepler-926",1,2.31000000,,,921.36100000
"TOI-1136 b","TOI-1136",1,,0.01101223,,84.53620000
"TOI-1136 g","TOI-1136",1,,0.01761957,,84.53620000
"TOI-6000 b","TOI-6000",1,0.94000000,,,75.76640000
"TOI-6002 b","TOI-6002",1,1.65000000,,"M3.5+/-0.5",32.02660000
"TOI-6008 b","TOI-6008",1,1.03000000,0.01258541,"M5.0",23.10080000
"KMT-2017-BLG-0673L b","KMT-2017-BLG-0673L",1,,3.67000000,,5080.00000000
"KMT-2019-BLG-0414L b","KMT-2019-BLG-0414L",1,,4.57000000,,4410.00000000
"GJ 1002 b","GJ 1002",1,,0.00339806,"M5.5 V",4.84867000
"GJ 1002 c","GJ 1002",1,,0.00427904,"M5.5 V",4.84867000
"KMT-2021-BLG-0240L b","KMT-2021-BLG-0240L",1,,0.21000000,,6600.00000000
"TOI-6016 b","TOI-6016",1,13.67495645,1.17000000,"F",364.71500000
"TOI-6019 b","TOI-6019",1,12.30000000,0.46880643,,260.34200000
"OGLE-2006-BLG-284L A b","OGLE-2006-BLG-284L A",2,,0.45307467,,4000.00000000
"KMT-2021-BLG-1077L b","KMT-2021-BLG-1077L",1,,0.22000000,"M V",8240.00000000
"KMT-2021-BLG-1077L c","KMT-2021-BLG-1077L",1,,0.25000000,"M V",8240.00000000
"MOA-2020-BLG-135L b","MOA-2020-BLG-135L",1,,0.03555378,,7900.00000000
"Kepler-138 e","Kepler-138",1,,0.00135293,,66.86240000
"TOI-1288 c","TOI-1288",1,,0.26964235,,114.86500000
"nu Oct A b","nu Oct A",2,,2.19000000,"K1 IV",21.19990000
"GJ 1151 c","GJ 1151",1,,0.03341426,"M 4.5V",8.03625000
"Proxima Cen d","Proxima Cen",3,,0.00081805,"M5.5 V",1.30119000
"TOI-6029 b","TOI-6029",1,14.39233122,1.63500000,,603.11900000
"TOI-6034 b","TOI-6034",2,11.92000000,0.79800000,,117.99200000
"TOI-6038 A b","TOI-6038 A",2,6.41000000,0.24698862,,179.14700000
"Kepler-927 b","Kepler-927",1,1.72000000,,,831.68500000
"TOI-6041 b","TOI-6041",1,4.55000000,0.09092957,"G7",72.47310000
"OGLE-2019-BLG-0468L b","OGLE-2019-BLG-0468L",1,,3.43000000,"G",4400.00000000
"OGLE-2019-BLG-0468L c","OGLE-2019-BLG-0468L",1,,10.22000000,"G",4400.00000000
"TOI-1669 b","TOI-1669",1,,0.60095321,,111.27600000
"TOI-1694 c","TOI-1694",1,,0.99600000,"K2 V - K3 V",124.68000000
"KMT-2017-BLG-1194L b","KMT-2017-BLG-1194L",1,,0.01113809,,4240.00000000
"KMT-2017-BLG-0428L b","KMT-2017-BLG-0428L",1,,0.01758811,,5400.00000000
"KMT-2019-BLG-1806L b","KMT-2019-BLG-1806L",1,,0.01469346,,6640.00000000
"KMT-2017-BLG-1003L b","KMT-2017-BLG-1003L",1,,0.01632957,,7090.00000000
"KMT-2019-BLG-1367L b","KMT-2019-BLG-1367L",1,,0.01283712,,4670.00000000
"OGLE-2017-BLG-1806L b","OGLE-2017-BLG-1806L",1,,0.01658127,,6400.00000000
"KMT-2016-BLG-1105L b","KMT-2016-BLG-1105L",1,,0.00729954,,5080.00000000
"OGLE-2019-BLG-1053L b","OGLE-2019-BLG-1053L",1,,0.00780295,,6800.00000000
"KMT-2019-BLG-0253L b","KMT-2019-BLG-0253L",1,,0.02894644,,4900.00000000
"OGLE-2018-BLG-0506L b","OGLE-2018-BLG-0506L",1,,0.05128554,,5600.00000000
"Kepler-1764 b","Kepler-1764",1,4.55527871,,,1542.48000000
"OGLE-2018-BLG-0516L b","OGLE-2018-BLG-0516L",1,,0.06324167,,7000.00000000
"OGLE-2019-BLG-1492L b","OGLE-2019-BLG-1492L",1,,0.11672965,,5600.00000000
"OGLE-2018-BLG-0977L b","OGLE-2018-BLG-0977L",1,,0.02013665,,6500.00000000
"KMT-2019-BLG-0953L b","KMT-2019-BLG-0953L",1,,0.04876845,,7200.00000000
"OGLE-2016-BLG-1093L b","OGLE-2016-BLG-1093L",1,,0.71000000,,8120.00000000
"KMT-2021-BLG-1391L b","KMT-2021-BLG-1391L",1,,0.01431590,,5720.00000000
"KMT-2021-BLG-1253L b","KMT-2021-BLG-1253L",1,,0.05993800,,6640.00000000
"KMT-2021-BLG-1372L b","KMT-2021-BLG-1372L",1,,0.19277698,,5970.00000000
"KMT-2021-BLG-0748L b","KMT-2021-BLG-0748L",1,,0.45000000,,6090.00000000
"KMT-2019-BLG-1042L b","KMT-2019-BLG-1042L",1,,0.19000000,,6600.00000000
"KMT-2019-BLG-1552L b","KMT-2019-BLG-1552L",1,,4.05000000,,4600.00000000
"KMT-2019-BLG-2974L b","KMT-2019-BLG-2974L",1,,0.28000000,,6100.00000000
"Kepler-928 b","Kepler-928",1,1.59000000,,,508.80900000
"TOI-6054.01","TOI-6054",1,2.64000000,0.03932940,,79.40700000
"TOI-6054.02","TOI-6054",1,2.82000000,0.02926107,,79.40700000
"Kepler-929 b","Kepler-929",1,1.11000000,,,1311.23000000
"Wolf 1069 b","Wolf 1069",1,,0.00396440,"M5.0 V",9.58341000
"L 363-38 b","L 363-38",1,,0.01469346,,10.22950000
"AF Lep b","AF Lep",1,,3.61000000,"F8",26.85640000
"TOI-6080 b","TOI-6080",1,3.32424168,,,188.18300000
"GJ 463 b","GJ 463",1,,1.64900000,"M3.0 V",18.35540000
"TIC 279401253 b","TIC 279401253",1,11.20898070,6.14000000,,285.58400000
"TIC 279401253 c","TIC 279401253",1,,8.02000000,,285.58400000
"HD 169142 b","HD 169142",1,,3.00000000,,113.60000000
"OGLE-2018-BLG-0799L b","OGLE-2018-BLG-0799L",1,,0.26000000,,4050.00000000
"TOI-4156 c","TOI-4156",1,2.92303762,,,213.71900000
"TOI-6086 b","TOI-6086",1,1.18000000,,"M3.0",31.45660000
"HD 18438 b","HD 18438",1,,21.00000000,"M2.5 III",224.14600000
"TOI-1338 c","TOI-1338 A",2,,0.23723493,,399.01700000
"Kepler-314 c","Kepler-314",1,2.90000000,,,268.88100000
"KMT-2021-BLG-0712L b","KMT-2021-BLG-0712L",1,,0.12015918,,3090.00000000
"KMT-2021-BLG-0909L b","KMT-2021-BLG-0909L",1,,1.26000000,,6480.00000000
"KMT-2021-BLG-2478L b","KMT-2021-BLG-2478L",1,,0.90000000,,2970.00000000
"KMT-2021-BLG-1105L b","KMT-2021-BLG-1105L",1,,1.30000000,,4540.00000000
"K2-415 b","K2-415",1,1.01500000,0.02359764,"M5 V",21.81820000
"TOI-1533 c","TOI-1533",1,7.50000000,0.11515648,,100.05100000
"WASP-84 c","WASP-84",1,1.95000000,0.04800000,"K0",100.58800000
"TOI-6109 c","TOI-6109",1,4.83260000,,"G3",151.73800000
"PZ Tel b","PZ Tel",1,,27.00000000,"G9 IV",47.06480000
"KMT-2018-BLG-0030L b","KMT-2018-BLG-0030L",1,,1.45000000,,6480.00000000
"KMT-2018-BLG-0087L b","KMT-2018-BLG-0087L",1,,0.23000000,,7020.00000000
"KMT-2018-BLG-0247L b","KMT-2018-BLG-0247L",1,,2.11000000,,6760.00000000
"Kepler-930 b","Kepler-930",1,2.13000000,,,848.39600000
"OGLE-2018-BLG-0298L b","OGLE-2018-BLG-0298L",1,,0.14000000,,6540.00000000
"KMT-2018-BLG-2602L b","KMT-2018-BLG-2602L",1,,1.15000000,,4310.00000000
"OGLE-2018-BLG-1119L b","OGLE-2018-BLG-1119L",1,,0.91000000,,5760.00000000
"WASP-149 b","WASP-149",1,15.24421375,0.99100000,,211.73000000
"TOI-6130 b","TOI-6130",1,14.34749530,1.05000000,"F",220.88200000
"WASP-155 b","WASP-155",1,13.45077684,0.87100000,,399.63000000
"Kepler-931 b","Kepler-931",1,1.33000000,,,
"WASP-102 b","WASP-102",1,14.90794433,0.62200000,,535.68900000
"Kepler-485 b","Kepler-485",1,14.41000000,,,1140.95000000
"Kepler-1650 b","Kepler-1650",1,0.96000000,,,134.39700000
"Kepler-1765 b","Kepler-1765",1,2.49508857,,,764.45600000
"Kepler-1670 b","Kepler-1670",1,3.35648010,,,2065.98000000
"Kepler-932 b","Kepler-932",1,1.37000000,,,465.61200000
"TOI-6223 b","TOI-6223",1,5.07000000,,"M0 V",133.12200000
"Kepler-315 b","Kepler-315",1,3.77000000,,,1160.63000000
"Gliese 12 b","Gliese 12",1,0.93000000,0.00298903,,12.21000000
"TOI-6255 b","TOI-6255",1,1.07900000,0.00453075,,20.31670000
"Kepler-933 b","Kepler-933",1,2.46000000,,,1017.20000000
"HIP 99770 b","HIP 99770",1,,17.00000000,,40.07650000
"Kepler-68 e","Kepler-68",2,,0.27200000,,144.16600000
"Kepler-454 d","Kepler-454",2,,2.31000000,,230.86900000
"K2-312 c","HD 80653",1,,5.29000000,"G0 V",109.86000000
"Kepler-10 d","Kepler-10",1,,0.03775622,,185.50600000
"Kepler-934 b","Kepler-934",1,2.09000000,,,608.73800000
"Kepler-104 c","Kepler-104",2,3.13000000,,,400.78500000
"Kepler-507 b","Kepler-507",1,1.30000000,,,391.64400000
"K2-2016-BLG-0005L b","K2-2016-BLG-0005L",1,,1.10000000,,5200.00000000
"WISE J033605.05-014350.4 b","WISE J033605.05-014350.4",1,,8.25000000,,
"OGLE-2018-BLG-1126L b","OGLE-2018-BLG-1126L",1,,0.05600000,,5700.00000000
"OGLE-2018-BLG-1647L b","OGLE-2018-BLG-1647L",1,,0.97000000,,7880.00000000
"OGLE-2018-BLG-1367L b","OGLE-2018-BLG-1367L",1,,0.95000000,,5370.00000000
"OGLE-2018-BLG-0932L b","OGLE-2018-BLG-0932L",1,,0.89000000,,6620.00000000
"OGLE-2018-BLG-1212L b","OGLE-2018-BLG-1212L",1,,0.20000000,,1550.00000000
"TOI-815 c","TOI-815",2,2.62000000,0.07393927,"K3 V",59.71170000
"WASP-193 b","WASP-193",2,14.78464554,0.11200000,,362.08700000
"Kepler-316 c","Kepler-316",1,1.16000000,,,384.93800000
"HD 101581 c","HIP 56998",1,0.99000000,,,12.77810000
"HD 101581 b","HIP 56998",1,0.95600000,,,12.77810000
"TOI-6281 b","TOI-6281",1,1.92416074,,,57.74510000
"LP 791-18 d","LP 791-18",1,1.03200000,0.00286318,"M(6.1 +/- 0.7) V",26.49270000
"Kepler-1766 b","Kepler-1766",1,2.27904508,,,501.22900000
"TOI-6303 b","TOI-6303",1,11.59000000,7.84000000,,152.21900000
"Kepler-935 b","Kepler-935",1,1.35000000,,,471.78200000
"Kepler-936 b","Kepler-936",1,1.45000000,,,823.39900000
"Kepler-937 b","Kepler-937",1,3.72000000,,,1571.46000000
"TOI-6324 b","TOI-6324",1,1.05900000,0.00368123,,20.54880000
"TOI-6330 b","TOI-6330",1,10.89000000,10.00000000,,139.04200000
"Kepler-1767 b","Kepler-1767",1,3.01299077,,,820.50600000
"Kepler-938 b","Kepler-938",1,2.22000000,,,1182.05000000
"Kepler-939 b","Kepler-939",1,1.75000000,,,2093.62000000
"Kepler-940 b","Kepler-940",1,3.34000000,,,1260.78000000
"TOI-6383 A b","TOI-6383 A",2,11.29000000,1.04000000,"M3",171.31900000
"Kepler-941 b","Kepler-941",1,3.08000000,,,1088.36000000
"TOI-6393 b","TOI-6393",1,2.75958542,,,186.22900000
"Kepler-917 b","Kepler-917",1,1.91000000,,,3460.51000000
"TOI-6420 b","TOI-6420",1,11.93756445,8.20000000,,634.71200000
"NGTS-33 b","NGTS-33",1,18.38272835,3.63000000,,437.85500000
"TOI-6448 b","TOI-6448",1,8.47398941,,,386.87900000
"Kepler-918 b","Kepler-918",1,1.74000000,,,1025.03000000
"KMT-2022-BLG-0440L b","KMT-2022-BLG-0440L",1,,0.04845382,,3500.00000000
"KMT-2019-BLG-0298L b","KMT-2019-BLG-0298L",1,,1.81000000,,6710.00000000
"KMT-2019-BLG-1216L b","KMT-2019-BLG-1216L",1,,0.09400000,,2740.00000000
"KMT-2019-BLG-2783L b","KMT-2019-BLG-2783L",1,,1.16000000,,5910.00000000
"OGLE-2019-BLG-0249L b","OGLE-2019-BLG-0249L",1,,7.12000000,,6370.00000000
"OGLE-2019-BLG-0679L b","OGLE-2019-BLG-0679L",1,,3.34000000,,5630.00000000
"HD 207496 b","HD 207496",1,2.25000000,0.01919275,"K2.5 V",23.60600000
"Kepler-919 b","Kepler-919",1,2.25000000,,,1119.87000000
"K2-416 b","K2-416",1,2.66000000,5.20000000,"M V",120.31100000
"K2-417 b","K2-417",1,3.31000000,2.20000000,"M V",94.04240000
"MOA-2020-BLG-208L b","MOA-2020-BLG-208L",1,,0.14473219,,7490.00000000
"HD 167677 b","HD 167677",1,,2.85000000,"G5 V",54.32580000
"HD 89839 b","HD 89839",1,,3.76586854,,57.30630000
"HD 165131 b","HD 165131",1,,18.70000000,"G3/5 V",57.42630000
"HD 15906 c","HD 15906",1,2.93000000,,"K V",45.56210000
"TOI-4010 e","TOI-4010",1,,2.17727549,"K V",177.50400000
"GJ 328 c","GJ 328",1,,0.06733193,"M0.0",20.52660000
"HIP 54597 b","HIP 54597",1,,2.40000000,"K5 V",39.74290000
"BD-210397 b","BD-210397",1,,0.70000000,"K7 V",23.73240000
"BD-210397 c","BD-210397",1,,4.80000000,"K7 V",23.73240000
"HD 74698 b","HD 74698",1,,0.07000000,"G5 V",52.06480000
"HD 74698 c","HD 74698",1,,0.40000000,"G5 V",52.06480000
"HD 94771 b","HD 94771",1,,0.53000000,"G3/G5 V",57.78070000
"TOI-2018 b","TOI-2018",1,2.26800000,0.02894644,"K V",27.99560000
"Kepler-1759 b","Kepler-1759",1,0.90377910,,,385.34800000
"TOI-6478 b","TOI-6478",2,4.60000000,,"M4.0+/-0.5",38.60570000
"Kepler-313 b","Kepler-313",1,2.53000000,,,
"Kepler-1760 b","Kepler-1760",1,2.28995546,,,
"Kepler-1761 b","Kepler-1761",1,1.39109603,,,221.18600000
"Kepler-920 b","Kepler-920",1,2.42000000,,,1001.68000000
"Kepler-921 b","Kepler-921",1,2.87000000,,,934.49000000
"rho CrB e","rho CrB",1,,0.01167297,"G0",17.46710000
"TOI-1634 c","TOI-1634",2,,,,35.27360000
"HD 22946 d","HD 22946",1,2.60700000,0.08359857,,62.77920000
"HIP 81208 C b","HIP 81208 C",3,,14.80000000,"M",147.53300000
"MOA-2022-BLG-249L b","MOA-2022-BLG-249L",1,,0.01519688,,2000.00000000
"DMPP-4 b","DMPP-4",1,,0.03838549,"F5-F8 V",25.32840000
"TOI-1470 c","TOI-1470",1,2.47000000,0.02277959,"M1.5 V",51.95030000
"GJ 367 c","GJ 367",1,,0.01299443,"M1.0 V",9.41263000
"GJ 367 d","GJ 367",1,,0.01897250,"M1.0 V",9.41263000
"HN Lib b","HN Lib",1,,0.01717908,"M4.0 V",6.24442000
"TOI-1052 c","TOI-1052",1,,0.10791987,,129.80400000
"HD 6860 b","HD 6860",1,,28.26000000,"M0 III",61.12469000
"HD 112300 b","HD 112300",1,,15.83000000,"M1 III",62.07324000
"TOI-6109 b","TOI-6109",1,4.87040000,,"G3",151.73800000
"Kepler-922 b","Kepler-922",1,1.42000000,,,536.32300000
"TOI-6564 b","TOI-6564",1,16.39873876,0.69900000,,191.37200000
"Kepler-943 b","Kepler-943",1,5.93000000,,,2300.53000000
"Kepler-945 b","Kepler-945",1,2.63000000,,,1651.25000000
"HD 36384 b","HD 36384",1,,6.60000000,"M0 III",209.30900000
"MWC 758 c","MWC 758",1,,,"A8Ve",159.53700000
"Kepler-944 b","Kepler-944",1,2.63000000,,,1349.43000000
"TOI-4600 c","TOI-4600",1,9.42000000,9.27000000,"K V",216.05600000
"Kepler-942 b","Kepler-942",1,2.13000000,,,216.35400000
"Kepler-120 c","Kepler-120",1,1.53000000,,,388.63000000
"TOI-6628 b","TOI-6628",1,10.98480109,0.74000000,,320.52700000
"TOI-198 b","TOI-198",1,1.36000000,0.00997394,,23.72620000
"HD 73256 c","HD 73256",1,,16.00000000,"G8 IV",36.70800000
"HD 75302 b","HD 75302",1,,5.40000000,"G5 V",30.32880000
"HD 108202 b","HD 108202",1,,3.00000000,"K4/5 V",38.68460000
"HD 135625 b","HD 135625",1,,2.30000000,"G3 IV/V",56.51800000
"HD 185283 b","HD 185283",1,,1.30000000,"K3 V",31.39500000
"GJ 9404 b","GJ 9404",1,,0.03744159,,23.88390000
"HIP 29442 c","TOI-469",1,1.55100000,0.01415858,,68.19200000
"HIP 29442 d","TOI-469",1,1.53800000,0.01617225,,68.19200000
"KMT-2021-BLG-2010L b","KMT-2021-BLG-2010L",1,,1.07000000,,7090.00000000
"KMT-2022-BLG-0371L b","KMT-2022-BLG-0371L",1,,0.26000000,,7140.00000000
"KMT-2022-BLG-1013L b","KMT-2022-BLG-1013L",1,,0.31000000,,7710.00000000
"Kepler-1651 b","Kepler-1651",2,1.84000000,,,66.40740000
"HD 99492 c","HD 99492",2,,0.05631970,"K2 V",18.20380000
"75 Cet c","75 Cet",2,,0.91200000,"G3 III",82.96130000
"HIP 113103 b","HIP 113103",1,1.82900000,,,46.21220000
"HIP 113103 c","HIP 113103",1,2.40000000,,,46.21220000
"HAT-P-2 c","HAT-P-2",1,,10.70000000,,127.77400000
"TOI-199 c","TOI-199",1,,0.28000000,"G9 V",102.27000000
"TOI-6651 b","TOI-6651",1,5.09000000,0.19192746,,212.12800000
"Kepler-1777 b","Kepler-1777",1,2.13189678,,,619.14600000
"NGTS-35 b","NGTS-35",1,10.90000000,0.47824548,"K3.5 V",183.07800000
"TOI-6677 b","TOI-6677",1,5.83507112,,,340.52000000
"Kepler-1034 b","Kepler-1034",1,2.26000000,,,654.54900000
"TOI-6692 b","TOI-6692",1,11.67975789,0.62000000,,312.90300000
"TOI-6695 b","TOI-6695",1,9.52763359,0.21000000,"F5V-G0V",282.53600000
"Kepler-109 c","Kepler-109",1,2.65000000,0.02580009,,474.86100000
"Kepler-1978 b","Kepler-1978",1,2.67000000,,,865.51200000
"TOI-6699 b","TOI-6699",1,2.32645266,,,85.84630000
"Kepler-951 b","Kepler-951",2,5.59000000,,,382.50900000
"TOI-6707 b","TOI-6707",1,5.72673066,,,641.46700000
"Kepler-323 c","Kepler-323",1,1.57000000,0.02139519,,454.88300000
"TOI-6716 b","TOI-6716",1,0.98200000,,"M4",18.88730000
"HIP 66074 b","HIP 66074",1,,5.00000000,,35.44380000
"Kepler-1513 c","Kepler-1513",1,,0.26600000,"G V",349.24700000
"GJ 724 b","GJ 724",1,,0.03382328,"M1.0 V",16.96580000
"GJ 3988 b","GJ 3988",1,,0.01161004,"M4.5 V",9.91050000
"AU Mic e","AU Mic",1,,0.06638802,,9.72210000
"Kepler-1773 b","Kepler-1773",1,3.50469499,,,681.25500000
"Kepler-1024 b","Kepler-1024",1,3.91000000,,,1087.40000000
"TIC 87422071 b","TIC 87422071",1,10.86150230,1.29000000,,384.75800000
"Kepler-967 b","Kepler-967",1,2.35000000,,,568.54600000
"Kepler-49 c","Kepler-49",1,2.44400000,0.02636643,,311.22200000
"Kepler-975 b","Kepler-975",1,1.48000000,,,426.08800000
"Kepler-1775 b","Kepler-1775",1,3.64762153,,,657.02300000
"TOI-1736 c","TOI-1736",1,,7.68024489,,88.94820000
"AU Mic d","AU Mic",1,,0.00331000,,9.72210000
"GJ 806 b","GJ 806",1,1.33100000,0.00597807,"M1.5 V",12.04450000
"GJ 806 c","GJ 806",1,,0.01824884,"M1.5 V",12.04450000
"HD 110067 b","HD 110067",3,2.20000000,0.01790274,"K0.0 V",32.15850000
"HD 110067 c","HD 110067",3,2.38800000,0.01982202,"K0.0 V",32.15850000
"HD 110067 d","HD 110067",3,2.85200000,0.02680692,"K0.0 V",32.15850000
"HD 110067 e","HD 110067",3,1.94000000,0.01227077,"K0.0 V",32.15850000
"HD 110067 f","HD 110067",3,2.60100000,0.01585761,"K0.0 V",32.15850000
"HD 110067 g","HD 110067",3,2.60700000,0.02642936,"K0.0 V",32.15850000
"HD 88986 b","HD 88986",1,2.49000000,0.05411725,"G2 V",33.26730000
"HD 112570 b","HD 112570",1,,3.42000000,"K0 III",101.16600000
"HD 154391 b","HD 154391",1,,9.10000000,"K1 III",100.94700000
"LHS 3154 b","LHS 3154",1,,0.04137453,"M6.5",15.76060000
"TOI-544 c","TOI-544",1,,0.06764657,,41.11660000
"Kepler-317 b","Kepler-317",1,2.09000000,,,940.58400000
"KMT-2021-BLG-1547L b","KMT-2021-BLG-1547L",1,,1.47000000,,5070.00000000
"KMT-2021-BLG-1770L b","KMT-2021-BLG-1770L",1,,21.00000000,,6920.00000000
"HD 63433 d","HD 63433",1,1.07300000,,"G5 V",22.40350000
"OGLE-2019-BLG-1180L b","OGLE-2019-BLG-1180L",1,,1.74700000,,6070.00000000
"Kepler-995 b","Kepler-995",1,2.70000000,,,609.63800000
"KMT-2018-BLG-0885L b","KMT-2018-BLG-0885L",1,,29.00000000,,6890.00000000
"KMT-2019-BLG-0297L b","KMT-2019-BLG-0297L",1,,19.00000000,,3090.00000000
"KMT-2019-BLG-0335L b","KMT-2019-BLG-0335L",1,,21.00000000,,7710.00000000
"GJ 341 b","GJ 341",1,0.88000000,0.01258541,"M1",10.45400000
"Kepler-48 c","Kepler-48",1,2.71000000,0.04596797,,306.73800000
"Kepler-1053 b","Kepler-1053",1,0.98000000,,,151.12900000
"TIC 393818343 b","TIC 393818343",2,12.18416202,4.34000000,,93.73450000
"TOI-6884 b","TOI-6884",1,10.39072511,26.32000000,,562.37600000
"TOI-6894 b","TOI-6894",1,9.58367850,0.16800000,,73.81310000
"TOI-1386 c","TOI-1386",1,,0.23660566,,146.85800000
"TOI-238 c","TOI-238",1,2.18000000,0.02108056,"K2V",80.54070000
"Kepler-48 f","Kepler-48",1,,0.93944088,,306.73800000
"Kepler-100 e","Kepler-100",1,,0.07596149,,304.64500000
"Kepler-139 e","Kepler-139",1,,1.34071029,,391.03800000
"HD 134606 b","HD 134606",1,,0.02860034,,26.79090000
"HD 134606 c","HD 134606",1,,0.03558524,,26.79090000
"HD 134606 d","HD 134606",1,,0.14095656,,26.79090000
"Kepler-1772 b","Kepler-1772",1,2.68609988,,,871.56400000
"HD 134606 e","HD 134606",1,,0.00736246,,26.79090000
"HD 134606 f","HD 134606",1,,0.01771396,,26.79090000
"Teegarden's Star d","Teegarden's Star",1,,0.00258001,,3.83078000
"Kepler-416 b","Kepler-416",1,2.48000000,0.18300000,,690.81900000
"Kepler-331 b","Kepler-331",1,1.82000000,,,580.11900000
"TOI-6954 b","TOI-6954",1,3.63524486,,,190.04200000
"Kepler-1671 b","Kepler-1671",1,1.32557381,,,357.05900000
"HS Psc b","HS Psc",1,,1.46000000,"K7 V",37.66040000
"NGC 2682 Sand 1429 b","NGC 2682 Sand 1429",1,,1.80000000,"F9.5 V",852.79300000
"CI Tau c","CI Tau",1,,3.60000000,,157.99800000
"TOI-791 c","TOI-791",1,12.94637271,0.05852214,"F7",341.22100000
"Kepler-487 d","Kepler-487",1,2.77513568,,,872.34300000
"Kepler-1060 b","Kepler-1060",1,2.38000000,,,946.56500000
"HD 104067 c","HD 104067",1,,0.04153184,,20.36320000
"Luhman 16 b","Luhman 16 A",1,,29.40000000,,
"KMT-2021-BLG-1150L b","KMT-2021-BLG-1150L",1,,0.88000000,,3800.00000000
"M62H b","M62H",1,,2.47000000,,
"Kepler-350 c","Kepler-350",1,3.10000000,0.01900000,,956.85900000
"OGLE-2017-BLG-0640L b","OGLE-2017-BLG-0640L",1,,1.62000000,,6630.00000000
"OGLE-2017-BLG-1275L b","OGLE-2017-BLG-1275L",1,,5.90000000,,7690.00000000
"OGLE-2017-BLG-1237L b","OGLE-2017-BLG-1237L",1,,3.80000000,,6030.00000000
"IRAS 04125+2902 b","IRAS 04125+2902",2,10.73820351,,,159.24400000
"Kepler-319 c","Kepler-319",1,2.63000000,,,503.43600000
"HIP 39017 b","HIP 39017",1,,23.60000000,"A9/F0",66.32170000
"KMT-2023-BLG-0416L b","KMT-2023-BLG-0416L",1,,0.04100000,,5900.00000000
"KMT-2023-BLG-1454L b","KMT-2023-BLG-1454L",1,,0.63000000,,7220.00000000
"KMT-2023-BLG-1642L b","KMT-2023-BLG-1642L",1,,1.08000000,,6980.00000000
"2MASS J11550485-7919108 b","2MASS J11550485-7919108",1,,20.00000000,,100.86200000
"2MASS J21252752-8138278 b","2MASS J21252752-8138278",1,,12.00000000,,34.11540000
"TOI-5624 b","TOI-5624",1,2.31400000,0.02957571,,101.91300000
"Kepler-1042 b","Kepler-1042",1,2.19000000,,,
"TOI-5624 c","TOI-5624",1,2.47400000,0.01510249,,101.91300000
"TOI-5624 e","TOI-5624",1,3.24700000,0.02800253,,101.91300000
"2MASS J03590986+2009361 b","2MASS J03590986+2009361",1,,18.00000000,,117.43500000
"ITG 15 b","ITG 15 A",2,,21.00000000,,136.37000000
"G 196-3 b","G 196-3",1,,26.00000000,,21.79120000
"Kepler-1026 b","Kepler-1026",1,2.21000000,,,351.23900000
"2MASS J11011926-7732383 b","2MASS J11011926-7732383",1,,28.00000000,,
"HIP 77900 b","HIP 77900",1,,21.00000000,,150.86200000
"TIC 139270665 b","TIC 139270665",1,7.22979255,0.46300000,"G2",189.87500000
"TIC 139270665 c","TIC 139270665",1,,4.89000000,"G2",189.87500000
"2MASS J0249-0557 c","2MASS J0249-0557 A",2,17.37392009,11.38000000,"M6 V",66.06130000
"SPECULOOS-3 b","SPECULOOS-3",1,0.97700000,,"M6.5+/-0.5",
"TOI-1224 b","TOI-1224",1,2.10400000,,,37.33120000
"TOI-1224 c","TOI-1224",1,2.88400000,,,37.33120000
"UCAC3 113-933 b","UCAC3 113-933",1,,21.00000000,"M0",52.58290000
"UCAC4 328-061594 b","UCAC4 328-061594",1,,21.00000000,"DC",39.90890000
"GJ 900 b","GJ 900 A",3,,11.00000000,"K7",20.80650000
"NGTS-26 b","NGTS-26",1,14.88552637,0.29200000,,1093.69000000
"TOI-1450 A c","TOI-1450 A",2,,0.00480448,"M3.0 V",22.44670000
"MOA-2022-BLG-563L b","MOA-2022-BLG-563L",1,,0.40000000,,6530.00000000
"KMT-2023-BLG-0469L b","KMT-2023-BLG-0469L",1,,0.12400000,,7070.00000000
"KMT-2023-BLG-0735L b","KMT-2023-BLG-0735L",1,,0.12200000,,6390.00000000
"HD 284149 AB b","HD 284149 A",2,,26.28000000,,117.80700000
"TOI-4527.01","TOI-4527",1,0.90866170,,,18.10370000
"Kepler-1032 b","Kepler-1032",1,1.87000000,,,673.01000000
"TOI-7008 b","TOI-7008",1,4.94735276,,,410.46700000
"TOI-7009 b","TOI-7009",1,3.71000000,,,184.12000000
"Kepler-328 c","Kepler-328",1,5.40000000,0.12400000,,2213.19000000
"Kepler-11 d","Kepler-11",1,3.12000000,0.02300000,,646.34600000
"OGLE-2023-BLG-0836L b","OGLE-2023-BLG-0836L",2,,4.36000000,,5120.00000000
"TIC 365102760 b","TIC 365102760",1,6.21000000,0.06040996,,555.54600000
"KMT-2023-BLG-1431L b","KMT-2023-BLG-1431L",1,,0.04279039,,6800.00000000
"OGLE-2014-BLG-0221L b","OGLE-2014-BLG-0221L",1,,4.35000000,,3680.00000000
"HD 48948 b","HD 48948",1,,0.01535420,"K3 V",16.90430000
"HD 48948 c","HD 48948",1,,0.02287398,"K3 V",16.90430000
"HD 48948 d","HD 48948",1,,0.03331987,"K3 V",16.90430000
"TIC 241249530 b","TIC 241249530",2,13.29385111,4.98000000,,324.44800000
"TIC 46432937 b","TIC 46432937",2,13.31626907,3.20000000,,90.53690000
"TOI-1294 c","TOI-1294",1,,0.46251372,,332.64800000
"Kepler-1017 b","Kepler-1017",1,1.99000000,,,552.05800000
"TOI-1410 c","TOI-1410",1,,0.08495150,,72.75120000
"Gaia22dkvL b","Gaia22dkvL",1,,0.59100000,,1270.00000000
"TOI-1408 c","TOI-1408",1,2.22000000,0.02391227,"F8 V",139.48400000
"GJ 238 b","GJ 238",1,0.56600000,,"M2.5 V",15.21420000
"HD 118203 c","HD 118203",1,,11.79000000,,92.25890000
"Kepler-974 b","Kepler-974",1,1.57000000,,,134.31100000
"OGLE-2017-BLG-0448L b","OGLE-2017-BLG-0448L",1,,0.04908309,,7530.00000000
"TIC 4672985 b","TIC 4672985",1,11.50041420,12.74000000,,253.38500000
"TOI-7041 b","TOI-7041",1,11.43316031,0.36000000,,439.52000000
"Kepler-955 b","Kepler-955",1,3.13000000,,,550.38300000
"HD 21520 b","HD 21520",1,2.69700000,0.05569043,,79.20800000
"HD 222237 b","HD 222237",1,,5.19000000,"K3 V",11.44690000
"TOI-4562 c","TOI-4562",1,,5.77000000,"F7 V",339.60500000
"HIP 67522 c","HIP 67522",1,7.93595834,,,127.28000000
"TOI-5489 c","TOI-5489",1,1.28000000,,,45.09070000
"Barnard b","Barnard's star",1,,0.00094076,"M3.5-4 V",1.82655000
"OGLE-2016-BLG-1598L b","OGLE-2016-BLG-1598L",1,,0.38000000,,5910.00000000
"OGLE-2016-BLG-1800L b","OGLE-2016-BLG-1800L",1,,2.59000000,,6480.00000000
"MOA-2016-BLG-526L b","MOA-2016-BLG-526L",1,,0.04700000,,6930.00000000
"KMT-2016-BLG-2321L b","KMT-2016-BLG-2321L",1,,0.95000000,,3580.00000000
"KMT-2023-BLG-1866L b","KMT-2023-BLG-1866L",1,,0.00827491,,6210.00000000
"HD 75898 c","HD 75898",1,,8.49000000,"F8 V",78.05050000
"Kepler-158 d","Kepler-158",1,0.43000000,,"K",315.17700000
"Kepler-963 c","Kepler-963",1,0.60000000,,"G",771.49400000
"Kepler-879 c","Kepler-879",1,0.40000000,,"G",802.67200000
"Kepler-1489 c","Kepler-1489",1,0.51000000,,"G",1283.05000000
"Kepler-1672 b","Kepler-1672",1,2.97022762,,,391.18100000
"KOI-4978 b","KOI-4978",1,0.70000000,,"G",936.34100000
"Kepler-51 e","Kepler-51",1,,0.01699030,,783.83100000
"Kepler-340 c","Kepler-340",1,3.37000000,,,808.76200000
"Kepler-20 d","Kepler-20",2,2.60600000,0.04216111,,282.56300000
"Kepler-20 b","Kepler-20",2,1.77300000,0.03051961,,282.56300000
"Kepler-964 b","Kepler-964",1,2.12000000,,,454.62600000
"Kepler-348 b","Kepler-348",1,1.52000000,,,570.78300000
"TOI-7149 b","TOI-7149",1,13.20000000,0.70500000,"M4 V",126.12600000
"TOI-7155 b","TOI-7155",1,2.40821473,,,144.75100000
"TOI-7166 b","TOI-7166",1,2.01000000,,"M4.5+/-0.5",35.41530000
"TOI-2458 c","TOI-2458",1,,0.03215572,"F9-F9.5",112.95800000
"KMT-2021-BLG-2609L b","KMT-2021-BLG-2609L",1,,0.03200000,,7480.00000000
"KMT-2022-BLG-0303L b","KMT-2022-BLG-0303L",1,,0.51300000,,6570.00000000
"HD 86728 b","HD 86728",1,,0.02967010,,14.92020000
"Kepler-338 b","Kepler-338",1,2.44000000,,,552.79800000
"KMT-2024-BLG-1044L b","KMT-2024-BLG-1044L",1,,0.02438423,,7140.00000000
"KMT-2022-BLG-2286L b","KMT-2022-BLG-2286L",1,,19.00000000,,7320.00000000
"KMT-2023-BLG-1743L b","KMT-2023-BLG-1743L",1,,20.00000000,,7130.00000000
"TOI-4504 d","TOI-4504",1,11.26000000,2.02000000,,342.60500000
"HD 73344 c","HD 73344",1,,0.37300000,,35.26000000
"HD 73344 d","HD 73344",1,,2.55000000,,35.26000000
"Kepler-111 b","Kepler-111",1,1.58000000,,,657.22300000
"Kepler-970 b","Kepler-970",2,2.60900000,,,331.54500000
"WASP-132 d","WASP-132",1,,5.16000000,"K4 V",122.91000000
"K2-360 c","EPIC 201595106",1,,0.04791894,,232.10000000
"HD 20794 f","HD 20794",1,,0.01831177,"G6 V",6.00278000
"Gaia-4 b","Gaia-4",1,,11.80000000,,73.48290000
"Gaia-5 b","Gaia-5",1,,20.87000000,,41.18130000
"K2-99 c","K2-99",1,,8.40000000,,519.22900000
"Gl 725 A b","Gl 725 A",2,,0.00874686,"M3",3.52140000
"KOBE-1 b","KOBE-1",1,,0.02768790,"K7 V",23.97180000
"KOBE-1 c","KOBE-1",1,,0.03901476,"K7 V",23.97180000
"TOI-2295 c","TOI-2295",1,,5.61000000,,126.27900000
"TOI-2537 c","TOI-2537",1,,7.23000000,,184.98600000
"GJ 2126 b","GJ 2126",1,,1.30000000,"M0 V",38.12900000
"KOI-1843.03","Kepler-974",1,0.61000000,0.02517081,,134.31100000
"TOI-2015 c","TOI-2015",1,,0.02803400,"M4 +/- 0.5",47.34440000
"TOI-2443 b","TOI-2443",1,2.36300000,0.01510249,"K5 V",23.92580000
"Kepler-959 b","Kepler-959",1,4.38000000,,,807.72900000
"Kepler-1051 b","Kepler-1051",1,3.40000000,,,829.34300000
"Kepler-1774 b","Kepler-1774",1,3.18179549,,,816.59200000
"Kepler-333 b","Kepler-333",2,1.32000000,,,324.41300000
"Kepler-1675 b","Kepler-1675",1,3.12483349,,,651.11700000
"Kepler-105 c","Kepler-105",1,1.44000000,0.01761957,,459.22300000
"Kepler-971 b","Kepler-971",1,2.13000000,,,338.52200000
"Kepler-950 b","Kepler-950",1,8.98000000,,,2161.60000000
"Kepler-336 d","Kepler-336",1,2.37000000,,,768.86000000
"TOI-7333 b","TOI-7333",1,2.09469416,,,157.21700000
"Barnard c","Barnard's star",1,,0.00105403,"M3.5-4 V",1.82655000
"Kepler-1783 b","Kepler-1783",1,1.31946731,,,264.07800000
"Barnard d","Barnard's star",1,,0.00082749,"M3.5-4 V",1.82655000
"Barnard e","Barnard's star",1,,0.00060725,"M3.5-4 V",1.82655000
"GJ 3998 d","GJ 3998",1,,0.01909836,,18.14590000
"GJ 1289 b","GJ 1289",1,,0.01972763,"M4.5 Ve",8.35147000
"TOI-1266 d","TOI-1266",1,,0.01157857,"M2",36.01180000
"BD+05 4868 A b","BD+05 4868 A",2,,0.01950738,"K V",43.56870000
"ZTF J1230-2655 b","ZTF J1230-2655",1,13.78704626,22.10000000,,186.69000000
"ZTF J1828+2308 b","ZTF J1828+2308",1,11.13051784,20.00000000,,201.82700000
"LP 261-75 b","LP 261-75 A",1,,21.00000000,"M4.5 V",33.92800000
"KMT-2019-BLG-0578L b","KMT-2019-BLG-0578L",1,,1.20000000,,7300.00000000
"KMT-2021-BLG-0736L b","KMT-2021-BLG-0736L",1,,0.06607339,,7000.00000000
"G 268-110 b","G 268-110",1,,0.00478245,"M5.0 V",
"G 192-15 b","G 192-15",1,,0.00324074,"M5.0 V",9.53114000
"G 192-15 c","G 192-15",1,,0.04499283,"M5.0 V",9.53114000
"G 261-6 b","G 261-6",1,,0.00431050,"M5.5 V",10.62670000
"Gl 410 b","Gl 410",1,,0.02642936,,11.93240000
"Kepler-26 c","Kepler-26",1,2.72000000,0.01950728,,335.30700000
"Kepler-996 b","Kepler-996",1,1.98000000,,,1216.58000000
"Kepler-1029 b","Kepler-1029",1,1.26000000,,,366.65600000
"Kepler-948 b","Kepler-948",1,1.85000000,,,868.01700000
"Kepler-1057 b","Kepler-1057",1,3.36000000,,,1201.82000000
"TOI-7384 b","TOI-7384",1,3.56000000,,"M4",66.79020000
"Kepler-139 f","Kepler-139",1,,0.11326867,,391.03800000
"TOI-771 c","TOI-771",1,,0.00903003,"M3",25.27880000
"OGLE-2016-BLG-0007L b","OGLE-2016-BLG-0007L",1,,0.00415318,,4300.00000000
"Kepler-1059 b","Kepler-1059",1,1.73000000,,,713.16700000
"AT2021ueyL b","AT2021ueyL",1,,1.34000000,"M V",1040.00000000
"Kepler-965 b","Kepler-965",1,3.38000000,,,582.82800000
"Kepler-952 b","Kepler-952",1,7.65000000,,,1304.25000000
"Kepler-1048 b","Kepler-1048",1,1.61000000,,,556.00600000
"Kepler-102 d","Kepler-102",1,1.15400000,0.00943906,,107.79600000
"K2-157 c","K2-157",1,,0.09670000,"G9 V",298.37300000
"K2-157 d","K2-157",1,,0.07320000,"G9 V",298.37300000
"HD 35843 b","HD 35843",1,,0.01837469,,69.60260000
"KMT-2017-BLG-0849L b","KMT-2017-BLG-0849L",1,,0.02010519,,7220.00000000
"KMT-2017-BLG-1057L b","KMT-2017-BLG-1057L",1,,0.07393927,,6500.00000000
"KMT-2017-BLG-2331L b","KMT-2017-BLG-2331L",1,,0.53802617,,8030.00000000
"OGLE-2017-BLG-0364L b","OGLE-2017-BLG-0364L",1,,0.23849347,,7860.00000000
"TOI-2076 e","TOI-2076",1,1.30100000,0.01478785,"K V",41.90910000
"HD 87816 b","HD 87816",1,,6.74000000,"K0 III",133.23300000
"HD 87816 c","HD 87816",1,,12.20000000,"K0 III",133.23300000
"HD 94890 b","HD 94890",1,,2.13000000,"K0 III",61.70120000
"HD 94890 c","HD 94890",1,,8.91000000,"K0 III",61.70120000
"HD 102888 b","HD 102888",1,,5.69000000,"G8 III",126.48400000
"TOI-6695 c","TOI-6695",1,,1.45000000,"F5V-G0V",282.53600000
"TIC 434398831 b","TIC 434398831",1,3.51000000,,"G4 V",217.01100000
"Kepler-988 b","Kepler-988",1,2.07000000,,,304.88900000
"TIC 434398831 c","TIC 434398831",1,5.63000000,,"G4 V",217.01100000
"KMT-2017-BLG-2197L b","KMT-2017-BLG-2197L",1,,8.84000000,,7800.00000000
"KMT-2022-BLG-1790L b","KMT-2022-BLG-1790L",1,,1.73000000,,6480.00000000
"KMT-2022-BLG-2076L b","KMT-2022-BLG-2076L",1,,0.88000000,,5570.00000000
"KMT-2023-BLG-2209L b","KMT-2023-BLG-2209L",1,,0.80000000,,5570.00000000
"TOI-1117 c","TOI-1117",1,,0.02762497,"G5 V",167.59800000
"Kepler-977 b","Kepler-977",1,2.62000000,,,568.75100000
"TOI-1117 d","TOI-1117",1,,0.03369743,"G5 V",167.59800000
"Kepler-725 c","Kepler-725",1,,0.03051961,,758.46900000
"TIC 88785435 b","TIC 88785435",1,5.03000000,,"K7 V",122.38600000
"TWA 7 b","TWA 7",1,,0.34000000,,33.99580000
"KOI-134 c","KOI-134",1,,0.22000000,"F9V",1159.21000000
"L 98-59 f","L 98-59",1,,0.00880979,"M3 V",10.61940000
"TOI-201 c","TOI-201",1,10.40000000,15.70029579,"F",113.82500000
"HD 135344 A b","HD 135344 A",2,16.25302201,10.00000000,"A0 V",141.59500000
"Kepler-947 b","Kepler-947",1,2.28000000,,,1730.78000000
"MOA-2022-BLG-091L b","MOA-2022-BLG-091L",1,,3.59000000,"G8 V",4250.00000000
"KMT-2024-BLG-1209L b","KMT-2024-BLG-1209L",1,,2.64000000,"K3 V",3930.00000000
"BEBOP-3 b","BEBOP-3",2,,0.55800000,,119.05200000
"OGLE-2015-BLG-1609L b","OGLE-2015-BLG-1609L",1,,0.24000000,,3300.00000000
"GJ 9773 b","GJ 9773",1,,0.54300000,"M3.0 V",15.92110000
"GJ 508.2 b","GJ 508.2",1,,1.85000000,"M1.0 V",16.63740000
"MOA-2022-BLG-033L b","MOA-2022-BLG-033L",1,,0.03822818,"F7 V",1840.00000000
"KMT-2023-BLG-0119L b","KMT-2023-BLG-0119L",1,,0.26334965,"K2.5 V",5410.00000000
"Kepler-1781 b","Kepler-1781",1,2.38091029,,,962.63000000
"KMT-2023-BLG-1896L b","KMT-2023-BLG-1896L",1,,0.05144285,"K6 V",5490.00000000
"HD 224018 b","HD 224018",1,0.91000000,0.01290004,"G V",105.48000000
"HD 224018 c","HD 224018",1,2.42000000,0.03272206,"G V",105.48000000
"HD 224018 d","HD 224018",1,2.40000000,0.01321468,"G V",105.48000000
"K2-73 c","K2-73",1,,3.59313383,,269.18300000
"HIP 41378 g","HIP 41378",1,,0.01809152,,106.28900000
"HD 28471 b","HD 28471",1,,0.01170443,"G5 V",43.64550000
"HD 28471 c","HD 28471",1,,0.01799713,"G5 V",43.64550000
"HD 28471 d","HD 28471",1,,0.01544859,"G5 V",43.64550000
"WISPIT 1 b","WISPIT 1",2,,10.40000000,"K4 V",230.00700000
"WISPIT 1 c","WISPIT 1",2,,5.30000000,"K4 V",230.00700000
"WISPIT 2 b","WISPIT 2",1,,4.85000000,,134.90700000
"GJ 536 c","GJ 536",1,,0.01853201,,10.40920000
"TOI-2141 c","TOI-2141",1,,0.01931860,,77.68200000
"TOI-2141 d","TOI-2141",1,,0.04688064,,77.68200000
"Kepler-343 b","Kepler-343",1,2.41000000,,,927.19300000
"KMT-2024-BLG-0404L b","KMT-2024-BLG-0404L",1,,27.24000000,"M",7210.00000000
"KMT-2024-BLG-0404L c","KMT-2024-BLG-0404L",1,,0.05443189,"M",7210.00000000
"TOI-5799 c","TOI-5799",1,1.76000000,,"M2 V",27.81230000
"TOI-1203 b","TOI-1203",1,1.52000000,0.01104370,"G3 V",64.99430000
"TOI-1203 c","TOI-1203",1,,0.01717908,"G3 V",64.99430000
"TOI-1203 e","TOI-1203",1,,0.13246141,"G3 V",64.99430000
"NGTS-32 b","NGTS-32",1,15.91675259,0.57000000,,837.45700000
"HD 143811 AB b","HD 143811 A",2,15.69257298,6.10000000,,136.60800000
"Kepler-107 c","Kepler-107",1,1.59700000,0.03146352,,525.99700000
"Kepler-1021 b","Kepler-1021",1,2.33000000,,,810.08200000
"HD 23079 c","HD 23079",1,,0.02598887,"F9.5 V",33.45910000
"HD 196067 c","HD 196067",2,,0.03272206,"G0 V",39.93460000
"TOI-2093 b","TOI-2093",1,,0.03335133,"K5 V",82.79820000
"HIP 18606 b","HIP 18606",1,,0.77000000,"K0/1 III",47.02880000
"HIP 111909 b","HIP 111909",1,,1.21000000,"K1 III",88.07700000
"HIP 111909 c","HIP 111909",1,,0.81000000,"K1 III",88.07700000
"OGLE-2016-BLG-1266L b","OGLE-2016-BLG-1266L",1,,12.00000000,,3080.00000000
"BD+37 3172 b","BD+37 3172",1,,10.60000000,,454.25100000
"BD+42 2315 b","BD+42 2315",1,,0.55000000,,610.71500000
"55 Cnc B b","55 Cnc B",2,,0.01101223,"M4.5 V",12.47730000
"Kepler-1006 b","Kepler-1006",1,1.54000000,,,
"55 Cnc B c","55 Cnc B",2,,0.01667566,"M4.5 V",12.47730000
"GJ 251 c","GJ 251",1,,0.01220785,,5.58057000
"TOI-7510 b","TOI-7510",1,7.31000000,0.05710000,"G3",249.00600000
"TOI-7510 c","TOI-7510",1,10.81000000,0.41200000,"G3",249.00600000
"TOI-7510 d","TOI-7510",1,10.52000000,0.59700000,"G3",249.00600000
"TOI-756 c","TOI-756",1,,4.05000000,"M1 V",86.17590000
"Kepler-1009 b","Kepler-1009",1,2.17000000,,,355.01900000
"Kepler-351 c","Kepler-351",1,3.19000000,,,1083.91000000
"TIC 231949697 b","TIC 231949697",1,1.52831855,,,50.24080000
"Kepler-1027 b","Kepler-1027",2,0.89000000,,,405.10400000
"Kepler-1035 b","Kepler-1035",1,1.17000000,,,562.11600000
"BEBOP-4 AB b","BEBOP-4 A",2,,26.30000000,"G3 V",234.29400000
"KMT-2023-BLG-0548L b","KMT-2023-BLG-0548L",1,,3.42000000,,6830.00000000
"Kepler-986 b","Kepler-986",1,2.36000000,,,548.36400000
"KMT-2023-BLG-0830L b","KMT-2023-BLG-0830L",1,,0.05600000,,7250.00000000
"KMT-2023-BLG-0949L b","KMT-2023-BLG-0949L",1,,5.98000000,,6060.00000000
"KMT-2024-BLG-1281L b","KMT-2024-BLG-1281L",1,,0.06000000,,7180.00000000
"KMT-2024-BLG-2059L b","KMT-2024-BLG-2059L",1,,0.02200000,,6070.00000000
"KMT-2024-BLG-2242L b","KMT-2024-BLG-2242L",1,,0.04400000,,7620.00000000
"2MASS J22501512+2325342 b","2MASS J22501512+2325342",1,,30.00000000,"M3",57.23090000
"TOI-1422 c","TOI-1422",1,2.61000000,0.04404893,"G2 V",155.14100000
"Kepler-1780 b","Kepler-1780",1,3.60600667,,,790.51600000
"Kepler-49 d","Kepler-49",1,1.60000000,,,311.22200000
"Kepler-978 b","Kepler-978",1,2.99000000,,,682.52200000
"Kepler-1002 b","Kepler-1002",1,1.71000000,,,408.30300000
"TOI-1472 c","TOI-1472",1,3.33400000,0.06700000,,121.84000000
"CD-35 2722 b","CD-35 2722",1,17.37392009,29.50000000,"M1 V",22.38960000
"HIP 54515 b","HIP 54515",1,,17.70000000,"A5 V",82.81010000
"Kepler-1005 b","Kepler-1005",1,1.50000000,,,567.80600000
"TOI-6041 c","TOI-6041",1,,0.24510081,"G7",72.47310000
"V2376 Ori b","V2376 Ori",1,87.20586985,20.00000000,"M",
"HD 128717 b","HD 128717",1,,19.80000000,,73.63600000
"NGTS-34 b","NGTS-34",1,3.65000000,0.06009532,"F8 V",120.47500000
"KMT-2024-BLG-1005L b","KMT-2024-BLG-1005L",1,,21.00000000,,6950.00000000
"Kepler-341 c","Kepler-341",1,1.70000000,,,1047.03000000
"TIC 270471727 b","TIC 270471727",1,2.75029559,,,182.10400000
"Kepler-1015 b","Kepler-1015",1,3.55000000,,,739.35700000
"Kepler-1769 b","Kepler-1769",1,4.46500000,,,438.41200000
"Kepler-972 b","Kepler-972",1,4.65000000,,,1198.03000000
"Kepler-11 e","Kepler-11",1,4.19000000,0.02500000,,646.34600000
"Kepler-1770 b","Kepler-1770",1,2.84141754,,,582.94200000
"Kepler-1676 b","Kepler-1676",1,3.37695960,,,
"TOI-5789 c","TOI-5789",1,2.86000000,0.01573176,"K1 V",20.45810000
"TOI-5789 b","TOI-5789",1,,0.00667027,"K1 V",20.45810000
"TOI-5789 d","TOI-5789",1,,0.01349785,"K1 V",20.45810000
"TOI-5789 e","TOI-5789",1,,0.03652915,"K1 V",20.45810000
"KMT-2022-BLG-1818L b","KMT-2022-BLG-1818L",1,,4.00000000,,5300.00000000
"KMT-2022-BLG-1818L c","KMT-2022-BLG-1818L",1,,0.36000000,,5300.00000000
"GJ 3090 c","GJ 3090",1,,0.03146352,"M2 V",22.47510000
"Kepler-961 b","Kepler-961",1,2.55000000,,,574.31400000
"KOINTREAU-1 b","XEST 17-036",1,,10.60000000,"M4",158.61800000
"KMT-2025-BLG-1616L b","KMT-2025-BLG-1616L",1,,0.13315361,"M V",7500.00000000
"HD 176986 d","HD 176986",1,,0.02126934,"K2.5 V",27.78430000
"HD 85426 c","TOI-1774",1,,0.03240742,,53.97400000
"GJ 4274 b","GJ 4274",1,,0.00934467,"M4.5 V",7.23556000
"GJ 4274 c","GJ 4274",1,,0.02639789,"M4.5 V",7.23556000
"TOI-375 c","TOI-375",1,,2.10600000,,396.21300000
"TOI-375 d","TOI-375",1,,1.40200000,,396.21300000
"KMT-2024-BLG-0176L b","KMT-2024-BLG-0176L",1,,0.76000000,,8340.00000000
"KMT-2024-BLG-0349L b","KMT-2024-BLG-0349L",1,,11.86000000,,5750.00000000
"KMT-2024-BLG-1870L b","KMT-2024-BLG-1870L",1,,1.06000000,,5480.00000000
"KMT-2024-BLG-2087L b","KMT-2024-BLG-2087L",1,,4.39000000,,7190.00000000
"GJ 887 d","GJ 887",1,,0.01919275,"M1 V",3.28679000
"GJ 887 e","GJ 887",1,,0.00459367,"M1 V",3.28679000
"HD 164604 c","HD 164604",1,,9.50000000,"K3.5 V",39.36330000
"LHS 1903 e","LHS 1903",1,1.73200000,0.01821738,"M",35.69170000
"KOINTREAU-3 b","ISO-Oph 96",1,,3.40000000,"K6-M1",140.56300000
"KOINTREAU-4 b","2MASS J16262785-2625152",1,,15.30000000,"M4.5",145.43400000
"TOI-4336 A c","TOI-4336 A",3,1.25100000,0.00487685,"M3.5 V",22.54550000
"DMPP-2 c","DMPP-2",1,,0.16294956,,137.94000000
"DMPP-2 d","DMPP-2",1,,0.28880364,,137.94000000
"DMPP-6 b","DMPP-6",1,,0.01824884,,54.63030000
"DMPP-6 c","DMPP-6",1,,0.04238136,,54.63030000
"DMPP-7 b","DMPP-7",1,,0.19315454,"G1 V",101.38600000
"DMPP-8 b","DMPP-8",1,,0.25513767,,76.13350000
"DMPP-9 b","DMPP-9",1,,0.04540186,,109.53900000
"TOI-2267 d","TOI-2267 B",2,1.77000000,,,
"KMT-2020-BLG-0202L b","KMT-2020-BLG-0202L",1,,12.28000000,,3840.00000000
"KMT-2022-BLG-1551L b","KMT-2022-BLG-1551L",1,,2.96000000,,6900.00000000
"KMT-2023-BLG-0466L b","KMT-2023-BLG-0466L",1,,3.25000000,,6800.00000000
"KMT-2025-BLG-0121L b","KMT-2025-BLG-0121L",1,,7.77000000,,6200.00000000
"HD 68475 b","HD 68475",1,,5.16000000,"K2 VC",33.42970000
"HD 100508 b","HD 100508",1,,1.20000000,"K1 IV",32.75480000
"HD 48265 c","HD 48265",1,,4.45000000,"G5 IV/V",90.54460000
"HD 114386 c","HD 114386",1,,0.37000000,"K3 VC",27.92430000
"KMT-2016-BLG-1337L b","KMT-2016-BLG-1337L",2,,0.28000000,"M",6920.00000000
"Kepler-1778 b","Kepler-1778",1,3.01665969,,,1276.29000000
"KMT-2021-BLG-0852L b","KMT-2021-BLG-0852L",1,,0.49000000,,7230.00000000
"KMT-2024-BLG-2005L b","KMT-2024-BLG-2005L",1,,0.16000000,,7720.00000000
"KMT-2025-BLG-0481L b","KMT-2025-BLG-0481L",1,,0.59000000,,7980.00000000
"TOI-1232 c","TOI-1232",1,,0.18400000,"G1 V",328.60400000
"WISPIT 2 c","WISPIT 2",1,17.93436912,10.00000000,,134.90700000
"CWISEP J193518.59-154620.3 b","CWISEP J193518.59-154620.3",1,,15.50000000,"Y",14.43000000
"TIC 18942729 b","TIC 18942729",1,2.00021315,,,115.16900000
"TIC 24750448 b","TIC 24750448",1,2.43722231,,,178.14600000
"Kepler-1025 b","Kepler-1025",1,1.98000000,,,803.77600000
"TIC 24750448 c","TIC 24750448",1,3.09028272,,,178.14600000
"TIC 32032563 b","TIC 32032563",1,3.47739942,,,507.85800000
"TIC 34085383 b","TIC 34085383",1,3.91982296,,,149.12000000
"TIC 38825265 b","TIC 38825265",1,2.18869476,,,165.63800000
"TIC 38828280 b","TIC 38828280",1,2.62701629,,,286.41500000
"TIC 62895484 b","TIC 62895484",1,3.49391667,,,294.85700000
"TIC 65612701 b","TIC 65612701",1,5.07802804,,,151.62400000
"TIC 67686059 b","TIC 67686059",1,2.59125922,,,249.20300000
"TIC 77319217 b","TIC 77319217",1,3.10879526,,,267.62000000
"TIC 77552382 b","TIC 77552382",1,5.69176189,,,373.41500000
"Kepler-107 b","Kepler-107",1,1.53600000,0.01195614,,525.99700000
"TIC 86380416 b","TIC 86380416",1,2.41236120,,,244.68000000
"TIC 88692598 b","TIC 88692598",1,1.81295951,,,73.52580000
"TIC 117642575 b","TIC 117642575",1,2.82716337,,,188.75800000
"TIC 139702105 b","TIC 139702105",1,2.45316949,,,91.78840000
"TIC 142589416 b","TIC 142589416",1,2.67899519,,,168.93300000
"TIC 153919886 b","TIC 153919886",1,2.70601108,,,132.33000000
"TIC 154870955 b","TIC 154870955",1,3.09467466,,,226.46300000
"TIC 160113658 b","TIC 160113658",1,3.49015778,,,200.15600000
"TIC 161045582 b","TIC 161045582",1,2.24566738,,,162.24600000
"TIC 178172313 b","TIC 178172313",1,2.80405322,,,178.13700000
"TIC 188624430 b","TIC 188624430",1,3.64811843,,,300.74300000
"TIC 198190129 b","TIC 198190129",1,2.92284949,,,130.03500000
"TIC 206466666 b","TIC 206466666",1,2.14817673,,,127.83700000
"TIC 249022743 b","TIC 249022743",1,4.79568155,,,396.46000000
"TIC 260969020 b","TIC 260969020",1,2.22686612,,,121.22200000
"TIC 290487717 b","TIC 290487717",1,6.63777941,,,395.57400000
"TIC 294329732 b","TIC 294329732",1,2.07692266,,,189.33300000
"TIC 320419023 b","TIC 320419023",1,2.77280763,,,288.89300000
"TIC 349520724 b","TIC 349520724",1,2.82626313,,,241.10500000
"TIC 356227008 b","TIC 356227008",1,2.39024009,,,387.60900000
"TIC 390586021 b","TIC 390586021",1,2.86009388,,,114.55800000
"TIC 423703298 b","TIC 423703298",1,2.77230429,,,136.19100000
"TIC 437041147 b","TIC 437041147",1,2.21526814,,,246.60000000
"TIC 445839811 b","TIC 445839811",1,2.47771211,,,235.65500000
"TOI-1839 c","TOI-1839",1,2.40867246,,,116.08600000
"GJ 1137 c","HD 93083",1,,0.01610932,"K2 IV-V",28.51590000
"TIC 147027702 b","TIC 147027702",1,10.92875618,1.09000000,,457.18600000
"TIC 245076932 b","TIC 245076932",1,10.87271128,0.51000000,,303.96000000
"TOI-5624 f","TOI-5624",1,,0.04090257,,101.91300000
"TIC 183374187 b","TIC 183374187",1,14.03364384,0.56000000,,1208.75000000
"TOI-237 c","TOI-237",1,1.20600000,,,38.07490000
"XO-2 S d","XO-2 S",2,,3.71000000,"G8 V",151.39800000
"HD 5388 b","HD 5388",1,,3.20000000,"F6 V",53.06610000
"HD 16760 b","HD 16760",1,,21.50000000,"G5 V",50.17561000
"GJ 3378 b","GJ 3378",1,,0.00723661,"M4 V",7.72274000
"HIP 10090 b","HIP 10090",1,,3.87000000,"K0",82.39370000
"Kepler-1782 b","Kepler-1782",1,2.22927435,,,305.79200000
"HIP 10090 c","HIP 10090",1,,0.85000000,"K0",82.39370000
"HIP 8923 b","HIP 8923",1,,9.98000000,"G3 V",65.99570000
"HIP 39330 b","HIP 39330",1,,1.67000000,"G5 V",36.39580000
"HIP 98599 b","HIP 98599",1,,6.85000000,"F7 V",75.94280000
"KMT-2023-BLG-1592L b","KMT-2023-BLG-1592L",1,,0.58000000,,7200.00000000
"OGLE-2023-BLG-0766L b","OGLE-2023-BLG-0766L",1,,1.10000000,,7400.00000000
"KMT-2023-BLG-0332L b","KMT-2023-BLG-0332L",1,,22.00000000,,6500.00000000
"HD 190360 d","HD 190360",2,,0.03744159,"G7 IV-V",16.00690000
"HD 125136 b","HD 125136",1,,2.26000000,,121.25700000
"HD 127195 b","HD 127195",1,,0.67000000,,84.71670000
"Kepler-985 b","Kepler-985",1,2.98000000,,,679.36100000
"HD 127195 c","HD 127195",1,,0.65000000,,84.71670000
"HD 126105 b","HD 126105",1,,1.67000000,"K1 III",82.88110000
"TIC 150070085 b","TIC 150070085",1,3.62000000,,,204.36800000
"Kepler-327 b","Kepler-327",1,1.11000000,,,241.98700000
"Kepler-25 c","Kepler-25",2,5.21700000,0.04790000,,243.24900000
"Kepler-946 b","Kepler-946",1,1.93000000,,,1137.29000000
"Kepler-1014 b","Kepler-1014",1,2.39000000,,,624.80000000
"Kepler-1010 b","Kepler-1010",1,2.32000000,,,579.27300000
"Kepler-321 c","Kepler-321",1,2.32000000,,,384.54200000
"Kepler-1038 b","Kepler-1038",1,3.53000000,,,584.13600000
"Kepler-322 c","Kepler-322",1,1.67000000,,,400.48000000
"NGTS-38 b","NGTS-38",1,12.11690814,4.77000000,,268.63700000
"bet Pic d","bet Pic",1,14.12331568,2.40000000,"A6 V",19.74420000
"TOI-260 b","TOI-260",1,1.71000000,0.01330907,"K8 V",20.18520000
"Kepler-993 b","Kepler-993",1,2.97000000,,,324.42300000
"Kepler-1013 b","Kepler-1013",1,2.15000000,,,422.24600000
"NGTS-39 b","NGTS-39",1,12.19537100,1.46700000,"F9 V",278.40200000
"Gaia23braL b","Gaia23braL",1,,1.63000000,,4330.00000000
"Gliese 48 b","Gliese 48",1,,0.02551691,"M3.5 V",8.23366000
"Kepler-1054 b","Kepler-1054",1,2.63000000,,,1090.51000000
"Kepler-1033 b","Kepler-1033",1,2.51000000,,,1455.50000000
"Kepler-953 b","Kepler-953",1,4.21000000,,,258.89300000
"HD 60779 b","HD 60779",1,3.24600000,0.04464673,"G1 V",35.44450000
"HD 60779 c","HD 60779",1,,0.08904176,"G1 V",35.44450000
"Kepler-349 b","Kepler-349",1,1.90000000,,,940.72400000
"Kepler-1784 b","Kepler-1784",1,2.79936489,,,883.04500000
"Kepler-1768 b","Kepler-1768",1,2.23346338,,,632.76600000
"Kepler-37 d","Kepler-37",1,2.03000000,0.00629270,,63.92070000
"Kepler-330 c","Kepler-330",1,1.95000000,,,717.52700000
"Kepler-1003 b","Kepler-1003",1,1.78000000,,,941.90200000
"Kepler-1055 b","Kepler-1055",1,1.23000000,,,389.39700000
"Kepler-1008 b","Kepler-1008",2,1.28000000,,,282.56500000
"Kepler-1045 b","Kepler-1045",1,2.69000000,,,942.48500000
"Kepler-983 b","Kepler-983",1,2.36000000,,,714.43700000
"Kepler-980 b","Kepler-980",1,2.67000000,,,961.46800000
"Kepler-963 b","Kepler-963",1,2.66000000,,,771.49400000
"Kepler-127 d","Kepler-127",1,2.64000000,,,352.79400000
"Kepler-329 c","Kepler-329",1,1.93000000,,,439.71900000
"Kepler-1674 b","Kepler-1674",1,3.20577490,,,1012.48000000
"Kepler-1039 b","Kepler-1039",1,1.46000000,,,306.91000000
"Kepler-1018 b","Kepler-1018",1,2.58000000,,,1010.01000000
"Kepler-335 b","Kepler-335",1,3.39000000,,,1278.97000000
"Kepler-1779 b","Kepler-1779",1,3.03295685,,,908.50100000
"Kepler-1030 b","Kepler-1030",1,2.48000000,,,758.70200000
"Kepler-25 b","Kepler-25",2,2.74800000,0.02750000,,243.24900000
"Kepler-1058 b","Kepler-1058",1,2.72000000,,,491.99700000
"Kepler-1007 b","Kepler-1007",1,1.44000000,,,
"Kepler-1016 b","Kepler-1016",1,2.18000000,,,1402.82000000
"Kepler-345 c","Kepler-345",1,1.20000000,,,
"Kepler-958 b","Kepler-958",1,2.06000000,,,449.77300000
"Kepler-326 c","Kepler-326",1,1.40000000,,,487.67500000
"Kepler-352 c","Kepler-352",1,1.24000000,,,252.73300000
"Kepler-346 b","Kepler-346",1,2.66000000,,,984.10500000
"Kepler-127 c","Kepler-127",1,2.66000000,,,352.79400000
"Kepler-987 b","Kepler-987",1,3.26000000,,,914.12600000
"Kepler-999 b","Kepler-999",1,2.34000000,,,545.06300000
"Kepler-962 b","Kepler-962",1,1.97000000,,,411.48600000
"Kepler-344 b","Kepler-344",1,2.61000000,,,1002.94000000
"Kepler-1020 b","Kepler-1020",1,2.28000000,,,415.35800000
"Kepler-984 b","Kepler-984",1,2.12000000,,,460.18800000
"Kepler-479 b","Kepler-479",1,2.12000000,,,344.90100000
"Kepler-1012 b","Kepler-1012",1,1.29000000,,,411.07700000
"Kepler-949 b","Kepler-949",1,2.91000000,,,486.10500000
"Kepler-979 b","Kepler-979",1,2.72000000,,,576.50300000
"Kepler-1996 c","Kepler-1996",1,2.81000000,,,440.56100000
"Kepler-982 b","Kepler-982",1,2.25000000,,,801.47900000
"Kepler-1044 b","Kepler-1044",1,2.67000000,,,1278.96000000
"Kepler-66 b","Kepler-66",1,2.80000000,,"G0 V",1202.96000000
"Kepler-1052 b","Kepler-1052",1,2.93000000,,,943.44400000
"Kepler-93 b","Kepler-93",1,1.47800000,0.01466200,,95.91150000
"Kepler-960 b","Kepler-960",1,2.29000000,,,284.91600000
"Kepler-976 b","Kepler-976",1,3.96000000,,,1012.41000000
"Kepler-342 b","Kepler-342",1,2.25000000,,,781.61100000
"Kepler-318 b","Kepler-318",1,4.71000000,,,489.14100000
"Kepler-409 b","Kepler-409",1,1.19900000,0.01887811,,68.17300000
"Kepler-1011 b","Kepler-1011",1,2.87000000,,,736.77900000
"Kepler-990 b","Kepler-990",1,2.60000000,,,802.16300000
"Kepler-1056 b","Kepler-1056",1,3.01000000,,,982.51000000
"Kepler-493 b","Kepler-493",1,15.13000000,,,1745.77000000
"KOI-1783.01","KOI-1783",1,8.86000000,0.22338986,,865.73000000
"Kepler-1022 b","Kepler-1022",1,2.36000000,,,420.04200000
"Kepler-1046 b","Kepler-1046",1,1.71000000,,,721.53400000
"Kepler-1000 b","Kepler-1000",1,4.76000000,,,1115.62000000
"Kepler-1776 b","Kepler-1776",1,2.61157023,,,690.33600000
"Kepler-1677 b","Kepler-1677",1,2.70216183,,,735.36900000
"Kepler-473 b","Kepler-473",1,4.08000000,,,905.93700000
"Kepler-334 c","Kepler-334",1,1.43000000,,,426.59000000
"Kepler-337 c","Kepler-337",1,2.05000000,,,677.97500000
"Kepler-1037 b","Kepler-1037",1,1.28000000,,,446.91400000
"Kepler-989 b","Kepler-989",1,2.21000000,,,491.97800000
"Kepler-1019 b","Kepler-1019",1,1.46000000,,,194.18200000
"Kepler-332 b","Kepler-332",1,1.17000000,,,344.19000000
"Kepler-497 b","Kepler-497",1,6.04000000,,,1291.98000000
"Kepler-994 b","Kepler-994",1,1.60000000,,,188.15800000
"Kepler-1043 b","Kepler-1043",1,2.55000000,,,903.33200000
"Kepler-992 b","Kepler-992",1,1.62000000,,,259.63900000
"Kepler-981 b","Kepler-981",1,2.31000000,,,878.08200000
"Kepler-1049 b","Kepler-1049",1,0.95000000,,,162.00600000
"Kepler-969 b","Kepler-969",1,2.07000000,,,390.35400000
"Kepler-954 b","Kepler-954",1,2.32000000,,,215.81400000
"Kepler-1709 b","Kepler-1709",1,3.12424875,,,273.94600000
"Kepler-1040 b","Kepler-1040",1,2.08000000,,,482.11900000
"Kepler-339 b","Kepler-339",1,1.42000000,,,616.63700000
"Kepler-447 b","Kepler-447",1,18.49000000,1.37000000,"G8 V",268.04100000
"Kepler-1050 b","Kepler-1050",1,1.60000000,,,490.48800000
"Kepler-1001 b","Kepler-1001",1,3.15000000,,,928.97800000
"Kepler-1673 b","Kepler-1673",1,2.93551940,,,727.18700000
"Kepler-957 b","Kepler-957",1,5.50000000,,,824.68800000
"Kepler-1771 b","Kepler-1771",1,4.05537256,,,565.75200000
"Kepler-956 b","Kepler-956",1,3.00000000,,,544.93900000
"Kepler-998 b","Kepler-998",1,2.32000000,,,986.36400000
"Kepler-347 b","Kepler-347",1,1.97000000,,,1298.88000000
"Kepler-411 c","Kepler-411",2,4.42100000,0.08306327,"K2 V",153.67600000
"Kepler-45 b","Kepler-45",1,10.76000000,0.50500000,"M",381.94900000
"Kepler-324 c","Kepler-324",1,3.15000000,,,501.57400000
"Kepler-1041 b","Kepler-1041",1,2.94000000,,,1485.82000000
"Kepler-991 b","Kepler-991",1,2.54000000,,,389.56100000
"Kepler-1023 b","Kepler-1023",1,2.63000000,,,694.17500000
"Kepler-1028 b","Kepler-1028",1,1.33000000,,,607.91600000
"Kepler-1004 b","Kepler-1004",1,6.28000000,,,1152.68000000
"Kepler-325 b","Kepler-325",1,2.91000000,,,823.24200000
"Kepler-997 b","Kepler-997",1,1.36000000,,,467.56800000
"Kepler-973 b","Kepler-973",1,1.96000000,,,328.52000000
"Kepler-1036 b","Kepler-1036",1,3.01000000,,,489.43500000
"Kepler-65 c","Kepler-65",1,2.58000000,,,303.72800000
"Kepler-968 b","Kepler-968",1,2.00000000,,,290.32400000
"Kepler-966 b","Kepler-966",1,4.13000000,,,1027.80000000
"Kepler-1061 b","Kepler-1061",1,1.98000000,,,543.37500000
"Kepler-1047 b","Kepler-1047",1,2.09000000,,,817.64700000
"Kepler-188 b","Kepler-188",1,1.68000000,,,968.54400000
"Kepler-1062 b","Kepler-1062",1,1.76000000,,,397.45500000
"Kepler-1063 b","Kepler-1063",2,1.49000000,,,343.22600000
"Kepler-1112 b","Kepler-1112",1,3.02000000,,,1671.28000000
"Kepler-1681 b","Kepler-1681",1,2.55321772,,,758.30000000
"Kepler-91 b","Kepler-91",1,15.32270300,0.81000000,,1294.69000000
"Kepler-1113 b","Kepler-1113",1,2.81000000,,,1073.88000000
"Kepler-361 c","Kepler-361",1,2.52000000,,,930.32000000
"Kepler-1114 b","Kepler-1114",1,1.35000000,,,418.41700000
"Kepler-1115 b","Kepler-1115",1,1.70000000,,,983.24500000
"Kepler-1116 b","Kepler-1116",1,2.54000000,,,1008.57000000
"Kepler-1117 b","Kepler-1117",1,1.11000000,,,568.48700000
"Kepler-1118 b","Kepler-1118",1,2.74000000,,,888.32500000
"Kepler-1119 b","Kepler-1119",1,1.92000000,,,1757.23000000
"Kepler-1120 b","Kepler-1120",1,1.38000000,,,615.23100000
"Kepler-362 c","Kepler-362",1,1.45000000,,,1090.51000000
"Kepler-104 b","Kepler-104",2,3.10000000,,,400.78500000
"Kepler-363 d","Kepler-363",1,2.05000000,,,762.59600000
"Kepler-1121 b","Kepler-1121",1,1.91000000,,,482.04700000
"Kepler-1979 b","Kepler-1979",1,29.33000000,,,1076.27000000
"Kepler-1786 b","Kepler-1786",1,3.16305828,,,863.90900000
"Kepler-1122 b","Kepler-1122",1,2.04000000,,,1230.42000000
"Kepler-364 c","Kepler-364",1,2.15000000,,,891.46200000
"Kepler-1799 b","Kepler-1799",1,4.12801189,,,2254.69000000
"Kepler-1123 b","Kepler-1123",1,1.67000000,,,704.32300000
"Kepler-1124 b","Kepler-1124",1,1.28000000,,,289.89900000
"Kepler-1800 b","Kepler-1800",1,0.99679734,,,350.45500000
"Kepler-1125 b","Kepler-1125",1,1.84000000,,,2011.41000000
"Kepler-1068 b","Kepler-1068",1,3.63000000,,,1473.61000000
"Kepler-1126 b","Kepler-1126",1,1.73000000,,,635.73600000
"Kepler-365 b","Kepler-365",1,2.04000000,,,1038.99000000
"Kepler-1127 b","Kepler-1127",1,1.96000000,,,842.45900000
"Kepler-427 b","Kepler-427",1,13.79000000,0.29000000,"G2 V",1017.80000000
"Kepler-1128 b","Kepler-1128",1,3.65000000,,,1083.41000000
"Kepler-1129 b","Kepler-1129",1,2.96000000,,,1183.88000000
"Kepler-366 b","Kepler-366",1,1.46000000,,,1856.28000000
"Kepler-1130 b","Kepler-1130",2,0.80000000,,,249.34300000
"Kepler-354 b","Kepler-354",1,1.84000000,,,554.06400000
"Kepler-1131 b","Kepler-1131",1,1.59000000,,,1030.70000000
"Kepler-1801 b","Kepler-1801",1,2.70926154,,,839.33200000
"Kepler-367 b","Kepler-367",1,1.30000000,,,188.02700000
"Kepler-368 b","Kepler-368",1,3.26000000,,,770.97800000
"Kepler-1132 b","Kepler-1132",1,2.35000000,,,867.93100000
"Kepler-369 c","Kepler-369",1,1.41000000,,,
"Kepler-1133 b","Kepler-1133",1,1.97000000,,,753.13500000
"Kepler-1069 b","Kepler-1069",1,1.60000000,,,695.96700000
"Kepler-1804 b","Kepler-1804",1,1.59615726,,,434.45600000
"Kepler-1134 b","Kepler-1134",1,2.64000000,,,944.44500000
"Kepler-370 c","Kepler-370",1,1.91000000,,,1167.94000000
"Kepler-462 b","Kepler-462",1,3.00000000,0.16958752,,596.62500000
"Kepler-1135 b","Kepler-1135",1,1.85000000,,,1314.64000000
"Kepler-1070 b","Kepler-1070",1,1.73000000,,,939.00100000
"Kepler-1805 b","Kepler-1805",1,1.54502915,,,221.63900000
"Kepler-478 b","Kepler-478",1,2.71000000,,,
"Kepler-1136 b","Kepler-1136",1,1.64000000,,,491.40600000
"Kepler-371 b","Kepler-371",1,1.89000000,,,813.19200000
"Kepler-372 c","Kepler-372",1,2.09000000,,,1493.95000000
"Kepler-1137 b","Kepler-1137",1,2.20000000,,,921.77800000
"Kepler-1806 b","Kepler-1806",1,2.35560189,,,978.06600000
"Kepler-1138 b","Kepler-1138",1,1.70000000,,,872.32800000
"Kepler-1071 b","Kepler-1071",1,2.38000000,,,1042.27000000
"Kepler-1139 b","Kepler-1139",1,1.19000000,,,495.15600000
"Kepler-1807 b","Kepler-1807",1,2.70393215,,,1299.32000000
"Kepler-1140 b","Kepler-1140",1,2.77000000,,,656.48000000
"Kepler-1141 b","Kepler-1141",1,0.82000000,,,393.64200000
"Kepler-1142 b","Kepler-1142",1,1.47000000,,,1273.51000000
"Kepler-1143 b","Kepler-1143",1,1.67000000,,,555.18900000
"Kepler-1072 b","Kepler-1072",1,1.58000000,,,982.71600000
"Kepler-490 b","Kepler-490",1,11.65000000,,,1523.00000000
"Kepler-1144 b","Kepler-1144",1,1.99000000,,,1140.57000000
"Kepler-1145 b","Kepler-1145",1,1.40000000,,,691.96100000
"Kepler-1146 b","Kepler-1146",1,1.23000000,,,703.03800000
"Kepler-1808 b","Kepler-1808",1,3.02511302,,,1022.01000000
"Kepler-373 b","Kepler-373",1,1.36000000,,,1090.45000000
"Kepler-1809 b","Kepler-1809",1,1.51300000,,,409.60200000
"Kepler-374 c","Kepler-374",1,1.10000000,,,1265.61000000
"Kepler-1147 b","Kepler-1147",1,2.61000000,,,1657.36000000
"Kepler-1148 b","Kepler-1148",1,1.69000000,,,625.69200000
"Kepler-1149 b","Kepler-1149",1,1.44000000,,,1217.73000000
"Kepler-1150 b","Kepler-1150",2,1.02000000,,,358.51800000
"Kepler-1151 b","Kepler-1151",1,2.22000000,,,682.43600000
"Kepler-1682 b","Kepler-1682",1,2.88940836,,,1159.85000000
"Kepler-114 c","Kepler-114",1,1.60000000,0.00900000,,259.53300000
"Kepler-1064 b","Kepler-1064",1,1.55000000,,,
"Kepler-355 c","Kepler-355",1,2.71000000,,,1432.17000000
"Kepler-1810 b","Kepler-1810",1,3.91815325,,,1009.87000000
"Kepler-375 c","Kepler-375",1,2.65000000,,,1238.81000000
"Kepler-1811 b","Kepler-1811",1,3.84829873,,,1390.56000000
"Kepler-481 b","Kepler-481",1,2.50000000,,,813.72400000
"Kepler-1812 b","Kepler-1812",1,2.32494240,,,1409.19000000
"Kepler-1153 b","Kepler-1153",1,1.73000000,,,1119.49000000
"Kepler-1154 b","Kepler-1154",1,2.34000000,,,1460.10000000
"Kepler-1155 b","Kepler-1155",1,2.03000000,,,1128.72000000
"Kepler-1156 b","Kepler-1156",1,1.32000000,,,691.33100000
"Kepler-1157 b","Kepler-1157",1,1.09000000,,,342.14400000
"TrES-2 b","TrES-2",2,15.24424000,1.49000000,,215.32000000
"Kepler-1813 b","Kepler-1813",1,1.41300000,,,
"Kepler-1814 b","Kepler-1814",1,2.36961357,,,726.34600000
"Kepler-356 c","Kepler-356",1,1.81000000,,,707.55900000
"Kepler-1158 b","Kepler-1158",1,2.34000000,,,1484.25000000
"Kepler-1159 b","Kepler-1159",1,2.37000000,,,1213.71000000
"Kepler-1160 b","Kepler-1160",1,2.14000000,,,1077.63000000
"Kepler-1161 b","Kepler-1161",1,2.13000000,,,547.72600000
"Kepler-1162 b","Kepler-1162",1,2.21000000,,,940.21100000
"Kepler-1815 b","Kepler-1815",1,2.74892620,,,1006.63000000
"Kepler-1163 b","Kepler-1163",1,1.03000000,,,478.64700000
"Kepler-1164 b","Kepler-1164",1,1.12000000,,,431.62200000
"Kepler-1165 c","Kepler-1165",1,3.36093385,,,1575.20000000
"Kepler-1166 b","Kepler-1166",1,1.69000000,,,634.90600000
"Kepler-23 c","Kepler-23",1,3.00500000,0.02457301,,835.75600000
"Kepler-1167 b","Kepler-1167",1,1.71000000,,,820.90500000
"Kepler-1168 b","Kepler-1168",1,2.50000000,,,752.66600000
"Kepler-1073 b","Kepler-1073",1,2.30000000,,,809.89700000
"Kepler-1169 b","Kepler-1169",1,0.94000000,,,522.82300000
"Kepler-1170 b","Kepler-1170",1,2.41000000,,,1050.45000000
"Kepler-79 d","Kepler-79",1,7.15000000,0.01667566,,1020.72000000
"Kepler-480 b","Kepler-480",1,2.78000000,,,847.50800000
"Kepler-1171 b","Kepler-1171",1,2.56000000,,,573.00000000
"Kepler-376 c","Kepler-376",1,1.79000000,,,923.06700000
"Kepler-377 c","Kepler-377",1,2.06000000,,,823.80400000
"Kepler-1172 b","Kepler-1172",1,3.20000000,,,1306.53000000
"Kepler-1173 b","Kepler-1173",1,0.89000000,,,377.06000000
"Kepler-1787 b","Kepler-1787",1,2.31898181,,,778.60200000
"Kepler-1174 b","Kepler-1174",1,1.59000000,,,1408.75000000
"Kepler-12 b","Kepler-12",1,19.66058600,0.43200000,,881.38600000
"Kepler-1175 b","Kepler-1175",1,2.99000000,,,1121.89000000
"Kepler-1176 b","Kepler-1176",1,2.45000000,,,864.69900000
"Kepler-378 b","Kepler-378",1,0.75000000,,,152.09400000
"Kepler-379 c","Kepler-379",1,2.29000000,,,731.27400000
"Kepler-1816 b","Kepler-1816",1,1.96793970,,,437.82300000
"Kepler-1817 b","Kepler-1817",1,2.27349126,,,748.56900000
"Kepler-1074 b","Kepler-1074",1,1.25000000,,,250.81700000
"Kepler-113 c","Kepler-113",1,2.18000000,0.02737312,,262.35100000
"Kepler-1683 b","Kepler-1683",1,1.87477762,,,733.14300000
"Kepler-1177 b","Kepler-1177",1,1.90000000,,,1299.97000000
"Kepler-1818 b","Kepler-1818",1,1.71360684,,,1034.59000000
"Kepler-1819 b","Kepler-1819",1,3.90351256,,,1363.19000000
"Kepler-1179 b","Kepler-1179",1,1.32000000,,,415.20500000
"Kepler-1075 b","Kepler-1075",1,1.42000000,,,291.27500000
"Kepler-122 b","Kepler-122",1,2.34000000,,,1027.45000000
"Kepler-1180 b","Kepler-1180",1,1.99000000,,,1596.80000000
"Kepler-1181 b","Kepler-1181",1,1.57000000,,,938.41700000
"Kepler-1182 b","Kepler-1182",1,2.41000000,,,1545.39000000
"Kepler-1820 b","Kepler-1820",1,3.11883067,,,1425.39000000
"Kepler-1183 b","Kepler-1183",1,2.82000000,,,1919.19000000
"Kepler-1184 b","Kepler-1184",1,2.68000000,,,1157.84000000
"Kepler-1821 b","Kepler-1821",1,2.59248115,,,799.69900000
"Kepler-1076 b","Kepler-1076",1,0.80000000,,,
"Kepler-112 c","Kepler-112",1,2.40000000,,,513.20600000
"Kepler-1788 b","Kepler-1788",1,2.37850461,,,560.44500000
"Kepler-1065 b","Kepler-1065",1,3.73000000,,,1122.48000000
"Kepler-2001 c","Kepler-2001",1,1.82000000,,,776.55000000
"Kepler-1077 b","Kepler-1077",1,2.77000000,,,1101.42000000
"Kepler-1078 b","Kepler-1078",1,1.90000000,,,2481.71000000
"Kepler-1789 b","Kepler-1789",1,2.83137505,,,611.46100000
"Kepler-1678 b","Kepler-1678",1,3.30422249,,,847.33900000
"Kepler-1079 b","Kepler-1079",1,1.63000000,,,591.09800000
"Kepler-18 d","Kepler-18",1,6.98000000,0.05200000,,433.04700000
"Kepler-1080 b","Kepler-1080",1,3.28000000,,,1382.82000000
"Kepler-1066 b","Kepler-1066",1,2.36000000,,,344.25100000
"Kepler-1081 b","Kepler-1081",1,1.01000000,,,420.21500000
"Kepler-1082 b","Kepler-1082",1,1.12000000,,,739.55700000
"Kepler-357 d","Kepler-357",1,3.43000000,,,688.57300000
"Kepler-1083 b","Kepler-1083",1,3.36000000,,,902.63300000
"Kepler-1084 b","Kepler-1084",1,1.11000000,,,405.53300000
"Kepler-1085 c","Kepler-1085",1,3.26817741,,,1364.53000000
"Kepler-114 b","Kepler-114",1,1.26000000,,,259.53300000
"Kepler-1086 b","Kepler-1086",2,2.44000000,,,466.08400000
"Kepler-1087 b","Kepler-1087",1,0.61000000,,,362.62300000
"Kepler-358 c","Kepler-358",1,2.85000000,,,1101.10000000
"Kepler-353 c","Kepler-353",2,1.38000000,,,384.69400000
"Kepler-1790 b","Kepler-1790",1,3.14461450,,,1070.17000000
"Kepler-1791 b","Kepler-1791",1,3.12103321,,,602.21800000
"Kepler-1792 b","Kepler-1792",1,2.51990972,,,601.02900000
"Kepler-60 b","Kepler-60",1,1.71000000,0.01318315,,1025.10000000
"Kepler-110 c","Kepler-110",1,2.21000000,,,586.53100000
"Kepler-1088 b","Kepler-1088",1,1.42000000,,,280.62900000
"Kepler-1089 b","Kepler-1089",1,1.83000000,,,259.32800000
"Kepler-1995 b","Kepler-1995",1,4.28000000,,,595.33100000
"Kepler-1793 b","Kepler-1793",1,3.79037518,,,1189.88000000
"Kepler-359 c","Kepler-359",1,4.30000000,,,1443.21000000
"Kepler-1090 c","Kepler-1090",1,3.29265785,,,858.77000000
"Kepler-1091 b","Kepler-1091",1,1.46000000,,,914.29900000
"Kepler-113 b","Kepler-113",1,1.82000000,0.03700000,,262.35100000
"Kepler-1794 b","Kepler-1794",1,1.79426276,,,561.22900000
"Kepler-1092 b","Kepler-1092",1,2.07000000,,,981.23300000
"Kepler-1093 b","Kepler-1093",1,1.95000000,,,1072.88000000
"Kepler-1094 b","Kepler-1094",1,3.18000000,,,1291.01000000
"Kepler-1095 b","Kepler-1095",1,1.21000000,,,792.52200000
"Kepler-85 b","Kepler-85",1,1.77800000,0.00578929,,765.02500000
"Kepler-1096 b","Kepler-1096",1,1.24000000,,,377.97600000
"Kepler-1097 b","Kepler-1097",1,3.26000000,,,719.80200000
"Kepler-1098 b","Kepler-1098",1,1.30000000,,,1049.19000000
"Kepler-1099 b","Kepler-1099",1,2.83000000,,,1022.80000000
"Kepler-48 d","Kepler-48",1,2.04000000,0.02500000,,306.73800000
"Kepler-1100 b","Kepler-1100",1,1.75000000,,,693.61800000
"Kepler-1679 b","Kepler-1679",1,2.06920360,,,909.28000000
"Kepler-1101 b","Kepler-1101",1,2.47000000,,,742.47300000
"Kepler-1102 b","Kepler-1102",1,2.66000000,,,1246.05000000
"Kepler-1103 b","Kepler-1103",1,2.27000000,,,1331.92000000
"Kepler-1104 b","Kepler-1104",1,1.23000000,,,530.65800000
"Kepler-1067 c","Kepler-1067",1,1.74682428,,,667.69300000
"Kepler-360 b","Kepler-360",1,1.65000000,,,876.04400000
"Kepler-417 c","Kepler-417",1,,,,973.98900000
"Kepler-106 e","Kepler-106",1,2.56000000,0.03500000,,444.32200000
"Kepler-114 d","Kepler-114",1,2.53000000,0.01200000,,259.53300000
"Kepler-1105 b","Kepler-1105",1,2.01000000,,,318.00400000
"Kepler-67 b","Kepler-67",1,2.94000000,,"G9 V",1131.19000000
"Kepler-1106 b","Kepler-1106",1,1.65000000,,,1090.70000000
"Kepler-1795 b","Kepler-1795",1,1.66301611,,,
"Kepler-1107 b","Kepler-1107",1,1.34000000,,,428.79800000
"Kepler-1680 b","Kepler-1680",1,1.35954736,,,310.31500000
"Kepler-1785 b","Kepler-1785",1,2.70422447,,,745.74000000
"Kepler-1108 b","Kepler-1108",1,1.46000000,,,767.70100000
"Kepler-1109 b","Kepler-1109",1,2.19000000,,,685.08700000
"Kepler-103 c","Kepler-103",1,5.45390000,0.18396719,"G2",494.83200000
"Kepler-1796 b","Kepler-1796",1,2.75047868,,,825.88300000
"Kepler-1797 b","Kepler-1797",1,3.05774442,,,1338.49000000
"Kepler-1110 b","Kepler-1110",1,2.66000000,,,726.82800000
"Kepler-1111 b","Kepler-1111",1,2.00000000,,,841.53600000
"Kepler-1798 b","Kepler-1798",1,2.30911251,,,395.19600000
"Kepler-106 b","Kepler-106",1,0.82000000,0.01667558,,444.32200000
"Kepler-104 d","Kepler-104",2,3.58000000,,,400.78500000
"Kepler-100 b","Kepler-100",1,1.34000000,0.01261687,,304.64500000
"Kepler-100 d","Kepler-100",1,1.61000000,0.00943901,,304.64500000
"Kepler-101 c","Kepler-101",1,1.25000000,0.01000000,"G3 IV",927.98100000
"Kepler-20 f","Kepler-20",2,0.95200000,0.00440489,,282.56300000
"Kepler-33 b","Kepler-33",1,1.74000000,,,1209.16000000
"Kepler-102 f","Kepler-102",1,0.86100000,0.01352931,,107.79600000
"Kepler-102 c","Kepler-102",1,0.56700000,0.00534880,,107.79600000
"Kepler-102 b","Kepler-102",1,0.46000000,0.00346099,,107.79600000
"KOI-94 b","KOI-94",2,1.71000000,0.03300000,,477.05200000
"Kepler-37 c","Kepler-37",1,0.75500000,0.00409026,,63.92070000
"Kepler-37 b","Kepler-37",1,0.30980000,0.00248562,,63.92070000
"Kepler-37 e","Kepler-37",1,,,,63.92070000
"Kepler-68 c","Kepler-68",2,0.97900000,0.00409026,,144.16600000
"Kepler-49 e","Kepler-49",1,1.56000000,,,311.22200000
"Kepler-34 b","Kepler-34",2,8.56400000,0.22000000,,1800.82000000
"Kepler-115 b","Kepler-115",1,1.09000000,,,623.60900000
"Kepler-116 c","Kepler-116",1,2.30000000,,,955.16800000
"Kepler-50 c","Kepler-50",1,2.17000000,,,250.11000000
"Kepler-276 d","Kepler-276",1,2.80000000,0.05100000,,1144.86000000
"Kepler-280 c","Kepler-280",1,2.01000000,,,780.36100000
"Kepler-281 b","Kepler-281",1,2.82000000,,,1745.45000000
"Kepler-799 c","Kepler-799",1,2.78068551,,,
"Kepler-57 c","Kepler-57",1,2.19600000,0.02158397,,644.14000000
"Kepler-1991 b","Kepler-1991",1,1.47000000,,,855.82000000
"Kepler-804 c","Kepler-804",1,1.14000000,,,649.65000000
"Kepler-285 c","Kepler-285",1,1.12000000,,,824.31000000
"Kepler-128 c","Kepler-128",1,1.52100000,0.01063467,,396.37900000
"Kepler-288 b","Kepler-288",1,1.67000000,,,1194.15000000
"Kepler-58 c","Kepler-58",1,2.86000000,0.16675665,,969.25200000
"Kepler-449 b","Kepler-449",1,2.05600000,,,241.94900000
"Kepler-825 c","Kepler-825",1,1.84000000,,,807.85000000
"Kepler-289 b","Kepler-289",1,2.49000000,0.01164150,,704.43800000
"Kepler-1987 e","Kepler-1987",1,1.92000000,,,595.68300000
"Kepler-291 c","Kepler-291",1,1.88000000,,,1786.48000000
"Kepler-292 e","Kepler-292",1,2.67000000,,,1056.48000000
"Kepler-293 c","Kepler-293",1,3.83000000,,,974.63300000
"Kepler-129 c","Kepler-129",1,2.52000000,0.13529313,"G4 V",408.84500000
"Kepler-298 c","Kepler-298",1,1.93000000,,,518.20400000
"Kepler-508 b","Kepler-508",1,1.64000000,,,324.61800000
"Kepler-299 d","Kepler-299",1,1.86000000,,,1052.24000000
"Kepler-300 b","Kepler-300",1,1.67000000,,,1098.45000000
"Kepler-303 c","Kepler-303",1,1.14000000,,,209.73800000
"Kepler-1152 b","Kepler-1152",1,0.87000000,,,215.23300000
"Kepler-1186 b","Kepler-1186",1,2.23000000,,,1337.25000000
"Kepler-1187 b","Kepler-1187",1,2.61000000,,,1020.53000000
"Kepler-1822 b","Kepler-1822",1,2.64755943,,,897.59700000
"Kepler-1188 b","Kepler-1188",1,2.08000000,,,1717.48000000
"Kepler-1189 b","Kepler-1189",1,1.77000000,,,782.85200000
"Kepler-1190 b","Kepler-1190",1,1.33000000,,,342.50900000
"Kepler-1823 b","Kepler-1823",1,2.08612680,,,724.97100000
"Kepler-1824 b","Kepler-1824",1,2.38127597,,,1040.10000000
"Kepler-520 c","Kepler-520",1,1.07000000,,,623.90100000
"Kepler-126 b","Kepler-126",1,1.52000000,,,237.40100000
"Kepler-1825 b","Kepler-1825",1,1.42200732,,,430.25400000
"Kepler-1191 b","Kepler-1191",1,1.51000000,,,955.53600000
"Kepler-1192 b","Kepler-1192",1,2.36000000,,,1304.19000000
"Kepler-1826 b","Kepler-1826",1,1.47519116,,,336.95200000
"Kepler-1193 b","Kepler-1193",1,1.32000000,,,802.11600000
"Kepler-1827 b","Kepler-1827",1,1.85644292,,,686.46100000
"Kepler-380 b","Kepler-380",1,1.19000000,,,813.71300000
"Kepler-129 b","Kepler-129",1,2.40000000,0.06292704,"G4 V",408.84500000
"Kepler-136 c","Kepler-136",2,1.99000000,,,420.81800000
"Kepler-1194 b","Kepler-1194",1,1.51000000,,,757.38200000
"Kepler-1195 b","Kepler-1195",1,2.08000000,,,918.56600000
"Kepler-1196 b","Kepler-1196",1,2.23000000,,,922.33300000
"Kepler-1197 b","Kepler-1197",1,1.25000000,,,486.94000000
"Kepler-1198 b","Kepler-1198",1,1.47000000,,,743.03000000
"Kepler-1199 b","Kepler-1199",1,1.15000000,,,563.49300000
"Kepler-36 c","Kepler-36",1,3.67900000,0.02243338,,527.95600000
"Kepler-1200 b","Kepler-1200",1,1.06000000,,,588.71500000
"Kepler-138 b","Kepler-138",1,0.64000000,0.00022024,,66.86240000
"Kepler-1201 b","Kepler-1201",1,2.29000000,,,944.24100000
"Kepler-1202 b","Kepler-1202",1,2.94000000,,,1175.38000000
"Kepler-1203 b","Kepler-1203",1,1.06000000,,,317.02200000
"Kepler-1204 b","Kepler-1204",1,3.05000000,,,1175.22000000
"Kepler-1205 b","Kepler-1205",1,1.41000000,,,698.48500000
"Kepler-1828 b","Kepler-1828",1,2.11598626,,,871.81000000
"Kepler-381 c","Kepler-381",1,1.12000000,,,267.32300000
"Kepler-126 d","Kepler-126",1,2.50000000,,,237.40100000
"Kepler-1829 b","Kepler-1829",1,2.47887001,,,679.92100000
"Kepler-139 c","Kepler-139",1,3.38000000,,,391.03800000
"Kepler-1206 b","Kepler-1206",1,1.64000000,,,762.01900000
"Kepler-1207 b","Kepler-1207",1,1.62000000,,,1754.19000000
"Kepler-1830 b","Kepler-1830",1,3.32992941,,,1056.88000000
"Kepler-1831 b","Kepler-1831",1,1.97019818,,,1053.49000000
"Kepler-98 b","Kepler-98",1,1.99000000,0.01100000,,350.31500000
"Kepler-1832 b","Kepler-1832",1,1.22719556,,,486.17400000
"Kepler-141 b","Kepler-141",1,0.69000000,,,301.18300000
"Kepler-430 b","Kepler-430",1,3.25000000,,,917.47700000
"Kepler-1209 b","Kepler-1209",1,1.51000000,,,505.53100000
"Kepler-1833 b","Kepler-1833",1,1.30027362,,,591.60200000
"Kepler-1210 b","Kepler-1210",1,1.70000000,,,1176.53000000
"Kepler-1211 b","Kepler-1211",1,2.55000000,,,1826.53000000
"Kepler-1212 b","Kepler-1212",1,2.14000000,,,1316.57000000
"Kepler-1213 b","Kepler-1213",1,1.19000000,,,807.81200000
"Kepler-382 b","Kepler-382",1,1.32000000,,,935.44600000
"Kepler-142 d","Kepler-142",1,2.16000000,,,548.68600000
"Kepler-1214 b","Kepler-1214",1,2.36000000,,,729.22700000
"Kepler-1215 b","Kepler-1215",1,1.22000000,,,661.02200000
"Kepler-135 b","Kepler-135",1,1.81000000,,,621.85500000
"Kepler-1216 b","Kepler-1216",1,1.39000000,,,1258.36000000
"Kepler-144 c","Kepler-144",1,1.35000000,,,384.91700000
"Kepler-1217 b","Kepler-1217",1,1.99000000,,,1347.71000000
"Kepler-516 b","Kepler-516",1,5.74000000,,,687.09400000
"Kepler-1218 b","Kepler-1218",1,1.44000000,,,840.50300000
"Kepler-1219 b","Kepler-1219",1,2.12000000,,,880.89500000
"Kepler-1220 b","Kepler-1220",1,1.52000000,,,961.90700000
"Kepler-1834 b","Kepler-1834",1,1.45938340,,,500.39500000
"Kepler-145 b","Kepler-145",1,2.65000000,0.11700000,,566.85000000
"Kepler-1655 b","Kepler-1655",1,2.21300000,0.01699030,,213.26000000
"Kepler-1221 b","Kepler-1221",1,1.88000000,,,913.65000000
"Kepler-1222 b","Kepler-1222",1,0.79000000,,,415.21800000
"Kepler-1223 b","Kepler-1223",1,1.22000000,,,459.95700000
"Kepler-1224 b","Kepler-1224",1,1.33000000,,,559.59800000
"Kepler-510 b","Kepler-510",1,2.47000000,,,386.17700000
"Kepler-1225 b","Kepler-1225",1,1.82000000,,,1347.52000000
"Kepler-1226 b","Kepler-1226",1,1.45000000,,,1125.72000000
"Kepler-1227 b","Kepler-1227",1,2.29000000,,,623.70600000
"Kepler-1228 b","Kepler-1228",1,1.54000000,,,515.45300000
"Kepler-1835 b","Kepler-1835",1,3.53387773,,,1404.38000000
"Kepler-383 b","Kepler-383",1,1.32000000,,,
"Kepler-384 b","Kepler-384",1,1.12000000,,,895.67800000
"Kepler-147 b","Kepler-147",1,1.53000000,,,1042.02000000
"Kepler-131 b","Kepler-131",1,2.41000000,0.05100000,,228.67800000
"Kepler-1836 b","Kepler-1836",1,2.55303229,,,1472.62000000
"Kepler-1837 b","Kepler-1837",1,2.06673842,,,1229.18000000
"Kepler-1684 b","Kepler-1684",1,2.87084792,,,621.99600000
"Kepler-1229 b","Kepler-1229",1,1.40000000,,,265.48200000
"Kepler-1230 b","Kepler-1230",1,2.71000000,,,1364.22000000
"Kepler-1231 b","Kepler-1231",1,1.42000000,,,987.23700000
"Kepler-1232 b","Kepler-1232",1,1.93000000,,,632.86500000
"Kepler-1233 b","Kepler-1233",1,2.60000000,,,1178.70000000
"Kepler-1234 b","Kepler-1234",1,2.81000000,,,916.74900000
"Kepler-132 d","Kepler-132",2,1.55000000,,,349.54900000
"Kepler-151 c","Kepler-151",1,2.09000000,,,649.91900000
"Kepler-1235 b","Kepler-1235",1,0.79000000,,,540.60400000
"Kepler-1236 b","Kepler-1236",1,2.14000000,,,999.64000000
"Kepler-385 c","Kepler-385",1,3.04000000,,,1432.61000000
"Kepler-518 b","Kepler-518",1,2.11000000,,,337.90100000
"Kepler-549 b","Kepler-549",1,2.57000000,,,635.14500000
"Kepler-1237 b","Kepler-1237",1,2.86000000,,,1064.31000000
"Kepler-1238 b","Kepler-1238",1,1.93000000,,,1632.13000000
"Kepler-1239 b","Kepler-1239",1,2.90000000,,,2140.60000000
"Kepler-1240 b","Kepler-1240",1,1.15000000,,,862.18600000
"Kepler-386 c","Kepler-386",1,1.58000000,,,882.46200000
"Kepler-99 b","Kepler-99",2,1.48000000,0.01900000,,208.36900000
"Kepler-387 b","Kepler-387",1,1.03000000,,,801.05200000
"Kepler-1241 b","Kepler-1241",1,2.63000000,,,968.72200000
"Kepler-1242 b","Kepler-1242",1,2.26000000,,,687.61500000
"Kepler-1243 b","Kepler-1243",1,1.75000000,,,758.17000000
"Kepler-519 b","Kepler-519",2,2.10000000,,,246.61000000
"Kepler-155 c","Kepler-155",1,2.24000000,,,293.49900000
"Kepler-1244 b","Kepler-1244",1,1.35000000,,,1075.81000000
"Kepler-1245 b","Kepler-1245",1,1.44000000,,,805.93600000
"Kepler-1246 b","Kepler-1246",1,1.36000000,,,436.50500000
"Kepler-1247 b","Kepler-1247",1,2.33000000,,,1045.92000000
"Kepler-520 b","Kepler-520",1,1.66000000,,,623.90100000
"Kepler-1838 b","Kepler-1838",1,1.66049425,,,451.24200000
"Kepler-1248 b","Kepler-1248",1,1.18000000,,,593.02600000
"Kepler-388 b","Kepler-388",1,0.81000000,,,
"Kepler-1839 b","Kepler-1839",1,1.94937590,,,1136.60000000
"Kepler-1249 b","Kepler-1249",1,2.38000000,,,1904.54000000
"Kepler-1840 b","Kepler-1840",1,2.77771129,,,513.10700000
"Kepler-1715 b","Kepler-1715",1,4.14042267,,,522.60500000
"Kepler-1841 b","Kepler-1841",1,1.48912557,,,631.70000000
"Kepler-1250 b","Kepler-1250",1,1.92000000,,,2126.85000000
"Kepler-389 b","Kepler-389",1,1.51000000,,,816.55900000
"Kepler-161 c","Kepler-161",1,2.05000000,,,434.63200000
"Kepler-1842 b","Kepler-1842",1,2.35388681,,,923.55100000
"Kepler-1843 b","Kepler-1843",1,2.70909809,,,784.62500000
"Kepler-1251 b","Kepler-1251",1,1.84000000,,,902.20400000
"Kepler-1252 b","Kepler-1252",1,1.67000000,,,648.97900000
"Kepler-1253 b","Kepler-1253",1,1.33000000,,,514.52400000
"Kepler-1254 b","Kepler-1254",1,1.55000000,,,622.81800000
"Kepler-118 b","Kepler-118",1,1.96000000,,,574.22800000
"Kepler-163 b","Kepler-163",1,1.05000000,,,689.81400000
"Kepler-1255 b","Kepler-1255",1,2.32000000,,,1617.07000000
"Kepler-137 c","Kepler-137",1,1.88000000,,,302.97900000
"Kepler-1256 b","Kepler-1256",1,1.49000000,,,891.19200000
"Kepler-1844 b","Kepler-1844",1,3.03648191,,,1804.36000000
"Kepler-1845 b","Kepler-1845",1,2.43836702,,,710.72400000
"Kepler-1257 b","Kepler-1257",1,1.52000000,,,1105.95000000
"Kepler-1258 b","Kepler-1258",1,0.86000000,,,717.55500000
"Kepler-1259 b","Kepler-1259",1,1.43000000,,,805.56200000
"Kepler-1260 b","Kepler-1260",1,1.77000000,,,1734.43000000
"Kepler-164 e","Kepler-164",1,4.24000000,,,890.75800000
"Kepler-1716 b","Kepler-1716",1,2.42476850,,,195.43900000
"Kepler-1261 b","Kepler-1261",1,2.26000000,,,744.29400000
"Kepler-390 b","Kepler-390",2,0.82000000,,,435.27700000
"Kepler-1846 b","Kepler-1846",1,1.76378826,,,374.61500000
"Kepler-1685 b","Kepler-1685",1,2.57673985,,,1141.89000000
"Kepler-139 b","Kepler-139",1,2.94000000,,,391.03800000
"Kepler-1262 b","Kepler-1262",1,1.82000000,,,1054.87000000
"Kepler-1847 b","Kepler-1847",1,2.74516914,,,1693.86000000
"Kepler-1263 b","Kepler-1263",1,1.14000000,,,664.83000000
"KOI-2513.01","KOI-2513",1,2.80224517,23.00000000,,1369.87000000
"Kepler-111 c","Kepler-111",1,7.08407580,0.70000000,,657.22300000
"Kepler-522 b","Kepler-522",1,6.91000000,,,639.23900000
"Kepler-167 d","Kepler-167",2,1.23800000,,,341.90800000
"Kepler-1264 b","Kepler-1264",1,1.18000000,,,801.99300000
"Kepler-1265 b","Kepler-1265",1,1.35000000,,,583.64100000
"Kepler-1266 b","Kepler-1266",1,2.58000000,,,849.31200000
"Kepler-1848 b","Kepler-1848",1,1.40885390,,,309.69600000
"Kepler-1267 b","Kepler-1267",1,3.01000000,,,1379.43000000
"Kepler-1268 b","Kepler-1268",1,2.03000000,,,1840.77000000
"Kepler-1849 b","Kepler-1849",1,2.38685349,,,631.88400000
"Kepler-169 c","Kepler-169",1,1.21000000,,,406.52900000
"Kepler-1850 b","Kepler-1850",1,0.72909663,,,250.19900000
"Kepler-1851 b","Kepler-1851",1,3.90012032,,,1589.81000000
"Kepler-436 c","Kepler-436",1,2.33000000,,,588.86700000
"Kepler-1269 b","Kepler-1269",1,1.63000000,,,1097.23000000
"Kepler-1852 b","Kepler-1852",1,1.88610592,,,772.48100000
"Kepler-1270 b","Kepler-1270",1,3.32000000,,,1095.05000000
"Kepler-1271 b","Kepler-1271",1,1.48000000,,,831.99100000
"Kepler-1853 b","Kepler-1853",1,1.51862272,,,562.34800000
"Kepler-172 d","Kepler-172",1,2.25000000,,,828.59200000
"Kepler-1272 b","Kepler-1272",1,2.37000000,,,1206.37000000
"Kepler-1854 b","Kepler-1854",1,2.58746104,,,423.34800000
"Kepler-391 b","Kepler-391",1,2.50000000,3.46098705,"K2 III-IV",869.23600000
"Kepler-1855 b","Kepler-1855",1,1.21620500,,,
"Kepler-406 b","Kepler-406",1,1.43000000,0.02000000,,364.03000000
"Kepler-1856 b","Kepler-1856",1,1.73447868,,,848.76000000
"Kepler-1273 b","Kepler-1273",1,2.49000000,,,1114.24000000
"Kepler-1274 b","Kepler-1274",1,1.42000000,,,614.64800000
"Kepler-173 b","Kepler-173",1,1.29000000,,,833.16500000
"Kepler-1857 b","Kepler-1857",1,1.96065412,,,853.27500000
"Kepler-523 b","Kepler-523",1,1.96000000,,,253.29500000
"Kepler-1275 b","Kepler-1275",1,1.48000000,,,1153.98000000
"Kepler-1858 b","Kepler-1858",1,2.42168247,,,833.05500000
"Kepler-1276 b","Kepler-1276",1,1.19000000,,,538.48100000
"Kepler-175 c","Kepler-175",1,3.10000000,,,1312.34000000
"Kepler-1277 b","Kepler-1277",1,1.60000000,,,557.19300000
"Kepler-1686 b","Kepler-1686",1,1.42553017,,,729.82300000
"Kepler-1278 b","Kepler-1278",1,1.01000000,,,889.42600000
"Kepler-1279 b","Kepler-1279",1,1.75000000,,,1494.22000000
"Kepler-1280 b","Kepler-1280",1,1.87000000,,,1486.70000000
"Kepler-180 b","Kepler-180",1,1.50000000,,,695.65000000
"Kepler-140 b","Kepler-140",1,1.61000000,,,583.85900000
"Kepler-182 b","Kepler-182",1,2.58000000,,,1549.09000000
"Kepler-1859 b","Kepler-1859",1,1.58313575,,,1331.25000000
"Kepler-1281 b","Kepler-1281",1,1.64000000,,,
"Kepler-1860 b","Kepler-1860",1,1.13863767,,,438.70300000
"Kepler-1861 b","Kepler-1861",1,2.20677414,,,829.98500000
"Kepler-1998 b","Kepler-1998",1,0.60000000,,,340.96500000
"Kepler-392 b","Kepler-392",1,1.00000000,,,681.42800000
"Kepler-122 d","Kepler-122",1,2.20000000,,,1027.45000000
"Kepler-185 b","Kepler-185",1,1.17000000,,,466.73500000
"Kepler-1282 b","Kepler-1282",1,1.55000000,,,1103.29000000
"Kepler-133 c","Kepler-133",1,2.84000000,,,653.60000000
"Kepler-1283 b","Kepler-1283",1,1.91000000,,,2921.99000000
"Kepler-1687 b","Kepler-1687",1,1.65623882,,,417.01400000
"Kepler-1284 b","Kepler-1284",1,1.21000000,,,882.32400000
"Kepler-1285 b","Kepler-1285",1,0.97000000,,,422.26900000
"Kepler-1286 b","Kepler-1286",1,2.15000000,,,1354.46000000
"Kepler-393 b","Kepler-393",1,1.29000000,,,881.40400000
"Kepler-186 e","Kepler-186",1,1.27000000,,"M1",177.59400000
"Kepler-97 b","Kepler-97",1,1.48000000,0.01100000,,400.90700000
"Kepler-394 b","Kepler-394",1,1.60000000,,,1058.72000000
"Kepler-1287 b","Kepler-1287",1,1.54000000,,,1003.26000000
"KOI-134 b","KOI-134",1,12.03844527,1.09000000,"F9V",1159.21000000
"Kepler-187 b","Kepler-187",1,1.41000000,,,1143.00000000
"Kepler-1288 b","Kepler-1288",1,1.12000000,,,814.07800000
"Kepler-1994 b","Kepler-1994",1,0.51000000,,,241.99100000
"Kepler-1289 b","Kepler-1289",1,1.52000000,,,1053.57000000
"Kepler-512 b","Kepler-512",1,2.69000000,,,467.37500000
"Kepler-1290 b","Kepler-1290",1,1.42000000,,,1593.70000000
"Kepler-189 b","Kepler-189",1,1.21000000,,,591.53400000
"Kepler-1291 b","Kepler-1291",1,1.66000000,,,897.35200000
"Kepler-1292 b","Kepler-1292",1,1.82000000,,,1493.43000000
"Kepler-1862 b","Kepler-1862",1,2.20300000,,,1232.19000000
"Kepler-1293 b","Kepler-1293",1,0.97000000,,,1028.16000000
"Kepler-513 b","Kepler-513",1,2.20000000,,,468.25800000
"Kepler-1294 b","Kepler-1294",1,3.19000000,,,1855.70000000
"Kepler-1295 b","Kepler-1295",1,1.55000000,,,1174.46000000
"Kepler-190 c","Kepler-190",1,1.46000000,,,433.38700000
"Kepler-1652 b","Kepler-1652",1,1.60000000,,,
"Kepler-1296 b","Kepler-1296",1,0.91000000,,,1551.54000000
"Kepler-1297 b","Kepler-1297",1,0.97000000,,,1439.47000000
"Kepler-1863 b","Kepler-1863",1,2.26309256,,,865.54600000
"Kepler-1298 b","Kepler-1298",1,1.31000000,,,544.16300000
"Kepler-514 b","Kepler-514",2,1.72000000,,,455.33600000
"Kepler-1299 b","Kepler-1299",1,2.98000000,,,1404.94000000
"Kepler-1300 b","Kepler-1300",1,1.37000000,,,777.02500000
"Kepler-191 c","Kepler-191",1,1.86000000,,,594.46400000
"Kepler-1864 b","Kepler-1864",1,0.75408365,,,298.89400000
"Kepler-1865 b","Kepler-1865",1,1.57686072,,,922.25500000
"Kepler-450 b","Kepler-450",1,6.14000000,,,455.98200000
"Kepler-1301 b","Kepler-1301",1,1.40000000,,,854.28000000
"Kepler-616 c","Kepler-616",1,3.41000000,,,945.77500000
"Kepler-1302 b","Kepler-1302",1,1.43000000,,,634.58000000
"Kepler-1303 b","Kepler-1303",1,1.42000000,,,897.78300000
"Kepler-395 c","Kepler-395",1,1.32000000,,,421.38200000
"Kepler-132 c","Kepler-132",2,1.28000000,,,349.54900000
"Kepler-1304 b","Kepler-1304",1,2.29000000,,,2176.08000000
"Kepler-1305 b","Kepler-1305",1,1.88000000,,,1575.23000000
"Kepler-1306 b","Kepler-1306",1,1.91000000,,,1107.50000000
"Kepler-619 d","Kepler-619",1,4.17000000,,,900.67800000
"Kepler-1866 b","Kepler-1866",1,2.08215108,,,976.73700000
"Kepler-137 b","Kepler-137",1,1.47000000,,,302.97900000
"Kepler-1307 b","Kepler-1307",1,2.47000000,,,1014.62000000
"Kepler-1308 b","Kepler-1308",1,0.52000000,,,112.70500000
"Kepler-1867 b","Kepler-1867",1,1.15985997,,,680.58300000
"Kepler-1309 b","Kepler-1309",1,2.37000000,,,
"Kepler-51 d","Kepler-51",1,9.70000000,0.02400000,,783.83100000
"Kepler-1310 b","Kepler-1310",1,1.44000000,,,569.18500000
"Kepler-132 b","Kepler-132",2,1.21000000,,,349.54900000
"Kepler-396 c","Kepler-396",1,5.30000000,0.05600000,,223.75700000
"Kepler-1311 d","Kepler-1311",1,9.65837605,,,866.33100000
"Kepler-1312 b","Kepler-1312",1,2.10000000,,,299.10400000
"Kepler-51 c","Kepler-51",1,9.00000000,0.01300000,,783.83100000
"Kepler-517 b","Kepler-517",2,2.67000000,,,289.90700000
"Kepler-1313 b","Kepler-1313",1,1.76000000,,,174.23400000
"Kepler-397 c","Kepler-397",1,6.18000000,,,
"Kepler-122 e","Kepler-122",1,2.60000000,,,1027.45000000
"Kepler-198 c","Kepler-198",1,2.47000000,,,495.35800000
"Kepler-92 b","Kepler-92",1,3.51000000,0.20200000,,477.99200000
"Kepler-1868 b","Kepler-1868",1,3.14950109,,,274.18000000
"Kepler-1869 c","Kepler-1869",1,0.74000000,,,113.02500000
"Kepler-1314 b","Kepler-1314",1,5.11000000,,,
"Kepler-1870 b","Kepler-1870",1,2.10143764,,,407.21600000
"Kepler-398 b","Kepler-398",1,0.93000000,,,177.35500000
"Kepler-1315 b","Kepler-1315",1,1.38000000,,,480.86900000
"Kepler-201 c","Kepler-201",1,2.85000000,,,636.44500000
"Kepler-1316 b","Kepler-1316",1,3.54000000,,,800.87100000
"Kepler-1317 b","Kepler-1317",1,1.56000000,,,728.30300000
"Kepler-1318 b","Kepler-1318",1,3.11000000,,,475.24800000
"Kepler-445 c","Kepler-445",1,2.51000000,,"M4",127.20100000
"Kepler-136 b","Kepler-136",2,2.05000000,,,420.81800000
"Kepler-1319 b","Kepler-1319",2,1.34000000,,,103.91700000
"Kepler-203 d","Kepler-203",1,1.44000000,,,703.30200000
"Kepler-399 d","Kepler-399",1,1.89000000,,,740.53700000
"Kepler-1320 b","Kepler-1320",1,1.70000000,,,647.42400000
"Kepler-400 b","Kepler-400",1,1.65000000,,,845.97000000
"Kepler-138 c","Kepler-138",1,1.51000000,0.00723661,,66.86240000
"Kepler-401 b","Kepler-401",1,1.71000000,,,965.56000000
"Kepler-1321 b","Kepler-1321",1,4.92000000,,,769.14600000
"Kepler-204 c","Kepler-204",1,1.79000000,,,686.72300000
"Kepler-1322 b","Kepler-1322",1,1.61000000,,,1350.32000000
"Kepler-1323 b","Kepler-1323",1,1.52000000,,,465.41700000
"Kepler-1324 b","Kepler-1324",1,1.51000000,,,481.66700000
"Kepler-1325 b","Kepler-1325",1,2.86000000,,,973.36800000
"Kepler-402 c","Kepler-402",1,1.56000000,,,625.33900000
"Kepler-1871 b","Kepler-1871",1,2.42172881,,,854.62300000
"Kepler-206 b","Kepler-206",1,1.20000000,,,594.44700000
"Kepler-1326 b","Kepler-1326",1,4.18000000,,,698.32600000
"Kepler-1327 b","Kepler-1327",1,1.80000000,,,678.06900000
"Kepler-1328 b","Kepler-1328",1,0.98000000,,,813.54300000
"Kepler-403 b","Kepler-403",1,1.25000000,,,840.26900000
"Kepler-1688 b","Kepler-1688",1,1.26174569,,,
"Kepler-1872 b","Kepler-1872",1,2.38421141,,,840.18200000
"Kepler-1873 b","Kepler-1873",1,1.62573811,,,820.95700000
"Kepler-208 c","Kepler-208",1,1.39000000,,,775.32800000
"Kepler-1329 b","Kepler-1329",1,2.17000000,,,588.03700000
"Kepler-1330 b","Kepler-1330",1,1.65000000,,,1720.48000000
"Kepler-1714 b","Kepler-1714",1,3.26437302,,,409.46000000
"Kepler-1331 b","Kepler-1331",1,1.05000000,,,319.19700000
"Kepler-1332 b","Kepler-1332",1,1.37000000,,,528.68500000
"Kepler-1333 b","Kepler-1333",1,2.81000000,,,932.44600000
"Kepler-1334 b","Kepler-1334",1,2.29000000,,,1223.04000000
"Kepler-211 b","Kepler-211",1,1.26000000,,,309.35300000
"Kepler-1335 b","Kepler-1335",1,1.45000000,,,621.85300000
"Kepler-1336 b","Kepler-1336",1,1.98000000,,,1126.64000000
"Kepler-1337 b","Kepler-1337",1,2.41000000,,,601.62900000
"Kepler-1338 b","Kepler-1338",1,0.92000000,,,753.26000000
"Kepler-1339 b","Kepler-1339",1,0.71000000,,,371.04900000
"Kepler-1689 b","Kepler-1689",1,0.94678642,,,294.12200000
"Kepler-212 b","Kepler-212",1,1.09000000,,,687.19400000
"Kepler-1340 b","Kepler-1340",1,1.55000000,,,981.77900000
"Kepler-1690 b","Kepler-1690",1,2.81109223,,,703.78900000
"Kepler-1874 b","Kepler-1874",1,2.21110724,,,408.00700000
"Kepler-1341 b","Kepler-1341",2,2.99000000,,,476.95700000
"Kepler-213 c","Kepler-213",1,2.34000000,,,634.93900000
"Kepler-511 c","Kepler-511",1,4.20964327,,,651.99900000
"Kepler-404 b","Kepler-404",1,1.27000000,,,812.52400000
"Kepler-215 c","Kepler-215",1,1.77000000,,,485.99700000
"Kepler-1342 b","Kepler-1342",1,1.66000000,,,890.72400000
"Kepler-1875 b","Kepler-1875",1,3.22686692,,,1660.45000000
"Kepler-1343 b","Kepler-1343",1,1.93000000,,,1756.71000000
"Kepler-1344 b","Kepler-1344",1,1.84000000,,,853.95900000
"Kepler-122 f","Kepler-122",1,1.75000000,0.11300000,,1027.45000000
"Kepler-134 b","Kepler-134",1,2.00000000,,,334.79700000
"Kepler-221 d","Kepler-221",1,2.73000000,,,385.23100000
"Kepler-1345 b","Kepler-1345",1,2.36000000,,,1355.02000000
"Kepler-1346 b","Kepler-1346",1,1.58000000,,,843.70100000
"Kepler-1347 b","Kepler-1347",1,1.03000000,,,
"Kepler-1348 b","Kepler-1348",1,1.94000000,,,1213.82000000
"Kepler-1349 b","Kepler-1349",1,0.70000000,,,276.32300000
"Kepler-1350 b","Kepler-1350",1,2.52000000,,,340.69100000
"Kepler-515 b","Kepler-515",2,1.46000000,,,
"Kepler-221 e","Kepler-221",1,2.63000000,,,385.23100000
"Kepler-1351 b","Kepler-1351",1,0.65000000,,,202.78200000
"Kepler-1876 b","Kepler-1876",1,0.85300000,0.00755124,,259.93500000
"Kepler-1691 b","Kepler-1691",1,1.83470985,,,1267.67000000
"Kepler-1877 b","Kepler-1877",1,0.62408600,,,285.31200000
"Kepler-521 b","Kepler-521",1,3.18000000,,,830.63800000
"Kepler-1352 b","Kepler-1352",1,0.89000000,,,670.82900000
"Kepler-221 b","Kepler-221",1,1.71000000,,,385.23100000
"Kepler-1353 b","Kepler-1353",1,1.80000000,,,593.38400000
"Kepler-1354 b","Kepler-1354",1,2.97000000,,,1119.45000000
"Kepler-130 c","Kepler-130",2,2.90000000,,,316.66300000
"Kepler-224 e","Kepler-224",1,1.97000000,,,782.08800000
"Kepler-1355 b","Kepler-1355",1,1.46000000,,,911.26900000
"Kepler-1356 b","Kepler-1356",1,1.53000000,,,845.22800000
"Kepler-1357 b","Kepler-1357",1,1.28000000,,,1015.69000000
"Kepler-462 c","Kepler-462",1,4.00000000,0.01887802,,596.62500000
"Kepler-1878 b","Kepler-1878",1,2.92019781,,,1494.30000000
"Kepler-226 d","Kepler-226",1,1.22000000,,,980.13800000
"Kepler-1358 b","Kepler-1358",1,1.12000000,,,546.99800000
"Kepler-1359 b","Kepler-1359",1,2.83000000,,,614.85900000
"Kepler-1879 b","Kepler-1879",1,2.06512018,,,627.17100000
"Kepler-1360 b","Kepler-1360",1,3.40000000,,,1516.27000000
"Kepler-1361 b","Kepler-1361",1,0.86000000,,,389.14300000
"Kepler-1362 b","Kepler-1362",1,2.60000000,,,731.29800000
"Kepler-1880 b","Kepler-1880",1,2.11686218,,,611.04100000
"Kepler-52 d","Kepler-52",1,1.95000000,,,321.54200000
"Kepler-1363 b","Kepler-1363",1,1.25000000,,,541.71400000
"Kepler-1364 b","Kepler-1364",1,2.15000000,,,1056.90000000
"Kepler-1365 b","Kepler-1365",1,0.92000000,,,840.12800000
"Kepler-1366 b","Kepler-1366",1,1.43000000,,,465.82600000
"Kepler-525 b","Kepler-525",1,2.63000000,,,992.85200000
"Kepler-1881 b","Kepler-1881",1,2.98104391,,,1057.21000000
"Kepler-446 b","Kepler-446",1,1.50000000,,"M4",96.33900000
"Kepler-1367 b","Kepler-1367",1,0.92000000,,,401.48400000
"Kepler-231 b","Kepler-231",1,1.73000000,,,316.61800000
"Kepler-1882 b","Kepler-1882",1,1.48674404,,,443.37100000
"Kepler-526 b","Kepler-526",1,1.99000000,,,666.14600000
"Kepler-1692 b","Kepler-1692",1,1.11177184,,,591.01900000
"Kepler-1985 b","Kepler-1985",1,2.27000000,,,
"Kepler-1368 b","Kepler-1368",1,1.65000000,,,1635.82000000
"Kepler-235 c","Kepler-235",1,1.28000000,,,428.01800000
"Kepler-1369 b","Kepler-1369",1,2.69000000,,,1236.56000000
"Kepler-1370 b","Kepler-1370",1,1.84000000,,,1004.10000000
"Kepler-527 b","Kepler-527",1,2.84000000,,,750.04000000
"Kepler-1371 b","Kepler-1371",1,0.73000000,,,515.33400000
"Kepler-1883 b","Kepler-1883",1,3.25107395,,,1377.61000000
"Kepler-1372 b","Kepler-1372",1,1.27000000,,,1303.22000000
"Kepler-236 b","Kepler-236",1,1.57000000,,,288.76300000
"Kepler-1373 b","Kepler-1373",1,1.16000000,,,1699.46000000
"Kepler-1374 b","Kepler-1374",1,2.29000000,,,1078.46000000
"Kepler-1375 b","Kepler-1375",1,1.74000000,,,1430.84000000
"Kepler-1693 b","Kepler-1693",1,1.28938413,,,760.06500000
"Kepler-237 b","Kepler-237",1,1.41000000,,,657.82200000
"Kepler-528 b","Kepler-528",1,2.08000000,,,784.23000000
"Kepler-1376 b","Kepler-1376",1,1.05000000,,,868.05600000
"Kepler-1694 b","Kepler-1694",1,1.17986031,,,513.32900000
"Kepler-1377 b","Kepler-1377",1,1.25000000,,,1146.10000000
"Kepler-1378 b","Kepler-1378",1,2.20000000,,,506.43400000
"Kepler-141 c","Kepler-141",1,1.41000000,,,301.18300000
"Kepler-123 c","Kepler-123",1,1.48000000,,,1021.66000000
"Kepler-239 c","Kepler-239",1,2.51000000,,,648.10900000
"Kepler-1379 b","Kepler-1379",1,1.30000000,,,971.32500000
"Kepler-1884 b","Kepler-1884",1,1.81406781,,,1443.09000000
"Kepler-529 b","Kepler-529",1,1.86000000,,,799.00800000
"Kepler-1380 b","Kepler-1380",1,1.43000000,,,2462.94000000
"Kepler-243 c","Kepler-243",1,1.99000000,,,693.86000000
"Kepler-1381 b","Kepler-1381",1,2.25000000,,,1197.04000000
"Kepler-1382 b","Kepler-1382",1,1.88000000,,,738.26100000
"Kepler-245 c","Kepler-245",1,2.18000000,,,861.52700000
"Kepler-1383 b","Kepler-1383",1,1.41000000,,,1027.21000000
"Kepler-1384 b","Kepler-1384",1,1.94000000,,,
"Kepler-414 c","Kepler-414",1,3.01000000,0.09400000,,413.46000000
"Kepler-1385 b","Kepler-1385",1,0.85000000,,,688.79500000
"Kepler-46 d","Kepler-46",1,1.64000000,,,777.06000000
"Kepler-1885 b","Kepler-1885",1,1.51110555,,,818.48200000
"Kepler-1386 b","Kepler-1386",1,1.24000000,,,835.88200000
"Kepler-142 c","Kepler-142",1,2.86000000,,,548.68600000
"Kepler-1387 b","Kepler-1387",1,0.93000000,,,455.35800000
"Kepler-246 c","Kepler-246",1,1.50000000,,,626.07800000
"Kepler-1388 b","Kepler-1388",1,2.59000000,,,453.79500000
"Kepler-530 b","Kepler-530",2,3.01000000,,,457.70900000
"Kepler-1389 b","Kepler-1389",1,1.77000000,,,497.09300000
"Kepler-54 c","Kepler-54",1,1.23000000,,,271.70100000
"Kepler-1390 b","Kepler-1390",1,1.18000000,,,723.43100000
"Kepler-716 c","Kepler-716",1,1.39281536,,,635.00900000
"Kepler-55 c","Kepler-55",1,2.21000000,,,578.79600000
"Kepler-531 b","Kepler-531",1,2.78000000,,,252.76200000
"Kepler-250 d","Kepler-250",1,2.18000000,,,760.58500000
"Kepler-251 e","Kepler-251",1,2.77000000,,,924.62500000
"Kepler-26 e","Kepler-26",1,2.41000000,,,335.30700000
"Kepler-252 b","Kepler-252",1,1.23000000,,,379.42400000
"Kepler-255 b","Kepler-255",1,1.55000000,,,1052.53000000
"Kepler-256 d","Kepler-256",1,2.48000000,,,1026.43000000
"Kepler-258 c","Kepler-258",1,3.61000000,,,575.98800000
"Kepler-260 c","Kepler-260",1,1.74000000,,,627.36500000
"Kepler-532 b","Kepler-532",1,2.57000000,,,312.79800000
"Kepler-261 c","Kepler-261",1,2.00000000,,,317.49900000
"Kepler-264 c","Kepler-264",1,2.83000000,,,942.17300000
"Kepler-125 c","Kepler-125",1,0.74000000,,,183.36500000
"Kepler-755 c","Kepler-755",2,1.26000000,,,399.03400000
"Kepler-265 b","Kepler-265",1,1.86000000,,,1280.25000000
"Kepler-758 d","Kepler-758",1,2.12000000,,,1502.32000000
"Kepler-266 c","Kepler-266",1,3.89000000,,,1370.79000000
"Kepler-267 c","Kepler-267",1,2.13000000,,,264.99300000
"Kepler-533 b","Kepler-533",1,3.38000000,,,302.95500000
"Kepler-269 c","Kepler-269",1,1.69000000,,,2257.32000000
"Kepler-272 d","Kepler-272",1,2.25000000,,,889.60800000
"Kepler-275 d","Kepler-275",1,3.33000000,,,2034.25000000
"Kepler-206 d","Kepler-206",1,1.19000000,,,594.44700000
"Kepler-208 e","Kepler-208",1,1.48000000,,,775.32800000
"Kepler-344 c","Kepler-344",1,2.95000000,,,1002.94000000
"Kepler-345 b","Kepler-345",1,0.74000000,,,
"Kepler-524 b","Kepler-524",1,1.91000000,,,1058.24000000
"Kepler-346 c","Kepler-346",1,3.07000000,,,984.10500000
"Kepler-1050 c","Kepler-1050",1,1.48000000,,,490.48800000
"Kepler-349 c","Kepler-349",1,1.96000000,,,940.72400000
"Kepler-350 d","Kepler-350",1,2.80000000,0.04700000,,956.85900000
"Kepler-350 b","Kepler-350",1,1.85000000,,,956.85900000
"Kepler-351 b","Kepler-351",1,3.06000000,,,1083.91000000
"Kepler-352 b","Kepler-352",1,0.86000000,,,252.73300000
"Kepler-267 d","Kepler-267",1,2.27000000,,,264.99300000
"Kepler-353 b","Kepler-353",2,0.89000000,,,384.69400000
"Kepler-1664 b","Kepler-1664",1,3.03320653,,,626.69100000
"Kepler-85 c","Kepler-85",1,1.97800000,0.00676466,,765.02500000
"Kepler-85 d","Kepler-85",1,1.20000000,,,765.02500000
"Kepler-85 e","Kepler-85",1,1.27000000,,,765.02500000
"Kepler-354 d","Kepler-354",1,1.24000000,,,554.06400000
"Kepler-355 b","Kepler-355",1,1.46000000,,,1432.17000000
"Kepler-356 b","Kepler-356",1,1.57000000,,,707.55900000
"Kepler-357 b","Kepler-357",1,1.84000000,,,688.57300000
"Kepler-357 c","Kepler-357",1,2.67000000,,,688.57300000
"Kepler-358 b","Kepler-358",1,2.72000000,,,1101.10000000
"Kepler-60 c","Kepler-60",1,1.90000000,0.01211339,,1025.10000000
"Kepler-60 d","Kepler-60",1,1.99000000,0.01308876,,1025.10000000
"Kepler-359 b","Kepler-359",1,3.53000000,,,1443.21000000
"Kepler-360 c","Kepler-360",1,2.10000000,,,876.04400000
"Kepler-417 b","Kepler-417",1,2.31000000,0.03500000,,973.98900000
"Kepler-363 c","Kepler-363",1,1.69000000,,,762.59600000
"Kepler-363 b","Kepler-363",1,1.16000000,,,762.59600000
"Kepler-364 b","Kepler-364",1,1.55000000,,,891.46200000
"Kepler-272 b","Kepler-272",1,1.43000000,,,889.60800000
"KOI-351 h","KOI-351",1,,0.63870943,,848.25400000
"Kepler-366 c","Kepler-366",1,1.79000000,,,1856.28000000
"Kepler-1130 c","Kepler-1130",2,0.79239584,,,249.34300000
"Kepler-1130 d","Kepler-1130",2,0.64472273,,,249.34300000
"Kepler-367 c","Kepler-367",1,1.20000000,,,188.02700000
"Kepler-1802 c","Kepler-1802",1,2.32200000,,,636.69400000
"Kepler-1802 b","Kepler-1802",1,1.67100000,,,636.69400000
"Kepler-143 c","Kepler-143",1,3.37000000,,,809.46700000
"Kepler-415 b","Kepler-415",1,1.21000000,0.37700000,,530.48700000
"Kepler-369 b","Kepler-369",1,1.13000000,,,
"Kepler-370 b","Kepler-370",1,1.59000000,,,1167.94000000
"Kepler-373 c","Kepler-373",1,1.24000000,,,1090.45000000
"Kepler-374 d","Kepler-374",1,1.31000000,,,1265.61000000
"Kepler-374 b","Kepler-374",1,1.03000000,,,1265.61000000
"Kepler-375 b","Kepler-375",1,1.45000000,,,1238.81000000
"Kepler-534 b","Kepler-534",1,2.24000000,,,570.65900000
"Kepler-376 b","Kepler-376",1,1.07000000,,,923.06700000
"Kepler-377 b","Kepler-377",1,1.39000000,,,823.80400000
"Kepler-380 c","Kepler-380",1,1.27000000,,,813.71300000
"Kepler-381 b","Kepler-381",1,0.99000000,,,267.32300000
"Kepler-535 b","Kepler-535",1,2.36000000,,,685.59900000
"Kepler-381 d","Kepler-381",1,1.06678650,,,267.32300000
"Kepler-1208 b","Kepler-1208",1,2.32000000,,,825.17600000
"Kepler-1987 c","Kepler-1987",1,1.33000000,,,595.68300000
"Kepler-382 c","Kepler-382",1,1.59000000,,,935.44600000
"Kepler-383 c","Kepler-383",1,1.24000000,,,
"Kepler-384 c","Kepler-384",1,1.13000000,,,895.67800000
"Kepler-385 b","Kepler-385",1,2.73000000,,,1432.61000000
"Kepler-387 c","Kepler-387",1,0.89000000,,,801.05200000
"Kepler-536 b","Kepler-536",1,3.10000000,,,462.32200000
"Kepler-388 c","Kepler-388",1,0.86000000,,,
"Kepler-1266 c","Kepler-1266",1,1.68023962,,,849.31200000
"Kepler-1987 b","Kepler-1987",1,1.23000000,,,595.68300000
"Kepler-393 c","Kepler-393",1,1.33000000,,,881.40400000
"Kepler-394 c","Kepler-394",1,1.66000000,,,1058.72000000
"Kepler-394 d","Kepler-394",1,1.50066814,,,1058.72000000
"Kepler-292 c","Kepler-292",1,1.47000000,,,1056.48000000
"Kepler-395 b","Kepler-395",1,1.03000000,,,421.38200000
"Kepler-292 b","Kepler-292",1,1.32000000,,,1056.48000000
"Kepler-245 e","Kepler-245",1,1.75000000,,,861.52700000
"Kepler-298 d","Kepler-298",1,2.50000000,,,518.20400000
"Kepler-299 b","Kepler-299",1,1.32000000,,,1052.24000000
"Kepler-301 d","Kepler-301",1,1.75000000,,,719.16600000
"Kepler-301 c","Kepler-301",1,1.35000000,,,719.16600000
"Kepler-59 b","Kepler-59",1,1.10000000,,,1163.22000000
"Kepler-304 d","Kepler-304",1,2.75000000,,,434.68400000
"Kepler-304 c","Kepler-304",1,2.17000000,,,434.68400000
"Kepler-304 e","Kepler-304",1,1.20000000,,,434.68400000
"Kepler-305 c","Kepler-305",1,3.30000000,0.01900000,,868.47700000
"Kepler-54 d","Kepler-54",1,1.53000000,,,271.70100000
"Kepler-537 b","Kepler-537",1,1.41000000,,,439.40000000
"Kepler-305 e","Kepler-305",1,1.79381530,,,868.47700000
"Kepler-305 d","Kepler-305",1,2.76000000,0.01950738,,868.47700000
"Kepler-306 d","Kepler-306",1,2.47000000,,,775.67900000
"Kepler-306 e","Kepler-306",1,2.27000000,,,775.67900000
"Kepler-307 c","Kepler-307",1,2.20000000,0.01145266,,575.58100000
"Kepler-84 e","Kepler-84",1,2.60000000,,,1023.90000000
"Kepler-84 d","Kepler-84",1,1.38000000,,,1023.90000000
"Kepler-84 f","Kepler-84",1,2.20000000,,,1023.90000000
"Kepler-310 d","Kepler-310",1,2.47000000,,,602.26800000
"Kepler-414 b","Kepler-414",1,1.71000000,0.01100000,,413.46000000
"Kepler-55 e","Kepler-55",1,1.55000000,,,578.79600000
"Kepler-310 b","Kepler-310",1,1.19000000,,,602.26800000
"Kepler-903 c","Kepler-903",1,2.53000000,,,1369.24000000
"Kepler-311 c","Kepler-311",1,1.43000000,,,778.65400000
"Kepler-913 c","Kepler-913",1,3.85807090,,,991.61800000
"Kepler-313 c","Kepler-313",1,2.57000000,,,
"Kepler-142 b","Kepler-142",1,1.99000000,,,548.68600000
"Kepler-314 b","Kepler-314",1,0.83000000,,,268.88100000
"Kepler-55 f","Kepler-55",1,1.59000000,,,578.79600000
"Kepler-316 b","Kepler-316",1,1.06000000,,,384.93800000
"Kepler-949 c","Kepler-949",1,2.97000000,,,486.10500000
"Kepler-317 c","Kepler-317",1,1.72000000,,,940.58400000
"Kepler-318 c","Kepler-318",1,3.68000000,,,489.14100000
"Kepler-411 b","Kepler-411",2,2.40100000,0.08054620,"K2 V",153.67600000
"Kepler-319 d","Kepler-319",1,2.29000000,,,503.43600000
"Kepler-319 b","Kepler-319",1,1.63000000,,,503.43600000
"Kepler-321 b","Kepler-321",1,1.77000000,,,384.54200000
"Kepler-322 b","Kepler-322",1,1.01000000,,,400.48000000
"Kepler-323 b","Kepler-323",1,1.38100000,0.01227077,,454.88300000
"Kepler-250 b","Kepler-250",1,1.13000000,,,760.58500000
"Kepler-324 b","Kepler-324",1,1.14000000,,,501.57400000
"KOI-1831 d","Kepler-324",1,1.13000000,0.00701636,,501.57400000
"Kepler-324 e","Kepler-324",1,2.03862444,,,501.57400000
"Kepler-325 c","Kepler-325",1,2.54000000,,,823.24200000
"Kepler-325 d","Kepler-325",1,2.79000000,,,823.24200000
"Kepler-326 b","Kepler-326",1,1.52000000,,,487.67500000
"Kepler-326 d","Kepler-326",1,1.21000000,,,487.67500000
"Kepler-975 c","Kepler-975",1,10.69000000,,,426.08800000
"Kepler-256 b","Kepler-256",1,1.59000000,,,1026.43000000
"Kepler-416 c","Kepler-416",1,,,,690.81900000
"Kepler-416 d","Kepler-416",1,1.61000000,,,690.81900000
"Kepler-327 d","Kepler-327",1,1.73000000,,,241.98700000
"Kepler-327 c","Kepler-327",1,1.03000000,,,241.98700000
"Kepler-1996 b","Kepler-1996",1,2.26000000,,,440.56100000
"Kepler-329 b","Kepler-329",1,1.40000000,,,439.71900000
"Kepler-11 f","Kepler-11",1,2.49000000,0.00600000,,646.34600000
"Kepler-1001 c","Kepler-1001",1,1.57799279,,,928.97800000
"Kepler-330 b","Kepler-330",1,1.35000000,,,717.52700000
"Kepler-331 c","Kepler-331",1,1.84000000,,,580.11900000
"Kepler-256 e","Kepler-256",1,2.35000000,,,1026.43000000
"Kepler-331 d","Kepler-331",1,1.64000000,,,580.11900000
"Kepler-333 c","Kepler-333",2,1.11000000,,,324.41300000
"Kepler-334 b","Kepler-334",1,1.12000000,,,426.59000000
"Kepler-334 d","Kepler-334",1,1.41000000,,,426.59000000
"Kepler-336 c","Kepler-336",1,2.10000000,,,768.86000000
"Kepler-138 d","Kepler-138",1,1.51000000,0.00660734,,66.86240000
"Kepler-336 b","Kepler-336",1,1.02000000,,,768.86000000
"Kepler-337 b","Kepler-337",1,1.54000000,,,677.97500000
"Kepler-338 c","Kepler-338",1,2.34000000,,,552.79800000
"Kepler-338 d","Kepler-338",1,3.00000000,,,552.79800000
"Kepler-758 e","Kepler-758",1,1.53000000,,,1502.32000000
"Kepler-338 e","Kepler-338",1,1.56000000,0.02700000,,552.79800000
"Kepler-339 d","Kepler-339",1,1.17000000,,,616.63700000
"Kepler-339 c","Kepler-339",1,1.15000000,,,616.63700000
"Kepler-341 d","Kepler-341",1,1.85000000,,,1047.03000000
"Kepler-341 b","Kepler-341",1,1.18000000,,,1047.03000000
"Kepler-341 e","Kepler-341",1,1.99000000,,,1047.03000000
"Kepler-342 d","Kepler-342",1,2.49000000,,,781.61100000
"Kepler-35 b","Kepler-35",2,8.16000000,0.12700000,,1819.17000000
"Kepler-461 b","Kepler-461",1,2.58000000,,,692.15800000
"Kepler-38 b","Kepler-38",2,4.30000000,0.38400000,"G4 V",1174.59000000
"Kepler-230 c","Kepler-230",1,2.04000000,,,740.75400000
"Kepler-233 c","Kepler-233",1,2.71000000,,,856.41700000
"Kepler-106 d","Kepler-106",1,0.95000000,0.02548532,,444.32200000
"Kepler-238 f","Kepler-238",1,2.00000000,0.04200000,,1798.75000000
"Kepler-27 d","Kepler-27",1,2.70619460,,,1044.36000000
"Kepler-81 d","Kepler-81",1,1.21000000,,,348.29100000
"Kepler-722 c","Kepler-722",1,2.82000000,,,1239.50000000
"Kepler-32 f","Kepler-32",1,0.82000000,,,323.84700000
"Kepler-262 b","Kepler-262",1,1.36000000,,,613.12900000
"Kepler-263 c","Kepler-263",1,2.47000000,,,754.74700000
"Kepler-265 e","Kepler-265",1,2.59000000,,,1280.25000000
"Kepler-265 d","Kepler-265",1,2.49000000,,,1280.25000000
"Kepler-763 c","Kepler-763",1,1.42000000,,,962.45900000
"Kepler-763 b","Kepler-763",1,1.22000000,,,962.45900000
"Kepler-24 e","Kepler-24",1,2.78000000,,,1156.81000000
"Kepler-22 b","Kepler-22",1,2.10000000,0.02863180,,194.64200000
"Kepler-24 d","Kepler-24",1,1.67000000,,,1156.81000000
"Kepler-769 c","Kepler-769",1,1.79000000,,,1169.57000000
"Kepler-770 c","Kepler-770",1,1.20000000,,,930.45700000
"Kepler-770 d","Kepler-770",1,1.40000000,,,930.45700000
"Kepler-270 c","Kepler-270",1,1.77000000,,,948.78100000
"Kepler-783 b","Kepler-783",1,0.78000000,,,516.09000000
"Kepler-784 c","Kepler-784",1,1.55000000,,,1303.72000000
"Kepler-79 e","Kepler-79",1,3.53000000,0.01195614,,1020.72000000
"Kepler-279 d","Kepler-279",1,3.10000000,0.11800000,,1037.40000000
"Kepler-281 d","Kepler-281",1,5.93747806,,,1745.45000000
"Kepler-282 b","Kepler-282",1,1.01000000,,,1337.61000000
"Kepler-282 c","Kepler-282",1,1.20000000,,,1337.61000000
"Kepler-283 c","Kepler-283",1,1.82000000,,,468.09400000
"Kepler-286 e","Kepler-286",1,1.77000000,,,1226.85000000
"Kepler-288 d","Kepler-288",1,2.67000000,,,1194.15000000
"Kepler-58 d","Kepler-58",1,2.94000000,,,969.25200000
"Kepler-58 e","Kepler-58",1,1.61000000,,,969.25200000
"Kepler-290 d","Kepler-290",1,0.86000000,,,694.62700000
"Kepler-295 c","Kepler-295",1,1.17000000,,,1699.19000000
"Kepler-101 b","Kepler-101",1,5.77000000,0.16000000,"G3 IV",927.98100000
"Kepler-295 d","Kepler-295",1,1.36000000,,,1699.19000000
"Kepler-299 e","Kepler-299",1,1.87000000,,,1052.24000000
"Kepler-1669 d","Kepler-1669",1,1.22000000,,,543.44400000
"Kepler-69 c","Kepler-69",1,1.71000000,,"G4 V",730.62500000
"Kepler-864 c","Kepler-864",1,1.62000000,,,2022.90000000
"Kepler-865 c","Kepler-865",1,0.89000000,,,586.13700000
"Kepler-887 c","Kepler-887",1,1.13000000,,,886.58800000
"KIC 9663113 b","KIC 9663113",1,4.60000000,,,1594.74000000
"Kepler-87 c","Kepler-87",1,6.14000000,0.02000000,,1232.90000000
"Kepler-896 b","Kepler-896",1,2.53000000,,,2334.93000000
"Kepler-308 c","Kepler-308",1,2.16000000,,,1335.92000000
"Kepler-495 c","Kepler-495",1,1.21936414,,,658.92400000
"Kepler-501 c","Kepler-501",1,1.68119739,,,1125.24000000
"Kepler-124 d","Kepler-124",1,1.11000000,,,420.04600000
"Kepler-124 b","Kepler-124",1,0.73000000,,,420.04600000
"Kepler-2000 c","Kepler-2000",1,1.57000000,,,320.58800000
"Kepler-396 b","Kepler-396",1,3.50000000,0.23800000,,223.75700000
"Kepler-1311 b","Kepler-1311",1,1.24000000,,,866.33100000
"Kepler-1311 c","Kepler-1311",1,1.22000000,,,866.33100000
"Kepler-1312 c","Kepler-1312",1,1.02732734,,,299.10400000
"Kepler-397 b","Kepler-397",1,2.46000000,,,
"Kepler-1869 b","Kepler-1869",1,1.11955354,,,113.02500000
"Kepler-398 c","Kepler-398",1,1.01000000,,,177.35500000
"Kepler-398 d","Kepler-398",1,0.88000000,,,177.35500000
"Kepler-1315 c","Kepler-1315",1,1.84398883,,,480.86900000
"Kepler-445 b","Kepler-445",1,1.58000000,,"M4",127.20100000
"Kepler-399 b","Kepler-399",1,0.96000000,,,740.53700000
"Kepler-399 c","Kepler-399",1,1.43000000,,,740.53700000
"Kepler-126 c","Kepler-126",1,1.58000000,,,237.40100000
"Kepler-400 c","Kepler-400",1,1.49000000,,,845.97000000
"Kepler-401 c","Kepler-401",1,2.15000000,,,965.56000000
"Kepler-1321 c","Kepler-1321",1,2.40000000,,,769.14600000
"Kepler-1321 d","Kepler-1321",1,2.62843782,,,769.14600000
"Kepler-1322 c","Kepler-1322",1,2.15492527,,,1350.32000000
"Kepler-402 e","Kepler-402",1,1.46000000,,,625.33900000
"Kepler-402 b","Kepler-402",1,1.22000000,,,625.33900000
"Kepler-402 d","Kepler-402",1,1.38000000,,,625.33900000
"Kepler-403 c","Kepler-403",1,1.75000000,,,840.26900000
"Kepler-1336 c","Kepler-1336",1,1.71000000,,,1126.64000000
"Kepler-404 c","Kepler-404",1,1.72000000,,,812.52400000
"Kepler-1365 c","Kepler-1365",1,0.80000000,,,840.12800000
"Kepler-446 d","Kepler-446",1,1.35000000,,"M4",96.33900000
"Kepler-127 b","Kepler-127",1,1.40000000,,,352.79400000
"Kepler-1370 c","Kepler-1370",1,1.27000000,,,1004.10000000
"Kepler-1371 c","Kepler-1371",1,0.64000000,,,515.33400000
"Kepler-1693 c","Kepler-1693",1,0.97698289,,,760.06500000
"Kepler-11 g","Kepler-11",1,3.33000000,0.07900000,,646.34600000
"Kepler-1388 c","Kepler-1388",1,2.26000000,,,453.79500000
"Kepler-1886 b","Kepler-1886",1,2.58158428,,,1059.51000000
"Kepler-1391 b","Kepler-1391",1,1.68000000,,,1038.35000000
"Kepler-1887 b","Kepler-1887",1,2.92454357,,,1366.18000000
"Kepler-1392 b","Kepler-1392",1,1.96000000,,,
"Kepler-1888 b","Kepler-1888",1,1.32578716,,,402.94700000
"Kepler-1393 b","Kepler-1393",1,0.80000000,,,544.45600000
"Kepler-1394 b","Kepler-1394",1,1.39000000,,,640.40900000
"Kepler-1395 b","Kepler-1395",1,0.80000000,,,492.89400000
"Kepler-1396 b","Kepler-1396",1,2.07000000,,,1066.46000000
"Kepler-1397 b","Kepler-1397",1,1.72000000,,,1198.25000000
"Kepler-1889 b","Kepler-1889",1,2.94360686,,,1395.13000000
"Kepler-1890 b","Kepler-1890",1,0.86867375,,,529.59600000
"Kepler-1398 b","Kepler-1398",1,0.90000000,,,852.20400000
"Kepler-1398 c","Kepler-1398",1,1.03000000,,,852.20400000
"Kepler-1399 b","Kepler-1399",1,1.25000000,,,1385.70000000
"Kepler-1400 b","Kepler-1400",1,1.62000000,,,752.23700000
"Kepler-1891 b","Kepler-1891",1,1.52139156,,,596.24000000
"Kepler-51 b","Kepler-51",1,7.10000000,0.00700000,,783.83100000
"Kepler-1892 b","Kepler-1892",1,1.83707938,,,851.59500000
"Kepler-1401 b","Kepler-1401",1,1.68000000,,,1425.43000000
"Kepler-1402 b","Kepler-1402",1,0.76000000,,,1493.64000000
"Kepler-1403 b","Kepler-1403",1,2.14000000,,,2163.90000000
"Kepler-1404 b","Kepler-1404",1,2.01000000,,,962.18300000
"Kepler-27 c","Kepler-27",1,4.90000000,13.80000000,,1044.36000000
"Kepler-1405 b","Kepler-1405",1,3.96000000,,,1530.30000000
"Kepler-1406 b","Kepler-1406",1,1.10000000,,,572.40300000
"Kepler-1407 b","Kepler-1407",1,2.25000000,,,1396.41000000
"Kepler-1408 b","Kepler-1408",1,0.89000000,,,535.04800000
"Kepler-209 c","Kepler-209",1,3.10000000,,,576.94600000
"Kepler-1410 b","Kepler-1410",1,1.78000000,,,
"Kepler-1411 b","Kepler-1411",1,2.82000000,,,1660.48000000
"Kepler-1412 b","Kepler-1412",1,0.83000000,,,755.67800000
"Kepler-1893 b","Kepler-1893",1,1.70557445,,,1050.72000000
"Kepler-229 d","Kepler-229",1,3.85000000,,,826.26500000
"Kepler-1894 b","Kepler-1894",1,1.20117759,,,935.19100000
"Kepler-1894 c","Kepler-1894",1,1.21000000,,,935.19100000
"Kepler-1413 b","Kepler-1413",1,1.82000000,,,1167.49000000
"Kepler-1414 b","Kepler-1414",1,1.23000000,,,570.83500000
"Kepler-130 d","Kepler-130",2,1.64000000,,,316.66300000
"Kepler-1895 b","Kepler-1895",1,2.11934728,,,984.18700000
"Kepler-30 b","Kepler-30",1,3.90000000,0.03600000,,914.22100000
"Kepler-1415 b","Kepler-1415",1,1.29000000,,,1043.56000000
"Kepler-1416 b","Kepler-1416",1,0.88000000,,,949.59000000
"Kepler-75 b","Kepler-75",1,11.77000000,10.10000000,"K0 V",835.35600000
"Kepler-1417 b","Kepler-1417",1,1.00000000,,,991.84500000
"Kepler-1896 b","Kepler-1896",1,3.09935997,,,1732.91000000
"Kepler-131 c","Kepler-131",1,0.84000000,0.02600000,,228.67800000
"Kepler-1695 b","Kepler-1695",1,1.11948901,,,791.17500000
"Kepler-1418 b","Kepler-1418",1,1.66000000,,,
"Kepler-156 c","Kepler-156",1,2.55000000,,,443.48300000
"Kepler-1992 b","Kepler-1992",1,0.91000000,,,532.95500000
"Kepler-1419 b","Kepler-1419",1,2.86000000,,,1498.58000000
"Kepler-1420 b","Kepler-1420",1,1.28000000,,,1054.37000000
"Kepler-405 c","Kepler-405",1,4.66000000,,,1065.08000000
"Kepler-405 b","Kepler-405",1,2.08000000,,,1065.08000000
"Kepler-1421 b","Kepler-1421",1,0.93000000,,,783.40100000
"Kepler-1983 b","Kepler-1983",1,2.33000000,,,424.42800000
"Kepler-1422 b","Kepler-1422",1,2.02000000,,,2465.84000000
"Kepler-1897 b","Kepler-1897",1,2.81407954,,,983.17400000
"Kepler-1423 b","Kepler-1423",1,1.06000000,,,
"Kepler-1898 b","Kepler-1898",1,0.93353523,,,360.92100000
"Kepler-1900 b","Kepler-1900",1,1.62314676,,,1540.43000000
"Kepler-1901 b","Kepler-1901",1,1.47418907,,,1028.37000000
"Kepler-1902 b","Kepler-1902",1,1.17563613,,,344.33700000
"Kepler-1903 b","Kepler-1903",1,2.28642395,,,1775.44000000
"Kepler-1424 b","Kepler-1424",1,1.16000000,,,661.42100000
"Kepler-1905 b","Kepler-1905",1,1.44607340,,,1051.53000000
"Kepler-431 d","Kepler-431",1,1.11000000,,,486.54600000
"Kepler-431 b","Kepler-431",1,0.76400000,,,486.54600000
"Kepler-431 c","Kepler-431",1,0.66800000,,,486.54600000
"Kepler-92 c","Kepler-92",1,2.60000000,0.01900000,,477.99200000
"Kepler-1426 b","Kepler-1426",1,1.56000000,,,1697.81000000
"Kepler-1427 b","Kepler-1427",1,1.10000000,,,
"Kepler-1906 b","Kepler-1906",1,2.77615754,,,1360.63000000
"Kepler-1428 b","Kepler-1428",1,1.64000000,,,1530.32000000
"Kepler-1429 b","Kepler-1429",1,1.29000000,,,1214.09000000
"Kepler-92 d","Kepler-92",1,2.06700000,,,477.99200000
"Kepler-1430 b","Kepler-1430",1,1.18000000,,,875.52300000
"Kepler-1431 b","Kepler-1431",1,1.47000000,,,1623.24000000
"Kepler-1432 b","Kepler-1432",1,2.22000000,,,2171.87000000
"Kepler-1433 b","Kepler-1433",1,1.56000000,,,
"Kepler-1434 b","Kepler-1434",1,1.11000000,,,775.52900000
"Kepler-575 b","Kepler-575",1,2.39000000,,,853.97700000
"Kepler-1435 b","Kepler-1435",1,0.86000000,,,704.21100000
"Kepler-1436 b","Kepler-1436",1,1.31000000,,,2530.62000000
"Kepler-1907 c","Kepler-1907",1,1.15547044,,,292.11100000
"Kepler-1907 b","Kepler-1907",1,0.86973029,,,292.11100000
"Kepler-1437 b","Kepler-1437",1,1.37000000,,,2101.69000000
"Kepler-1909 b","Kepler-1909",1,1.09217411,,,763.66200000
"Kepler-1910 b","Kepler-1910",1,1.18400000,,,
"Kepler-1438 b","Kepler-1438",1,0.94000000,,,1154.13000000
"Kepler-1439 b","Kepler-1439",1,1.46000000,,,225.39300000
"Kepler-1977 b","Kepler-1977",1,1.66000000,,,592.71100000
"Kepler-1440 b","Kepler-1440",1,1.26000000,,,1115.35000000
"Kepler-1441 b","Kepler-1441",1,1.31000000,,,1110.48000000
"Kepler-511 b","Kepler-511",1,6.35000000,,,651.99900000
"Kepler-134 c","Kepler-134",1,1.26000000,,,334.79700000
"Kepler-135 c","Kepler-135",1,1.16000000,,,621.85500000
"Kepler-139 d","Kepler-139",1,1.69500000,0.01465595,,391.03800000
"Kepler-406 c","Kepler-406",1,0.85000000,0.00900000,,364.03000000
"Kepler-140 c","Kepler-140",1,1.80000000,,,583.85900000
"Kepler-524 c","Kepler-524",1,0.96000000,,,1058.24000000
"Kepler-683 b","Kepler-683",1,1.97000000,,,1023.07000000
"Kepler-1717 b","Kepler-1717",1,2.98929758,,,1008.79000000
"Kepler-534 c","Kepler-534",1,1.22700000,,,570.65900000
"Kepler-149 c","Kepler-149",1,1.61000000,,,571.03400000
"Kepler-150 b","Kepler-150",1,1.25000000,,,891.09200000
"Kepler-549 c","Kepler-549",1,2.93000000,,,635.14500000
"Kepler-157 d","Kepler-157",1,1.46000000,,,773.71300000
"Kepler-164 b","Kepler-164",1,1.41000000,,,890.75800000
"Kepler-169 b","Kepler-169",1,1.13000000,,,406.52900000
"Kepler-169 d","Kepler-169",1,1.25000000,,,406.52900000
"Kepler-684 b","Kepler-684",1,3.36000000,,,1731.27000000
"Kepler-169 f","Kepler-169",1,2.58000000,,,406.52900000
"Kepler-171 d","Kepler-171",1,1.89000000,,,863.85500000
"Kepler-172 e","Kepler-172",1,2.76000000,,,828.59200000
"Kepler-174 d","Kepler-174",1,2.19000000,,,384.75700000
"Kepler-589 c","Kepler-589",1,1.11727238,,,612.80300000
"Kepler-603 d","Kepler-603",1,1.32000000,,,1539.63000000
"Kepler-605 c","Kepler-605",1,0.86000000,,,556.58000000
"Kepler-610 c","Kepler-610",1,3.30000000,,,845.82400000
"Kepler-191 b","Kepler-191",1,1.34000000,,,594.46400000
"Kepler-192 d","Kepler-192",1,1.02000000,,,651.67400000
"Kepler-117 c","Kepler-117",1,12.34100000,1.84000000,"F8 V",1455.57000000
"Kepler-616 d","Kepler-616",1,2.65300000,,,945.77500000
"Kepler-194 d","Kepler-194",1,2.40000000,,,1097.97000000
"Kepler-195 c","Kepler-195",1,1.55000000,,,652.05100000
"Kepler-619 c","Kepler-619",1,1.69000000,,,900.67800000
"Kepler-197 e","Kepler-197",2,0.91000000,,,330.57500000
"Kepler-198 d","Kepler-198",1,1.53000000,,,495.35800000
"Kepler-625 c","Kepler-625",1,1.05000000,,,760.70800000
"Kepler-200 c","Kepler-200",1,1.59000000,,,665.91200000
"Kepler-1990 c","Kepler-1990",1,0.98000000,,,392.73900000
"Kepler-208 d","Kepler-208",1,1.20000000,,,775.32800000
"Kepler-215 e","Kepler-215",1,1.75000000,,,485.99700000
"Kepler-217 c","Kepler-217",1,1.85000000,,,1104.64000000
"Kepler-217 d","Kepler-217",1,1.32000000,,,1104.64000000
"Kepler-653 c","Kepler-653",1,0.78000000,,,595.63400000
"Kepler-220 d","Kepler-220",1,0.98000000,,,171.10900000
"Kepler-220 e","Kepler-220",1,1.33000000,,,171.10900000
"Kepler-220 b","Kepler-220",1,0.81000000,,,171.10900000
"Kepler-656 c","Kepler-656",1,1.41000000,,,890.35200000
"Kepler-62 c","Kepler-62",1,0.54000000,0.01300000,"K2 V",300.87400000
"Kepler-62 f","Kepler-62",1,1.41000000,0.11000000,"K2 V",300.87400000
"Kepler-154 c","Kepler-154",1,2.95000000,,,915.21200000
"Kepler-368 c","Kepler-368",1,3.88000000,,,770.97800000
"Kepler-149 b","Kepler-149",1,4.21000000,,,571.03400000
"Kepler-1541 b","Kepler-1541",1,1.16000000,,,416.69200000
"Kepler-1542 b","Kepler-1542",1,0.76000000,,,399.11400000
"Kepler-1542 c","Kepler-1542",1,0.65000000,,,399.11400000
"Kepler-1543 b","Kepler-1543",1,2.71000000,,,921.78400000
"Kepler-1544 b","Kepler-1544",1,1.78000000,,,335.09000000
"Kepler-371 c","Kepler-371",1,1.78000000,,,813.19200000
"Kepler-167 b","Kepler-167",2,1.71800000,,,341.90800000
"Kepler-372 d","Kepler-372",1,1.69000000,,,1493.95000000
"Kepler-1545 b","Kepler-1545",1,2.70000000,,,729.96400000
"Kepler-1934 b","Kepler-1934",1,0.91307734,,,428.51400000
"Kepler-1701 b","Kepler-1701",1,2.22186207,,,584.14200000
"Kepler-1935 b","Kepler-1935",1,2.50271696,,,904.70200000
"Kepler-372 b","Kepler-372",1,1.36000000,,,1493.95000000
"Kepler-9 b","Kepler-9",1,8.29000000,0.13655099,,628.25700000
"Kepler-1936 b","Kepler-1936",1,3.16615594,,,871.09600000
"Kepler-1937 b","Kepler-1937",1,3.02291330,,,905.06900000
"Kepler-1546 b","Kepler-1546",1,3.13000000,,,931.95600000
"Kepler-1938 b","Kepler-1938",1,1.82828927,,,421.15200000
"Kepler-1547 b","Kepler-1547",1,0.90000000,,,674.69500000
"Kepler-1548 b","Kepler-1548",1,2.64000000,,,872.27900000
"Kepler-482 b","Kepler-482",1,2.36000000,,,313.06800000
"Kepler-1549 b","Kepler-1549",1,2.57000000,,,803.05200000
"Kepler-1154 c","Kepler-1154",1,2.36000000,,,1460.10000000
"Kepler-440 b","Kepler-440",1,1.86000000,,,301.03000000
"Kepler-1550 b","Kepler-1550",1,3.02000000,,,1179.01000000
"Kepler-1551 b","Kepler-1551",1,2.66000000,,,1463.72000000
"Kepler-1814 c","Kepler-1814",1,1.76000000,,,726.34600000
"Kepler-1939 b","Kepler-1939",1,1.16480773,,,189.83300000
"Kepler-234 b","Kepler-234",1,3.70000000,,,1733.10000000
"Kepler-1940 b","Kepler-1940",1,1.54732469,,,798.59500000
"Kepler-1552 b","Kepler-1552",1,2.47000000,,,769.09600000
"Kepler-1162 c","Kepler-1162",1,1.81000000,,,940.21100000
"Kepler-685 b","Kepler-685",1,10.58000000,,,938.71500000
"Kepler-154 f","Kepler-154",1,1.50000000,,,915.21200000
"Kepler-1165 b","Kepler-1165",1,1.55000000,,,1575.20000000
"Kepler-541 b","Kepler-541",1,3.36000000,,,1060.68000000
"Kepler-1553 b","Kepler-1553",1,1.15000000,,,692.59400000
"Kepler-1554 b","Kepler-1554",1,2.90000000,,,946.84700000
"Kepler-378 c","Kepler-378",1,0.70000000,,,152.09400000
"Kepler-1555 b","Kepler-1555",1,1.61000000,,,2013.27000000
"Kepler-1556 b","Kepler-1556",1,1.96000000,,,944.54000000
"Kepler-542 b","Kepler-542",1,1.57000000,,,436.01600000
"Kepler-379 b","Kepler-379",1,1.66000000,,,731.27400000
"Kepler-1557 b","Kepler-1557",1,1.53000000,,,1380.16000000
"Kepler-1178 b","Kepler-1178",1,1.07000000,,,482.28700000
"Kepler-1558 b","Kepler-1558",1,0.68000000,,,325.73700000
"Kepler-1941 b","Kepler-1941",1,2.64976949,,,1494.39000000
"Kepler-1942 b","Kepler-1942",1,2.11702870,,,842.49200000
"Kepler-1181 c","Kepler-1181",1,1.83000000,,,938.41700000
"Kepler-1943 b","Kepler-1943",1,1.54869189,,,1004.55000000
"Kepler-1982 b","Kepler-1982",1,0.77000000,,,558.85500000
"Kepler-198 b","Kepler-198",1,2.82000000,,,495.35800000
"Kepler-1559 b","Kepler-1559",1,0.72000000,,,614.82700000
"Kepler-1560 b","Kepler-1560",1,0.89000000,,,502.49700000
"Kepler-1944 b","Kepler-1944",1,2.75971163,,,1076.48000000
"Kepler-5 b","Kepler-5",1,15.98403400,2.11100000,,899.77700000
"Kepler-466 b","Kepler-466",1,2.85000000,,,530.12200000
"Kepler-1561 b","Kepler-1561",1,1.09000000,,,839.07600000
"Kepler-430 c","Kepler-430",1,1.75000000,,,917.47700000
"Kepler-1945 b","Kepler-1945",1,1.28900000,,,
"Kepler-1946 b","Kepler-1946",1,2.48812698,,,1002.12000000
"Kepler-576 b","Kepler-576",1,3.27000000,,,617.55000000
"Kepler-1947 b","Kepler-1947",1,1.01016660,,,468.77100000
"Kepler-1562 b","Kepler-1562",1,3.55000000,,,2060.72000000
"Kepler-1563 b","Kepler-1563",1,0.75000000,,,616.69700000
"Kepler-1564 b","Kepler-1564",1,1.47000000,,,908.80500000
"Kepler-1565 b","Kepler-1565",1,1.19000000,,,629.93000000
"Kepler-1727 b","Kepler-1727",1,3.17321625,,,894.18700000
"Kepler-1566 b","Kepler-1566",1,0.79000000,,,466.58600000
"Kepler-1567 b","Kepler-1567",1,2.73000000,,,1206.11000000
"Kepler-385 d","Kepler-385",1,2.61864480,,,1432.61000000
"Kepler-146 b","Kepler-146",1,3.71000000,,,716.79700000
"Kepler-1568 b","Kepler-1568",1,1.30000000,,,916.31300000
"Kepler-1569 b","Kepler-1569",1,1.68000000,,,945.45400000
"Kepler-186 f","Kepler-186",1,1.17000000,,,177.59400000
"Kepler-543 b","Kepler-543",1,2.50000000,,,221.80200000
"Kepler-1570 b","Kepler-1570",1,1.07000000,,,918.99500000
"Kepler-1571 b","Kepler-1571",1,1.52000000,,,675.30300000
"Kepler-1572 b","Kepler-1572",1,0.94000000,,,946.60200000
"Kepler-386 b","Kepler-386",1,1.39000000,,,882.46200000
"Kepler-1573 b","Kepler-1573",1,1.20000000,,,1455.36000000
"Kepler-1574 b","Kepler-1574",1,1.29000000,,,1384.16000000
"Kepler-157 c","Kepler-157",1,2.24000000,,,773.71300000
"Kepler-1575 b","Kepler-1575",1,1.31000000,,,1246.92000000
"Kepler-1245 c","Kepler-1245",1,1.44000000,,,805.93600000
"Kepler-1576 b","Kepler-1576",1,1.04000000,,,460.91000000
"Kepler-1719 b","Kepler-1719",1,3.95000623,,,905.40600000
"Kepler-1254 c","Kepler-1254",1,1.30000000,,,622.81800000
"Kepler-1948 b","Kepler-1948",1,1.03283226,,,193.90300000
"Kepler-1577 b","Kepler-1577",1,1.13000000,,,510.02900000
"Kepler-468 b","Kepler-468",1,13.34000000,,,442.87100000
"Kepler-30 d","Kepler-30",1,8.80000000,0.07300000,,914.22100000
"Kepler-1578 b","Kepler-1578",1,1.04000000,,,1064.05000000
"Kepler-1254 d","Kepler-1254",1,1.31000000,,,622.81800000
"Kepler-555 b","Kepler-555",1,2.83000000,,,973.12100000
"Kepler-1949 b","Kepler-1949",1,2.21964541,,,2617.35000000
"Kepler-1579 b","Kepler-1579",1,0.84000000,,,
"Kepler-1993 b","Kepler-1993",1,4.15000000,,,1031.91000000
"Kepler-390 c","Kepler-390",2,0.79000000,,,435.27700000
"Kepler-1580 b","Kepler-1580",1,2.11000000,,,1002.02000000
"Kepler-1581 b","Kepler-1581",1,0.80000000,,,493.17500000
"Kepler-436 b","Kepler-436",1,2.73000000,,,588.86700000
"Kepler-1582 b","Kepler-1582",1,1.49000000,,,78.89060000
"Kepler-1583 b","Kepler-1583",1,0.60000000,,,403.93300000
"Kepler-1584 b","Kepler-1584",1,1.61000000,,,1416.31000000
"Kepler-391 c","Kepler-391",1,2.88000000,1.41585834,"K2 III-IV",869.23600000
"Kepler-556 b","Kepler-556",1,2.24000000,,,674.59800000
"Kepler-1585 b","Kepler-1585",1,1.79000000,,,944.46500000
"Kepler-1586 b","Kepler-1586",1,1.52000000,,,552.55000000
"Kepler-1587 b","Kepler-1587",1,1.33000000,,,1026.48000000
"Kepler-196 d","Kepler-196",1,2.66065673,,,451.31200000
"Kepler-1950 b","Kepler-1950",1,1.52696349,,,697.25300000
"Kepler-1588 b","Kepler-1588",1,0.76000000,,,924.14100000
"Kepler-1859 c","Kepler-1859",1,1.66000000,,,1331.25000000
"Kepler-1951 b","Kepler-1951",1,2.32107188,,,1277.32000000
"Kepler-1589 b","Kepler-1589",1,1.09000000,,,1513.14000000
"Kepler-686 b","Kepler-686",1,12.15000000,,,1490.94000000
"Kepler-1590 b","Kepler-1590",1,1.14000000,,,771.15200000
"Kepler-1591 b","Kepler-1591",1,1.27000000,,,1419.58000000
"Kepler-392 c","Kepler-392",1,1.10000000,,,681.42800000
"Kepler-1952 b","Kepler-1952",1,1.23923346,,,852.06200000
"Kepler-10 b","Kepler-10",1,1.47000000,0.01019418,,185.50600000
"Kepler-1728 b","Kepler-1728",1,2.95501875,,,651.78300000
"Kepler-1592 b","Kepler-1592",1,1.54000000,,,1639.47000000
"Kepler-147 c","Kepler-147",1,2.43000000,,,1042.02000000
"Kepler-1593 b","Kepler-1593",1,3.17000000,,,638.24900000
"Kepler-544 b","Kepler-544",1,2.12000000,,,963.18000000
"Kepler-1594 b","Kepler-1594",1,1.06000000,,,976.86800000
"Kepler-1595 b","Kepler-1595",1,1.23000000,,,845.02200000
"Kepler-577 b","Kepler-577",1,2.55000000,,,524.24700000
"Kepler-1596 b","Kepler-1596",1,1.90000000,,,2146.23000000
"Kepler-403 d","Kepler-403",1,1.42000000,,,840.26900000
"Kepler-1953 b","Kepler-1953",1,1.28574667,,,605.63100000
"Kepler-1597 b","Kepler-1597",1,1.06000000,,,1221.05000000
"Kepler-1598 b","Kepler-1598",1,0.95000000,,,619.86200000
"Kepler-1599 b","Kepler-1599",1,1.62000000,,,1328.20000000
"Kepler-1600 c","Kepler-1600",1,1.94206512,,,1030.81000000
"Kepler-1702 b","Kepler-1702",1,1.60190793,,,857.14000000
"Kepler-687 b","Kepler-687",1,3.52000000,,,633.66000000
"Kepler-235 b","Kepler-235",1,2.23000000,,,428.01800000
"Kepler-446 c","Kepler-446",1,1.11000000,,"M4",96.33900000
"Kepler-1601 b","Kepler-1601",1,0.82000000,,,644.45600000
"Kepler-1954 b","Kepler-1954",1,1.80235934,,,1373.83000000
"Kepler-1955 b","Kepler-1955",1,1.16654878,,,449.35100000
"Kepler-1602 b","Kepler-1602",1,1.34000000,,,629.80400000
"Kepler-597 b","Kepler-597",1,2.37000000,,,663.41800000
"Kepler-1603 b","Kepler-1603",1,1.29000000,,,2712.58000000
"Kepler-1604 b","Kepler-1604",1,1.41000000,,,541.18900000
"Kepler-1956 b","Kepler-1956",1,1.08940238,,,360.46800000
"Kepler-1605 b","Kepler-1605",1,1.08000000,,,546.23000000
"Kepler-1957 b","Kepler-1957",1,0.94374867,,,460.89900000
"Kepler-183 c","Kepler-183",1,2.27000000,,,1050.64000000
"Kepler-1606 b","Kepler-1606",1,2.07000000,,,831.28700000
"Kepler-688 b","Kepler-688",1,9.76000000,,,1357.75000000
"Kepler-1607 b","Kepler-1607",1,0.92000000,,,1286.10000000
"Kepler-1608 b","Kepler-1608",1,1.73000000,,,
"Kepler-444 b","Kepler-444",3,0.40300000,,"K",36.43960000
"Kepler-1958 b","Kepler-1958",1,2.05124311,,,1320.38000000
"Kepler-1959 b","Kepler-1959",1,1.14315727,,,479.26300000
"Kepler-1960 b","Kepler-1960",1,1.30749704,,,1527.56000000
"Kepler-444 c","Kepler-444",3,0.49700000,,"K",36.43960000
"Kepler-1609 b","Kepler-1609",1,2.22000000,,,1826.04000000
"Kepler-578 b","Kepler-578",1,2.00000000,,,541.43200000
"Kepler-444 d","Kepler-444",3,0.53000000,,"K",36.43960000
"Kepler-1610 b","Kepler-1610",1,1.61000000,,,864.33100000
"Kepler-1610 c","Kepler-1610",1,2.09000000,,,864.33100000
"Kepler-689 b","Kepler-689",1,2.89000000,,,1131.73000000
"Kepler-444 e","Kepler-444",3,0.54600000,,"K",36.43960000
"Kepler-1961 b","Kepler-1961",1,1.61878080,,,1042.45000000
"Kepler-1611 b","Kepler-1611",1,0.81000000,,,908.44400000
"KOI-94 c","KOI-94",2,4.32000000,0.04900000,,477.05200000
"Kepler-624 b","Kepler-624",1,2.31000000,,,748.18800000
"Kepler-1612 b","Kepler-1612",1,1.03000000,,,764.72600000
"Kepler-444 f","Kepler-444",3,0.74100000,,"K",36.43960000
"Kepler-1962 b","Kepler-1962",1,1.21463929,,,866.82600000
"Kepler-625 b","Kepler-625",1,1.99000000,,,760.70800000
"Kepler-158 b","Kepler-158",1,2.12000000,,,315.17700000
"Kepler-626 b","Kepler-626",1,2.29000000,,,635.64300000
"Kepler-1653 b","Kepler-1653",1,2.17000000,,,
"Kepler-627 b","Kepler-627",1,3.73000000,,,984.30700000
"Kepler-1613 b","Kepler-1613",1,2.08000000,,,1508.33000000
"Kepler-1614 b","Kepler-1614",1,1.49000000,,,1191.19000000
"Kepler-1615 b","Kepler-1615",1,2.06000000,,,1393.83000000
"Kepler-690 b","Kepler-690",1,5.95000000,,,1665.31000000
"Kepler-236 c","Kepler-236",1,2.00000000,,,288.76300000
"Kepler-1616 b","Kepler-1616",1,1.02000000,,,1137.81000000
"Kepler-79 c","Kepler-79",1,3.76000000,0.01447322,,1020.72000000
"Kepler-168 c","Kepler-168",1,2.69000000,,,1343.60000000
"Kepler-1656 b","Kepler-1656",1,,0.15000000,,185.87500000
"Kepler-1963 b","Kepler-1963",1,0.74437023,,,492.84700000
"Kepler-1617 b","Kepler-1617",1,1.20000000,,,898.31000000
"Kepler-629 b","Kepler-629",1,1.38000000,,,372.05000000
"Kepler-441 b","Kepler-441",1,1.64000000,,,268.00300000
"Kepler-1911 b","Kepler-1911",1,1.01100000,,,269.91200000
"Kepler-1964 b","Kepler-1964",1,1.78105870,,,
"Kepler-621 b","Kepler-621",1,2.30000000,,,
"Kepler-1618 b","Kepler-1618",1,1.26000000,,,1229.25000000
"Kepler-1972 b","Kepler-1972",1,0.80200000,0.00635563,,287.33900000
"Kepler-630 b","Kepler-630",1,3.18000000,,,839.78400000
"Kepler-579 b","Kepler-579",1,2.00000000,,,530.76500000
"Kepler-1965 b","Kepler-1965",1,1.35415138,,,521.79100000
"Kepler-1966 b","Kepler-1966",1,1.10479327,,,484.60100000
"Kepler-80 b","Kepler-80",1,2.67000000,0.02180411,"K5",369.45100000
"Kepler-691 b","Kepler-691",1,2.09000000,,,279.11500000
"Kepler-117 b","Kepler-117",1,8.05900000,0.09400000,"F8 V",1455.57000000
"Kepler-1619 b","Kepler-1619",1,0.76000000,,,734.85000000
"Kepler-1620 b","Kepler-1620",1,1.61000000,,,895.06900000
"Kepler-1967 b","Kepler-1967",1,0.73022577,,,249.10200000
"Kepler-1968 b","Kepler-1968",1,1.50004034,,,750.93000000
"Kepler-442 b","Kepler-442",1,1.34000000,,,365.96500000
"Kepler-1725 b","Kepler-1725",1,2.81251770,,,558.65200000
"Kepler-443 b","Kepler-443",1,2.33000000,,,802.27100000
"Kepler-1621 b","Kepler-1621",1,2.16000000,,,1631.66000000
"Kepler-1969 b","Kepler-1969",1,1.68161001,,,1204.54000000
"Kepler-692 b","Kepler-692",1,3.11000000,,,991.33600000
"Kepler-1622 b","Kepler-1622",1,1.47000000,,,796.47700000
"Kepler-1705 b","Kepler-1705",1,2.03000000,0.01406419,,1633.49000000
"KOI-4777.01","KOI-4777",1,0.51000000,0.31211810,,172.24500000
"Kepler-10 c","Kepler-10",1,2.35500000,0.03552231,,185.50600000
"Kepler-1623 b","Kepler-1623",1,1.31000000,,,837.48100000
"Kepler-199 b","Kepler-199",1,3.11000000,,,521.05400000
"Kepler-631 b","Kepler-631",1,2.90000000,,,761.96600000
"Kepler-632 b","Kepler-632",1,2.21000000,,,
"Kepler-1988 b","Kepler-1988",1,1.53000000,,,513.42600000
"Kepler-693 b","Kepler-693",2,10.18000000,,,1151.51000000
"KOI-94 e","KOI-94",2,6.56000000,0.11000000,,477.05200000
"Kepler-237 c","Kepler-237",1,2.08000000,,,657.82200000
"Kepler-1442 b","Kepler-1442",1,3.93000000,,,608.68000000
"Kepler-694 b","Kepler-694",1,2.80000000,,,1023.06000000
"Kepler-1912 b","Kepler-1912",1,1.35670508,,,297.01700000
"Kepler-450 d","Kepler-450",1,0.83700000,,,455.98200000
"Kepler-1443 b","Kepler-1443",1,0.97000000,,,593.64600000
"Kepler-1444 b","Kepler-1444",1,2.18000000,,,319.67500000
"Kepler-1445 b","Kepler-1445",1,0.96000000,,,506.35700000
"Kepler-1446 b","Kepler-1446",1,0.82000000,,,152.07500000
"Kepler-437 b","Kepler-437",1,2.14000000,,,
"Kepler-271 d","Kepler-271",1,0.66000000,,,404.54200000
"Kepler-1447 b","Kepler-1447",1,2.90000000,,,890.29600000
"Kepler-1448 b","Kepler-1448",1,1.61000000,,,768.90300000
"Kepler-1449 b","Kepler-1449",1,1.68000000,,,2006.48000000
"Kepler-580 b","Kepler-580",1,2.57000000,,,323.89900000
"Kepler-1450 b","Kepler-1450",1,1.71000000,,,505.82900000
"Kepler-1913 b","Kepler-1913",1,1.51852059,,,876.30000000
"Kepler-1986 b","Kepler-1986",1,1.89000000,,,912.08500000
"Kepler-79 b","Kepler-79",1,3.51000000,0.02391227,,1020.72000000
"Kepler-150 c","Kepler-150",1,3.69000000,,,891.09200000
"Kepler-1451 b","Kepler-1451",1,3.35000000,,,1058.72000000
"Kepler-1452 b","Kepler-1452",1,2.70000000,,,996.32000000
"Kepler-1914 b","Kepler-1914",1,2.94298030,,,1621.56000000
"Kepler-1453 b","Kepler-1453",1,2.67000000,,,1196.04000000
"Kepler-1455 b","Kepler-1455",1,2.16000000,,,357.62100000
"Kepler-438 b","Kepler-438",1,1.12000000,,,
"Kepler-1456 b","Kepler-1456",1,1.14000000,,,370.31200000
"Kepler-1457 b","Kepler-1457",1,1.99000000,,,889.88500000
"Kepler-1458 b","Kepler-1458",1,2.76000000,,,544.45000000
"Kepler-53 b","Kepler-53",1,2.89000000,0.34924506,,1366.07000000
"Kepler-1459 b","Kepler-1459",1,1.36000000,,,455.47900000
"Kepler-1460 b","Kepler-1460",1,1.96000000,,,553.21800000
"Kepler-274 b","Kepler-274",1,1.54000000,,,1333.62000000
"Kepler-428 b","Kepler-428",1,12.11000000,1.27000000,"K1 V",686.28400000
"Kepler-1461 b","Kepler-1461",1,2.03000000,,,679.10600000
"Kepler-1462 b","Kepler-1462",1,3.82000000,,,1017.82000000
"Kepler-1463 b","Kepler-1463",1,1.86000000,,,1687.47000000
"Kepler-1464 b","Kepler-1464",1,1.66000000,,,1151.73000000
"Kepler-274 c","Kepler-274",1,1.84000000,,,1333.62000000
"Kepler-1464 c","Kepler-1464",1,1.00000000,,,1151.73000000
"Kepler-1465 b","Kepler-1465",1,1.77000000,,,359.49700000
"Kepler-1466 b","Kepler-1466",1,1.55000000,,,631.94900000
"Kepler-1467 b","Kepler-1467",1,3.30000000,,,852.88800000
"Kepler-1915 b","Kepler-1915",1,3.21798413,,,1514.66000000
"Kepler-1468 d","Kepler-1468",1,3.33187146,,,1899.24000000
"Kepler-1468 b","Kepler-1468",1,1.73000000,,,1899.24000000
"Kepler-1468 c","Kepler-1468",1,1.15000000,,,1899.24000000
"Kepler-1469 b","Kepler-1469",1,2.80000000,,,1159.30000000
"Kepler-633 b","Kepler-633",1,1.63000000,,,680.54000000
"Kepler-296 f","Kepler-296",2,1.80000000,,,
"Kepler-1470 b","Kepler-1470",1,1.07000000,,,590.60100000
"Kepler-1916 b","Kepler-1916",1,2.61757235,,,2055.82000000
"Kepler-132 e","Kepler-132",2,1.18000000,,,349.54900000
"Kepler-880 c","Kepler-880",1,2.87000000,,,601.32400000
"Kepler-1471 c","Kepler-1471",1,1.88000000,,,978.67800000
"Kepler-1471 b","Kepler-1471",1,1.41000000,,,978.67800000
"Kepler-1472 b","Kepler-1472",1,1.90000000,,,1479.14000000
"Kepler-1473 b","Kepler-1473",1,1.19000000,,,652.25300000
"Kepler-1917 b","Kepler-1917",1,1.88971288,,,909.03700000
"Kepler-1474 b","Kepler-1474",1,2.16000000,,,1180.90000000
"Kepler-238 e","Kepler-238",1,5.60000000,0.53400000,,1798.75000000
"Kepler-1475 b","Kepler-1475",1,2.92000000,,,1568.38000000
"Kepler-1476 b","Kepler-1476",1,1.67000000,,,1002.74000000
"Kepler-1477 b","Kepler-1477",1,1.18000000,,,680.82800000
"Kepler-1478 b","Kepler-1478",1,1.73000000,,,1845.58000000
"Kepler-1696 b","Kepler-1696",1,2.80982017,,,1506.36000000
"Kepler-1479 b","Kepler-1479",1,1.83000000,,,728.66800000
"Kepler-1480 b","Kepler-1480",2,1.67000000,,,500.89200000
"Kepler-1481 b","Kepler-1481",1,1.23000000,,,459.07600000
"Kepler-1997 b","Kepler-1997",1,2.28000000,,,1502.34000000
"Kepler-1483 b","Kepler-1483",1,1.52000000,,,1273.78000000
"Kepler-1918 b","Kepler-1918",1,2.29763023,,,1030.11000000
"Kepler-545 b","Kepler-545",1,2.69000000,,,818.00100000
"Kepler-1484 b","Kepler-1484",1,2.11000000,,,2879.83000000
"Kepler-1919 b","Kepler-1919",1,2.62390658,,,1177.53000000
"Kepler-312 b","Kepler-312",1,1.29000000,,,797.72000000
"Kepler-1485 b","Kepler-1485",1,1.47000000,,,615.66000000
"Kepler-1486 b","Kepler-1486",1,2.32000000,,,1769.14000000
"Kepler-920 c","Kepler-920",1,3.80000000,,,1001.68000000
"Kepler-239 b","Kepler-239",1,2.33000000,,,648.10900000
"Kepler-1487 b","Kepler-1487",1,2.13000000,,,1014.62000000
"Kepler-1487 c","Kepler-1487",1,7.97000000,,,1014.62000000
"Kepler-1984 b","Kepler-1984",1,6.81000000,,,
"Kepler-581 b","Kepler-581",1,2.63000000,,,703.75800000
"Kepler-1488 b","Kepler-1488",1,1.86000000,,,905.82500000
"Kepler-1488 c","Kepler-1488",1,1.65156749,,,905.82500000
"Kepler-1489 b","Kepler-1489",1,1.77000000,,,1283.05000000
"Kepler-1490 b","Kepler-1490",1,3.04000000,,,862.92000000
"Kepler-1491 b","Kepler-1491",1,1.51000000,,,2065.59000000
"Kepler-1492 b","Kepler-1492",1,1.49000000,,,331.55300000
"Kepler-1493 b","Kepler-1493",1,1.41000000,,,555.05100000
"Kepler-1494 b","Kepler-1494",1,3.07000000,,,1285.48000000
"Kepler-1495 b","Kepler-1495",1,2.94000000,,,1355.54000000
"Kepler-315 c","Kepler-315",1,4.15000000,,,1160.63000000
"Kepler-1920 b","Kepler-1920",1,2.95415848,,,885.91300000
"Kepler-1921 b","Kepler-1921",1,2.89459458,,,928.98900000
"Kepler-1921 c","Kepler-1921",1,1.41000000,,,928.98900000
"Kepler-1496 b","Kepler-1496",1,2.22000000,,,1307.66000000
"Kepler-240 c","Kepler-240",1,2.20000000,,,746.92700000
"Kepler-1497 b","Kepler-1497",1,1.66000000,,,
"Kepler-937 c","Kepler-937",1,2.67000000,,,1571.46000000
"Kepler-1498 b","Kepler-1498",1,1.33000000,,,
"Kepler-634 b","Kepler-634",1,1.89000000,,,888.02700000
"Kepler-1499 b","Kepler-1499",1,1.19000000,,,309.86900000
"Kepler-1500 b","Kepler-1500",1,1.20000000,,,1217.82000000
"Kepler-1501 b","Kepler-1501",1,1.56000000,,,749.06000000
"Kepler-1502 b","Kepler-1502",1,3.18000000,,,1514.02000000
"Kepler-1980 b","Kepler-1980",1,2.21000000,,,1709.40000000
"Kepler-1503 b","Kepler-1503",1,2.27000000,,,1225.57000000
"Kepler-1710 b","Kepler-1710",1,3.19744103,,,305.19300000
"Kepler-1504 b","Kepler-1504",1,2.13000000,,,2435.94000000
"Kepler-1505 b","Kepler-1505",1,0.93000000,,,495.14800000
"Kepler-1506 b","Kepler-1506",1,1.32000000,,,2366.02000000
"Kepler-1922 b","Kepler-1922",1,2.29064904,,,1344.29000000
"Kepler-1507 b","Kepler-1507",1,0.84000000,,,320.47800000
"Kepler-1508 b","Kepler-1508",1,1.33000000,,,1260.28000000
"Kepler-411 d","Kepler-411",2,3.31900000,0.04782431,"K2 V",153.67600000
"Kepler-1509 b","Kepler-1509",1,1.85000000,,,2002.96000000
"Kepler-1923 b","Kepler-1923",1,1.95958179,,,990.83800000
"Kepler-635 b","Kepler-635",1,2.64000000,,,1141.08000000
"Kepler-1924 b","Kepler-1924",1,2.65446572,,,1910.77000000
"Kepler-1510 b","Kepler-1510",1,3.36000000,,,1696.25000000
"Kepler-159 b","Kepler-159",1,2.38000000,,,373.74400000
"Kepler-1925 b","Kepler-1925",1,3.00177922,,,1771.31000000
"Kepler-1511 b","Kepler-1511",1,1.68000000,,,1475.60000000
"Kepler-1512 b","Kepler-1512",1,1.18000000,,,
"Kepler-953 c","Kepler-953",1,1.19000000,,,258.89300000
"Kepler-1927 b","Kepler-1927",1,3.40627075,,,1091.00000000
"KOI-3503 b","KOI-3503",1,1.19000000,0.02894644,,887.06400000
"Kepler-695 b","Kepler-695",1,9.21000000,,,842.94700000
"Kepler-320 c","Kepler-320",1,1.37000000,,,826.61300000
"Kepler-546 b","Kepler-546",1,7.00000000,,,1019.65000000
"Kepler-320 b","Kepler-320",1,1.14000000,,,826.61300000
"Kepler-19 b","Kepler-19",1,2.20900000,0.01919275,,218.56200000
"Kepler-622 b","Kepler-622",1,2.13000000,,,284.76100000
"Kepler-169 e","Kepler-169",1,2.20000000,,,406.52900000
"Kepler-967 c","Kepler-967",1,3.65000000,,,568.54600000
"Kepler-598 b","Kepler-598",1,1.50000000,,,681.08600000
"KOI-1833 d","Kepler-968",1,2.58000000,0.03467280,,290.32400000
"Kepler-968 c","Kepler-968",1,1.69000000,,,290.32400000
"Kepler-599 b","Kepler-599",1,2.84000000,,,558.51700000
"Kepler-969 c","Kepler-969",1,0.99000000,,,390.35400000
"Kepler-328 b","Kepler-328",1,2.30000000,0.09000000,,2213.19000000
"Kepler-1665 b","Kepler-1665",1,2.83910787,,,335.51500000
"Kepler-990 c","Kepler-990",1,1.53000000,,,802.16300000
"Kepler-151 b","Kepler-151",1,3.06000000,,,649.91900000
"Kepler-27 b","Kepler-27",1,4.00000000,9.11000000,,1044.36000000
"Kepler-332 c","Kepler-332",1,1.09000000,,,344.19000000
"Kepler-489 b","Kepler-489",1,7.72000000,,,369.64500000
"Kepler-241 b","Kepler-241",1,2.33000000,,,
"Kepler-143 b","Kepler-143",1,2.41000000,,,809.46700000
"Kepler-332 d","Kepler-332",1,1.18000000,,,344.19000000
"Kepler-335 c","Kepler-335",1,3.07000000,,,1278.97000000
"Kepler-636 b","Kepler-636",2,4.45000000,,,310.30100000
"Kepler-1016 c","Kepler-1016",1,3.68000000,,,1402.82000000
"Kepler-582 b","Kepler-582",1,3.68000000,,,613.17900000
"Kepler-340 b","Kepler-340",1,2.53000000,,,808.76200000
"PH2 b","PH2",1,9.33708092,0.27400000,,343.86300000
"Kepler-342 e","Kepler-342",1,0.88000000,,,781.61100000
"Kepler-696 b","Kepler-696",1,6.14000000,,,1416.44000000
"Kepler-342 c","Kepler-342",1,1.96000000,,,781.61100000
"Kepler-1513 b","Kepler-1513",1,8.59400000,0.15200000,"G V",349.24700000
"KOI-3680 b","KOI-3680",1,11.09691000,1.93000000,,921.98600000
"Kepler-1514 b","Kepler-1514",1,12.41957200,5.28000000,,397.29200000
"Kepler-1514 c","Kepler-1514",1,1.17582410,,,397.29200000
"Kepler-1515 b","Kepler-1515",1,9.55000000,,,539.32100000
"Kepler-200 b","Kepler-200",1,2.13000000,,,665.91200000
"Kepler-1516 b","Kepler-1516",1,1.75000000,,,1358.95000000
"Kepler-343 c","Kepler-343",1,2.02000000,,,927.19300000
"Kepler-201 b","Kepler-201",1,2.46000000,,,636.44500000
"Kepler-1031 b","Kepler-1031",1,0.87000000,,,682.88200000
"Kepler-1038 c","Kepler-1038",1,1.41623380,,,584.13600000
"Kepler-454 b","Kepler-454",2,2.37000000,0.01699030,,230.86900000
"Kepler-1722 b","Kepler-1722",1,2.86719266,,,772.28300000
"Kepler-347 c","Kepler-347",1,1.75000000,,,1298.88000000
"Kepler-202 b","Kepler-202",1,1.63000000,,,285.11100000
"Kepler-1047 c","Kepler-1047",1,0.99000000,,,817.64700000
"Kepler-697 b","Kepler-697",1,4.13000000,,,1277.33000000
"Kepler-1517 b","Kepler-1517",1,9.76000000,,,847.29900000
"Kepler-698 b","Kepler-698",1,3.68000000,,,1995.57000000
"Kepler-348 c","Kepler-348",1,1.33000000,,,570.78300000
"Kepler-203 b","Kepler-203",1,2.57000000,,,703.30200000
"Kepler-351 d","Kepler-351",1,2.72000000,,,1083.91000000
"Kepler-1519 b","Kepler-1519",1,7.06000000,,,1441.63000000
"Kepler-637 b","Kepler-637",1,4.75000000,,,786.09100000
"Kepler-352 d","Kepler-352",1,0.80628032,,,252.73300000
"Kepler-700 b","Kepler-700",1,5.99000000,,,1491.76000000
"KIC 5437945 b","KIC 5437945",1,6.40000000,,,1274.01000000
"Kepler-1520 b","Kepler-1520",1,5.77000000,,,607.91700000
"Kepler-1065 c","Kepler-1065",1,1.60000000,,,1122.48000000
"Kepler-170 b","Kepler-170",1,3.20000000,,,738.65700000
"Kepler-1067 b","Kepler-1067",1,0.80000000,,,667.69300000
"Kepler-638 b","Kepler-638",1,1.83000000,,,991.21400000
"Kepler-154 b","Kepler-154",1,2.26000000,,,915.21200000
"Kepler-1073 c","Kepler-1073",1,1.64000000,,,809.89700000
"Kepler-701 b","Kepler-701",1,2.84000000,,,774.15200000
"Kepler-1521 b","Kepler-1521",1,2.50000000,,,206.98300000
"Kepler-1073 d","Kepler-1073",1,1.48770949,,,809.89700000
"Kepler-557 b","Kepler-557",1,2.67000000,,,2097.12000000
"Kepler-1522 b","Kepler-1522",1,1.73000000,,,814.12500000
"Kepler-702 b","Kepler-702",1,9.17000000,,,992.07100000
"Kepler-1698 b","Kepler-1698",1,1.07315686,,,222.34500000
"Kepler-2001 b","Kepler-2001",1,1.04000000,,,776.55000000
"Kepler-1523 b","Kepler-1523",1,1.58000000,,,865.59600000
"Kepler-204 b","Kepler-204",1,2.53000000,,,686.72300000
"Kepler-1085 b","Kepler-1085",1,7.22000000,,,1364.53000000
"Kepler-1928 b","Kepler-1928",1,1.99200000,,,326.36200000
"Kepler-1524 b","Kepler-1524",1,3.54000000,,,381.77300000
"Kepler-639 b","Kepler-639",1,2.38000000,,,850.24200000
"Kepler-1086 c","Kepler-1086",2,2.94000000,,,466.08400000
"Kepler-171 b","Kepler-171",1,2.34000000,,,863.85500000
"Kepler-1525 b","Kepler-1525",1,0.91000000,,,382.98900000
"Kepler-1526 b","Kepler-1526",1,2.43000000,,,555.57400000
"Kepler-359 d","Kepler-359",1,4.01000000,,,1443.21000000
"Kepler-703 b","Kepler-703",1,8.20000000,,,1156.83000000
"Kepler-1527 b","Kepler-1527",1,4.77000000,,,1842.13000000
"Kepler-704 b","Kepler-704",1,2.61000000,,,1228.83000000
"Kepler-1929 b","Kepler-1929",1,3.07250761,,,508.20100000
"Kepler-1528 b","Kepler-1528",1,1.46000000,,,817.53400000
"Kepler-1529 b","Kepler-1529",1,2.10000000,,,661.01400000
"Kepler-172 b","Kepler-172",1,2.35000000,,,828.59200000
"Kepler-154 e","Kepler-154",1,1.50000000,,,915.21200000
"Kepler-1090 b","Kepler-1090",1,2.25000000,,,858.77000000
"Kepler-1530 d","Kepler-1530",1,3.27870115,,,489.87600000
"Kepler-1530 b","Kepler-1530",1,1.64000000,,,489.87600000
"Kepler-1530 c","Kepler-1530",1,1.65000000,,,489.87600000
"Kepler-1531 b","Kepler-1531",1,1.11000000,,,666.33400000
"Kepler-1093 c","Kepler-1093",1,1.96000000,,,1072.88000000
"Kepler-205 b","Kepler-205",1,1.51000000,,,159.72000000
"Kepler-1699 b","Kepler-1699",1,1.56671124,,,818.75900000
"Kepler-1532 b","Kepler-1532",1,1.35000000,,,798.24600000
"Kepler-1930 b","Kepler-1930",1,1.52955541,,,275.69400000
"Kepler-242 b","Kepler-242",1,2.61000000,,,600.24100000
"Kepler-1931 b","Kepler-1931",1,2.65323514,,,620.09100000
"Kepler-1533 b","Kepler-1533",1,3.46000000,,,966.80100000
"Kepler-705 b","Kepler-705",1,2.11000000,,,276.88100000
"Kepler-361 b","Kepler-361",1,1.45000000,,,930.32000000
"Kepler-206 c","Kepler-206",1,1.77000000,,,594.44700000
"Kepler-362 b","Kepler-362",1,0.88000000,,,1090.51000000
"Kepler-1535 b","Kepler-1535",1,2.55000000,,,897.73300000
"Kepler-173 c","Kepler-173",1,2.43000000,,,833.16500000
"Kepler-467 b","Kepler-467",1,2.25000000,,,466.26500000
"Kepler-539 b","Kepler-539",1,8.37312300,0.97000000,"G2 V",307.31800000
"Kepler-1536 b","Kepler-1536",1,3.14000000,,,387.24800000
"Kepler-1126 c","Kepler-1126",1,1.45000000,,,635.73600000
"Kepler-600 b","Kepler-600",1,2.90000000,,,619.72300000
"Kepler-1537 b","Kepler-1537",1,1.18000000,,,517.29200000
"Kepler-365 c","Kepler-365",1,1.64000000,,,1038.99000000
"Kepler-152 b","Kepler-152",1,2.79000000,,,441.09000000
"Kepler-1129 c","Kepler-1129",1,2.73000000,,,1183.88000000
"Kepler-1932 b","Kepler-1932",1,1.51482218,,,713.73300000
"Kepler-1933 b","Kepler-1933",1,1.17984089,,,328.00700000
"Kepler-439 b","Kepler-439",1,2.24000000,,,757.04800000
"Kepler-1801 c","Kepler-1801",1,2.91000000,,,839.33200000
"Kepler-1538 b","Kepler-1538",1,2.82000000,,,1125.30000000
"Kepler-1700 b","Kepler-1700",1,2.90129941,,,717.59700000
"Kepler-1539 b","Kepler-1539",1,2.70000000,,,748.32600000
"Kepler-1540 b","Kepler-1540",2,2.49000000,,,244.96000000
"KOI-1783.02","KOI-1783",1,5.44000000,0.04719504,,865.73000000
"Kepler-196 b","Kepler-196",1,1.90000000,,,451.31200000
"Kepler-243 b","Kepler-243",1,2.45000000,,,693.86000000
"Kepler-1409 b","Kepler-1409",1,1.04000000,,,694.89000000
"Kepler-1899 b","Kepler-1899",1,1.55098292,,,711.50900000
"KOI-351 e","KOI-351",1,2.66000000,,,848.25400000
"Kepler-1904 b","Kepler-1904",1,1.39049940,,,270.85400000
"Kepler-1425 b","Kepler-1425",1,0.94000000,,,863.87300000
"Kepler-296 e","Kepler-296",2,1.53000000,,,
"Kepler-1649 b","Kepler-1649",1,1.01700000,,,92.19130000
"Kepler-601 b","Kepler-601",1,1.90000000,,,414.82500000
"KOI-351 c","KOI-351",1,1.19000000,,,848.25400000
"KOI-351 b","KOI-351",1,1.31000000,,,848.25400000
"KOI-1599.02","KOI-1599",1,1.90000000,0.02831702,,1131.64000000
"Kepler-1350 c","Kepler-1350",1,1.73000000,,,340.69100000
"Kepler-529 d","Kepler-529",1,2.79502603,,,799.00800000
"Kepler-607 b","Kepler-607",1,0.87000000,,,519.12200000
"KOI-351 f","KOI-351",1,2.88000000,,,848.25400000
"Kepler-354 c","Kepler-354",1,1.31000000,,,554.06400000
"Kepler-389 c","Kepler-389",1,1.46000000,,,816.55900000
"Kepler-1454 b","Kepler-1454",1,1.88000000,,,780.56600000
"Kepler-1697 b","Kepler-1697",1,1.25954761,,,247.77100000
"Kepler-1926 b","Kepler-1926",1,2.31495961,,,667.40500000
"Kepler-460 c","KIC 5437945",1,5.52000000,,,1274.01000000
"Kepler-707 b","Kepler-707",1,1.33000000,,,591.77600000
"Kepler-1624 b","Kepler-1624",1,6.59000000,,"M V",258.97900000
"Kepler-207 d","Kepler-207",1,3.31000000,,,875.51900000
"Kepler-602 b","Kepler-602",1,2.09000000,,,1159.31000000
"Kepler-640 b","Kepler-640",1,2.56000000,,,557.78700000
"Kepler-708 b","Kepler-708",1,2.93000000,,,1394.22000000
"Kepler-603 b","Kepler-603",1,2.65000000,,,1539.63000000
"Kepler-583 b","Kepler-583",1,2.28000000,,,867.27100000
"Kepler-244 b","Kepler-244",1,2.76000000,,,1036.49000000
"Kepler-709 b","Kepler-709",1,2.92000000,,,664.84300000
"Kepler-1625 b","Kepler-1625",1,6.06000000,,,2310.11000000
"Kepler-584 b","Kepler-584",1,4.21000000,,,1848.84000000
"Kepler-245 b","Kepler-245",1,2.57000000,,,861.52700000
"Kepler-28 b","Kepler-28",1,1.95900000,0.00512855,,438.35900000
"Kepler-641 b","Kepler-641",1,1.85000000,,,969.91800000
"Kepler-208 b","Kepler-208",1,1.63000000,,,775.32800000
"Kepler-1626 b","Kepler-1626",1,2.02000000,,,1368.83000000
"Kepler-558 b","Kepler-558",1,2.37000000,,,661.87600000
"Kepler-495 b","Kepler-495",1,5.23000000,,,658.92400000
"Kepler-46 b","Kepler-46",1,9.05700000,6.00000000,,777.06000000
"Kepler-209 b","Kepler-209",1,2.26000000,,,576.94600000
"Kepler-710 b","Kepler-710",1,1.88000000,,,1448.34000000
"Kepler-604 b","Kepler-604",1,2.59000000,,,1026.49000000
"Kepler-1627 b","Kepler-1627",1,3.69000000,,,317.43700000
"Kepler-642 b","Kepler-642",1,2.90000000,,,781.58200000
"Kepler-246 b","Kepler-246",1,2.34000000,,,626.07800000
"Kepler-1729 b","Kepler-1729",1,3.89404186,,,576.18100000
"Kepler-144 b","Kepler-144",1,1.33000000,,,384.91700000
"Kepler-160 c","Kepler-160",1,3.76000000,,,937.01300000
"Kepler-643 b","Kepler-643",1,10.16000000,,,1063.58000000
"Kepler-81 b","Kepler-81",1,2.42000000,,,348.29100000
"Kepler-711 b","Kepler-711",1,3.41000000,,,624.57500000
"Kepler-1718 b","Kepler-1718",1,2.56852070,,,375.52200000
"Kepler-82 b","Kepler-82",1,4.07000000,0.03822798,,904.32600000
"Kepler-434 b","Kepler-434",1,12.67000000,2.86000000,,1222.54000000
"Kepler-712 b","Kepler-712",1,3.41000000,,,872.49300000
"Kepler-1628 b","Kepler-1628",1,6.43000000,,,
"Kepler-247 c","Kepler-247",1,4.09000000,,,663.71100000
"Kepler-1630 b","Kepler-1630",1,2.19000000,,,331.21300000
"Kepler-161 b","Kepler-161",1,2.12000000,,,434.63200000
"Kepler-184 b","Kepler-184",1,2.36000000,,,610.32600000
"Kepler-1631 b","Kepler-1631",1,1.35000000,,,1305.99000000
"Kepler-1632 b","Kepler-1632",1,2.47000000,,,716.76000000
"Kepler-210 c","Kepler-210",1,3.62000000,,,232.75000000
"Kepler-54 b","Kepler-54",1,2.10000000,,,271.70100000
"Kepler-472 b","Kepler-472",1,3.22000000,,,306.60200000
"Kepler-713 b","Kepler-713",1,2.48000000,,,1089.87000000
"Kepler-211 c","Kepler-211",1,1.29000000,,,309.35300000
"Kepler-212 c","Kepler-212",1,2.74000000,,,687.19400000
"Kepler-435 b","Kepler-435",1,22.31000000,0.84000000,,1418.77000000
"Kepler-714 b","Kepler-714",1,9.67000000,,,2083.37000000
"Kepler-1633 b","Kepler-1633",1,1.58000000,,,1114.91000000
"Kepler-605 b","Kepler-605",1,1.44000000,,,556.58000000
"Kepler-1634 b","Kepler-1634",1,3.19000000,,,617.33900000
"Kepler-120 b","Kepler-120",1,2.15000000,,,388.63000000
"Kepler-1635 b","Kepler-1635",1,3.64000000,,,1069.45000000
"Kepler-715 b","Kepler-715",1,3.75000000,,,1327.44000000
"Kepler-716 b","Kepler-716",1,2.90000000,,,635.00900000
"Kepler-717 b","Kepler-717",1,2.42000000,,,2805.48000000
"Kepler-644 b","Kepler-644",1,3.15000000,,,1318.05000000
"Kepler-121 b","Kepler-121",1,2.34000000,,,510.52300000
"Kepler-1636 b","Kepler-1636",1,3.23000000,,,1947.54000000
"Kepler-248 c","Kepler-248",1,4.07000000,,,738.79200000
"Kepler-718 b","Kepler-718",1,16.56000000,,,1302.33000000
"Kepler-83 b","Kepler-83",2,2.83000000,,,400.40900000
"Kepler-249 c","Kepler-249",1,1.51000000,,,190.40100000
"Kepler-1730 b","Kepler-1730",1,4.48524519,,,1427.08000000
"Kepler-162 c","Kepler-162",1,3.03000000,,,855.64100000
"Kepler-185 c","Kepler-185",1,2.02000000,,,466.73500000
"Kepler-1637 b","Kepler-1637",1,0.89000000,,,567.18700000
"Kepler-585 b","Kepler-585",1,2.83000000,,,585.18700000
"Kepler-174 b","Kepler-174",1,1.96000000,,,384.75700000
"Kepler-1638 b","Kepler-1638",1,1.87000000,,,1525.52000000
"Kepler-175 b","Kepler-175",1,2.56000000,,,1312.34000000
"Kepler-1639 b","Kepler-1639",1,2.58000000,,,1031.31000000
"Kepler-176 c","Kepler-176",1,2.60000000,,,527.32100000
"Kepler-719 b","Kepler-719",1,8.52000000,,,2497.51000000
"Kepler-559 b","Kepler-559",1,3.61000000,,,776.70800000
"Kepler-186 c","Kepler-186",1,1.25000000,,"M1",177.59400000
"Kepler-55 d","Kepler-55",1,1.59000000,,,578.79600000
"Kepler-645 b","Kepler-645",1,2.10000000,,,1173.57000000
"Kepler-1989 b","Kepler-1989",1,4.62000000,,,1252.13000000
"Kepler-187 c","Kepler-187",1,2.67000000,,,1143.00000000
"Kepler-250 c","Kepler-250",1,2.28000000,,,760.58500000
"Kepler-122 c","Kepler-122",1,5.87000000,,,1027.45000000
"Kepler-251 c","Kepler-251",1,2.77000000,,,924.62500000
"Kepler-720 b","Kepler-720",1,8.41000000,,,1065.37000000
"Kepler-188 c","Kepler-188",1,3.19000000,,,968.54400000
"Kepler-547 b","Kepler-547",1,4.00000000,,,378.97200000
"Kepler-189 c","Kepler-189",1,2.38000000,,,591.53400000
"Kepler-646 b","Kepler-646",1,1.99000000,,,451.79400000
"Kepler-606 b","Kepler-606",1,3.31000000,,,1215.11000000
"Kepler-103 b","Kepler-103",1,3.48570000,0.03671793,"G2",494.83200000
"Kepler-721 b","Kepler-721",1,2.64000000,,,926.59800000
"Kepler-1981 b","Kepler-1981",1,9.23000000,,,659.39500000
"Kepler-647 c","Kepler-647",1,4.00135002,,,1087.87000000
"Kepler-722 b","Kepler-722",1,2.63000000,,,1239.50000000
"Kepler-145 c","Kepler-145",1,4.32000000,0.25000000,,566.85000000
"Kepler-252 c","Kepler-252",1,2.15000000,,,379.42400000
"Kepler-1640 b","Kepler-1640",1,4.82000000,,,1859.78000000
"Kepler-723 b","Kepler-723",1,12.19000000,,,1071.80000000
"Kepler-1641 b","Kepler-1641",1,3.11000000,,,860.37000000
"Kepler-1641 c","Kepler-1641",1,2.95000000,,,860.37000000
"Kepler-213 b","Kepler-213",1,1.62000000,,,634.93900000
"Kepler-607 c","Kepler-607",1,2.76001201,,,519.12200000
"Kepler-1642 b","Kepler-1642",1,3.20000000,,,413.87300000
"Kepler-1642 c","Kepler-1642",1,2.66000000,,,413.87300000
"Kepler-608 b","Kepler-608",1,3.64000000,,,946.68300000
"Kepler-190 b","Kepler-190",1,1.56000000,,,433.38700000
"Kepler-311 d","Kepler-311",1,2.05000000,,,778.65400000
"Kepler-1643 b","Kepler-1643",1,2.32000000,,,341.77400000
"Kepler-609 b","Kepler-609",1,3.35000000,,,1065.82000000
"Kepler-724 b","Kepler-724",1,3.29000000,,,853.11900000
"Kepler-725 b","Kepler-725",1,10.80000000,,,758.46900000
"Kepler-475 b","Kepler-475",1,2.49000000,,,280.06900000
"Kepler-540 b","Kepler-540",1,2.71000000,,,390.37400000
"Kepler-1644 b","Kepler-1644",1,1.88000000,,,629.27000000
"Kepler-1645 b","Kepler-1645",1,1.78000000,,,1202.47000000
"Kepler-1052 c","Kepler-1052",1,2.30000000,,,943.44400000
"Kepler-726 b","Kepler-726",1,3.26000000,,,762.08100000
"Kepler-253 c","Kepler-253",1,2.65000000,,,838.59500000
"Kepler-214 c","Kepler-214",1,2.13000000,,,1208.44000000
"Kepler-1143 c","Kepler-1143",1,3.60000000,,,555.18900000
"Kepler-1834 c","Kepler-1834",1,1.22000000,,,500.39500000
"Kepler-401 d","Kepler-401",1,2.27000000,,,965.56000000
"Kepler-1388 d","Kepler-1388",1,2.86000000,,,453.79500000
"Kepler-1388 e","Kepler-1388",1,2.46000000,,,453.79500000
"Kepler-648 b","Kepler-648",1,3.22000000,,,636.03000000
"Kepler-1482 b","Kepler-1482",1,1.01000000,,,567.55600000
"Kepler-1491 c","Kepler-1491",1,2.44000000,,,2065.59000000
"Kepler-649 b","Kepler-649",1,2.26000000,,,513.74800000
"KOI-3503 c","KOI-3503",1,1.21000000,0.03259621,,887.06400000
"Kepler-1534 b","Kepler-1534",1,1.89000000,,,
"Kepler-176 e","Kepler-176",1,1.45000000,,,527.32100000
"Kepler-177 c","Kepler-177",1,8.73000000,0.04625114,,1435.44000000
"Kepler-1542 d","Kepler-1542",1,0.87000000,,,399.11400000
"Kepler-1542 e","Kepler-1542",1,0.76000000,,,399.11400000
"Kepler-610 b","Kepler-610",1,4.19000000,,,845.82400000
"Kepler-1600 b","Kepler-1600",1,3.13000000,,,1030.81000000
"Kepler-109 b","Kepler-109",1,2.49000000,0.01541712,,474.86100000
"Kepler-727 b","Kepler-727",1,2.53000000,,,831.84200000
"Kepler-1518 b","Kepler-1518",1,3.05000000,,,903.51000000
"Kepler-1518 c","Kepler-1518",1,2.90000000,,,903.51000000
"Kepler-560 b","Kepler-560",2,1.72000000,,,109.30800000
"Kepler-1185 b","Kepler-1185",1,1.33000000,,,459.27300000
"Kepler-347 d","Kepler-347",1,3.04000000,,,1298.88000000
"Kepler-1972 c","Kepler-1972",1,0.86800000,0.00663880,,287.33900000
"Kepler-650 b","Kepler-650",1,2.96000000,,,884.37800000
"Kepler-728 b","Kepler-728",1,3.34000000,,,1765.23000000
"Kepler-561 b","Kepler-561",1,6.96000000,,,621.37800000
"Kepler-1721 b","Kepler-1721",1,3.11856756,,,641.37400000
"Kepler-215 d","Kepler-215",1,2.39000000,,,485.99700000
"Kepler-62 d","Kepler-62",1,1.95000000,0.04400000,"K2 V",300.87400000
"Kepler-191 d","Kepler-191",1,2.28000000,,,594.46400000
"Kepler-611 b","Kepler-611",1,1.65000000,,,1395.56000000
"Kepler-729 b","Kepler-729",1,3.58000000,,,1921.15000000
"Kepler-425 b","Kepler-425",1,10.96200000,0.25000000,"K1 V",646.64700000
"Kepler-548 b","Kepler-548",1,11.99000000,,,751.77600000
"Kepler-730 b","Kepler-730",1,12.32990000,,,1935.04000000
"Kepler-192 b","Kepler-192",1,2.74000000,,,651.67400000
"Kepler-586 b","Kepler-586",1,2.79000000,,,693.76600000
"Kepler-731 b","Kepler-731",1,13.88000000,,,1257.16000000
"Kepler-49 b","Kepler-49",1,2.57900000,0.03073986,,311.22200000
"Kepler-1726 b","Kepler-1726",1,2.50861954,,,390.55200000
"Kepler-612 b","Kepler-612",1,2.84000000,,,1445.53000000
"Kepler-254 b","Kepler-254",1,3.87000000,,,1389.48000000
"Kepler-31 b","Kepler-31",1,5.50000000,,,1664.64000000
"Kepler-732 b","Kepler-732",1,2.18000000,,,174.82600000
"Kepler-733 b","Kepler-733",1,2.82000000,,,916.70600000
"Kepler-255 c","Kepler-255",1,2.99000000,,,1052.53000000
"Kepler-96 b","Kepler-96",1,2.67000000,0.02700000,,122.88100000
"Kepler-33 d","Kepler-33",1,5.35000000,,,1209.16000000
"Kepler-256 c","Kepler-256",1,2.15000000,,,1026.43000000
"Kepler-39 b","Kepler-39",1,13.90000000,20.10000000,"F7 V",1057.41000000
"Kepler-734 b","Kepler-734",1,3.56000000,,,1157.21000000
"Kepler-257 c","Kepler-257",1,5.41000000,,,780.25600000
"Kepler-735 b","Kepler-735",1,2.95000000,,,695.05900000
"Kepler-736 b","Kepler-736",1,2.93000000,,,1005.43000000
"Kepler-216 c","Kepler-216",1,3.04000000,,,1187.47000000
"Kepler-613 b","Kepler-613",1,2.29000000,,,861.49400000
"KOI-142 b","KOI-142",1,3.43800000,0.03000000,,376.86300000
"Kepler-651 b","Kepler-651",1,2.37000000,,,509.40800000
"Kepler-562 b","Kepler-562",1,5.21000000,,,992.76900000
"Kepler-563 b","Kepler-563",1,3.09000000,,,565.20700000
"Kepler-217 b","Kepler-217",1,2.23000000,,,1104.64000000
"Kepler-218 c","Kepler-218",1,3.14000000,,,656.38000000
"Kepler-1666 b","Kepler-1666",1,2.88273782,,,1379.37000000
"Kepler-614 b","Kepler-614",1,2.39000000,,,527.99500000
"Kepler-615 b","Kepler-615",1,1.74000000,,,
"Kepler-506 b","Kepler-506",1,2.73000000,,,228.43900000
"Kepler-652 b","Kepler-652",1,2.49000000,,,394.55000000
"Kepler-737 b","Kepler-737",1,1.96000000,,,205.11800000
"Kepler-738 b","Kepler-738",1,2.50000000,,,1113.65000000
"HAT-P-7 b","HAT-P-7",3,16.92559000,1.84000000,,341.07900000
"Kepler-739 b","Kepler-739",1,3.32000000,,,1370.65000000
"Kepler-258 b","Kepler-258",1,4.06000000,,,575.98800000
"Kepler-193 b","Kepler-193",1,2.39000000,,,1009.10000000
"Kepler-32 b","Kepler-32",1,2.20000000,4.10000000,,323.84700000
"Kepler-1646 b","Kepler-1646",1,1.23000000,,,127.59100000
"Kepler-740 b","Kepler-740",1,4.57000000,,,1442.02000000
"Kepler-259 b","Kepler-259",1,2.80000000,,,1002.14000000
"Kepler-741 b","Kepler-741",1,2.97000000,,,1661.87000000
"Kepler-564 b","Kepler-564",1,4.63000000,,,863.03700000
"Kepler-653 b","Kepler-653",1,1.95000000,,,595.63400000
"Kepler-742 b","Kepler-742",1,3.24000000,,,489.25300000
"Kepler-219 b","Kepler-219",1,2.95000000,,,787.07000000
"Kepler-178 b","Kepler-178",1,2.90000000,,,716.02500000
"Kepler-148 d","Kepler-148",1,8.68000000,,,791.16300000
"Kepler-220 c","Kepler-220",1,1.57000000,,,171.10900000
"Kepler-1723 b","Kepler-1723",1,2.88046569,,,811.27800000
"Kepler-452 b","Kepler-452",1,1.63000000,,"G2",551.72700000
"Kepler-433 b","Kepler-433",1,16.25000000,2.82000000,,1878.31000000
"Kepler-616 b","Kepler-616",1,2.43000000,,,945.77500000
"Kepler-221 c","Kepler-221",1,2.93000000,,,385.23100000
"Kepler-654 b","Kepler-654",1,2.07000000,,,974.12400000
"Kepler-655 b","Kepler-655",1,2.71000000,,,752.56200000
"Kepler-222 b","Kepler-222",1,3.16000000,,,758.85400000
"Kepler-163 c","Kepler-163",1,2.26000000,,,689.81400000
"Kepler-48 b","Kepler-48",1,1.88000000,0.01239656,,306.73800000
"Kepler-565 b","Kepler-565",1,3.64000000,,,
"Kepler-1720 b","Kepler-1720",1,3.21585295,,,629.44500000
"Kepler-549 d","Kepler-549",1,4.20000000,,,635.14500000
"Kepler-223 d","Kepler-223",1,5.24000000,0.02517069,,1859.71000000
"Kepler-7 b","Kepler-7",1,18.18099800,0.44100000,,922.56200000
"Kepler-656 b","Kepler-656",1,3.12000000,,,890.35200000
"Kepler-587 b","Kepler-587",1,2.23000000,,,787.89400000
"Kepler-224 c","Kepler-224",1,3.12000000,,,782.08800000
"Kepler-657 b","Kepler-657",1,3.52000000,,,1691.88000000
"Kepler-225 c","Kepler-225",1,1.84000000,,,561.10100000
"Kepler-623 b","Kepler-623",1,3.01000000,,,737.70200000
"KOI-12 b","KOI-12",1,13.78707000,1.10000000,,399.39800000
"Kepler-29 b","Kepler-29",1,2.55000000,0.01573168,,832.53200000
"Kepler-658 b","Kepler-658",1,1.63000000,,,388.38400000
"Kepler-617 b","Kepler-617",1,1.32000000,,,173.35400000
"Kepler-659 b","Kepler-659",1,2.50000000,,,722.64000000
"KOI-7368 b","KOI-7368",1,2.22000000,,,264.99500000
"Kepler-40 b","Kepler-40",1,13.11000000,2.20000000,"F5 IV",2305.01000000
"Kepler-1999 b","Kepler-1999",1,3.29000000,,,701.25500000
"Kepler-588 b","Kepler-588",1,2.63000000,,,1209.40000000
"Kepler-164 c","Kepler-164",1,2.73000000,,,890.75800000
"Kepler-589 b","Kepler-589",1,2.27000000,,,612.80300000
"Kepler-660 b","Kepler-660",1,2.57000000,,,568.43100000
"Kepler-179 c","Kepler-179",1,2.00000000,,,605.68000000
"Kepler-165 b","Kepler-165",1,2.32000000,,,560.88500000
"Kepler-661 b","Kepler-661",1,3.07000000,,,534.78800000
"Kepler-496 b","Kepler-496",1,2.32000000,,,605.27400000
"Kepler-566 b","Kepler-566",1,2.15000000,,,564.27700000
"Kepler-194 c","Kepler-194",1,2.59000000,,,1097.97000000
"Kepler-226 c","Kepler-226",1,2.27000000,,,980.13800000
"Kepler-550 b","Kepler-550",1,4.42000000,,,531.94400000
"Kepler-195 b","Kepler-195",1,2.03000000,,,652.05100000
"Kepler-1629 b","Kepler-1629",1,0.77000000,,,336.09000000
"Kepler-662 b","Kepler-662",1,2.18000000,,,815.63700000
"Kepler-1724 b","Kepler-1724",1,2.83677238,,,1060.77000000
"Kepler-663 b","Kepler-663",1,2.60000000,,,1063.09000000
"Kepler-551 b","Kepler-551",1,2.73000000,,,311.17500000
"Kepler-487 b","Kepler-487",1,11.42000000,,,872.34300000
"Kepler-618 b","Kepler-618",1,2.60000000,,,1221.96000000
"Kepler-227 b","Kepler-227",1,3.11000000,,,1083.06000000
"Kepler-153 b","Kepler-153",1,2.92000000,,,459.36800000
"K2-44 b","K2-44",1,2.43300000,,,476.70300000
"K2-46 b","K2-46",1,2.05000000,,,449.23700000
"K2-8 c","K2-8",1,2.41000000,,"K3 V",403.51300000
"K2-27 b","K2-27",3,4.74000000,0.09501983,,249.64500000
"K2-35 c","K2-35",1,1.93000000,,,252.59600000
"Kepler-664 b","Kepler-664",1,2.66000000,,,1210.12000000
"Kepler-552 b","Kepler-552",1,3.95000000,,,843.68900000
"K2-42 b","K2-42",1,2.15000000,,,396.91300000
"K2-43 b","K2-43",1,4.51000000,,,182.53600000
"Kepler-228 d","Kepler-228",1,4.04000000,,,1644.61000000
"K2-45 b","K2-45",1,6.71000000,,,495.31700000
"K2-164 b","K2-164",1,3.24925008,,,375.67000000
"K2-19 d","K2-19",1,1.04400000,0.01950738,"G9",289.82700000
"Kepler-590 b","Kepler-590",1,4.02000000,,,1421.81000000
"K2-35 b","K2-35",1,1.32000000,,,252.59600000
"Kepler-229 c","Kepler-229",1,4.92000000,,,826.26500000
"K2-47 b","K2-47",1,1.89000000,,,349.88100000
"K2-48 b","K2-48",1,2.24000000,,,313.76400000
"K2-49 b","K2-49",1,1.93000000,,,457.12500000
"K2-36 c","K2-36",1,3.20000000,0.02485618,,109.74900000
"K2-36 b","K2-36",1,1.43000000,0.01352931,,109.74900000
"Kepler-74 b","Kepler-74",1,10.76000000,0.63000000,"F8 V",1177.55000000
"Kepler-567 b","Kepler-567",1,2.25000000,,,558.81000000
"K2-50 b","K2-50",1,1.59000000,,,257.44300000
"WASP-85 A b","WASP-85 A",2,13.89916000,1.26500000,"G5 V",141.88700000
"Kepler-553 b","Kepler-553",1,4.74139884,0.36500000,,728.52500000
"K2-24 c","K2-24",1,7.93000000,0.05160017,,170.56200000
"K2-24 b","K2-24",1,5.63800000,0.06481485,,170.56200000
"K2-52 b","K2-52",1,18.00000000,,,1038.41000000
"Kepler-591 b","Kepler-591",1,3.39000000,,,785.13700000
"K2-37 c","K2-37",1,2.41000000,,,179.94300000
"K2-37 d","K2-37",1,2.31000000,0.03932940,,179.94300000
"K2-37 b","K2-37",1,1.39000000,,,179.94300000
"K2-31 b","K2-31",2,11.88154000,1.77400000,"G7 V",110.52700000
"K2-365 b","K2-365",1,2.90600000,,,187.22200000
"Kepler-619 b","Kepler-619",1,3.16000000,,,900.67800000
"K2-53 b","K2-53",1,2.60000000,,,138.01800000
"K2-32 b","K2-32",2,5.29900000,0.04719528,,157.68200000
"K2-32 d","K2-32",2,3.48400000,0.02108056,,157.68200000
"K2-32 c","K2-32",2,3.13400000,0.02548545,,157.68200000
"K2-366 b","K2-366",1,2.35900000,,,185.94700000
"Kepler-665 b","Kepler-665",1,2.60000000,,,612.83800000
"K2-33 b","K2-33",1,5.04000000,3.70000000,"M3.3",139.26800000
"K2-289 b","K2-289",1,9.10000000,,,274.30000000
"K2-167 b","K2-167",1,2.36509493,,,80.89940000
"K2-55 b","K2-55",1,4.43000000,0.13843948,,159.52200000
"Kepler-568 b","Kepler-568",1,2.26000000,,,130.64500000
"K2-168 b","K2-168",1,1.86000000,,,243.93500000
"K2-169 b","K2-169",1,1.27328671,,,235.86700000
"K2-170 c","K2-170",1,1.80176470,,,392.87200000
"K2-170 b","K2-170",1,1.41817537,,,392.87200000
"K2-265 b","K2-265",2,1.70824866,0.02310000,,138.67100000
"Kepler-569 b","Kepler-569",1,3.16000000,,,638.30100000
"EPIC 206024342 d","EPIC 206024342",1,2.60000000,,,369.88800000
"EPIC 206024342 c","EPIC 206024342",1,1.40000000,,,369.88800000
"K2-57 b","K2-57",1,2.30905002,,,264.21300000
"K2-58 b","K2-58",1,2.68000000,,,181.74600000
"K2-58 c","K2-58",1,1.62000000,,,181.74600000
"K2-58 d","K2-58",1,1.71000000,,,181.74600000
"K2-59 b","K2-59",1,2.41000000,,,311.31300000
"K2-59 c","K2-59",1,2.30000000,,,311.31300000
"Kepler-230 b","Kepler-230",1,4.26000000,,,740.75400000
"K2-60 b","K2-60",1,7.65574700,0.42600000,"G4 V",491.87000000
"EPIC 206042996 c","EPIC 206042996",1,1.20000000,,,451.76900000
"K2-61 b","K2-61",1,1.92000000,,,405.73200000
"K2-171 b","K2-171",1,2.68657205,,,606.12800000
"K2-367 b","K2-367",1,2.41300000,,,176.96500000
"K2-172 c","K2-172",1,3.20569097,,,249.74200000
"Kepler-592 b","Kepler-592",1,2.39000000,,,1153.13000000
"K2-172 b","K2-172",1,1.66608079,,,249.74200000
"K2-62 b","K2-62",1,2.02000000,,,112.46700000
"K2-62 c","K2-62",1,1.99000000,,,112.46700000
"K2-63 c","K2-63",1,3.90000000,,,517.53400000
"K2-63 b","K2-63",1,3.22000000,,,517.53400000
"K2-116 b","K2-116",1,0.69000000,,,49.38550000
"K2-64 b","K2-64",1,2.07000000,,,499.89100000
"K2-368 b","K2-368",1,1.33200000,,,206.60800000
"Kepler-593 b","Kepler-593",1,2.87000000,,,973.76000000
"K2-65 b","K2-65",1,1.58000000,,,
"K2-369 b","K2-369",1,1.31300000,,,185.55000000
"K2-66 b","K2-66",1,2.49000000,0.06701696,,513.87700000
"K2-68 b","K2-68",1,1.58000000,,,168.65200000
"K2-69 b","K2-69",1,2.32000000,,,180.69700000
"K2-70 b","K2-70",1,2.89000000,,,232.96400000
"HAT-P-11 b","HAT-P-11",1,,0.07400000,,37.76470000
"Kepler-118 c","Kepler-118",1,7.68000000,,,574.22800000
"Kepler-570 b","Kepler-570",1,2.45000000,,,568.14800000
"K2-71 b","K2-71",1,2.15000000,,,153.19200000
"K2-72 b","K2-72",1,1.08000000,,,66.43210000
"K2-73 b","K2-73",1,2.58000000,0.02894644,,269.18300000
"K2-39 b","K2-39",1,6.27704000,0.09000000,,307.47000000
"K2-74 b","K2-74",1,2.31000000,,,377.82200000
"EPIC 206317286 c","EPIC 206317286",1,2.09400000,,,314.35000000
"K2-28 b","K2-28",1,2.32000000,,"M4",62.99690000
"Kepler-1976 b","Kepler-1976",1,12.21000000,,,1314.51000000
"K2-75 b","K2-75",1,2.67000000,,,561.93000000
"K2-75 c","K2-75",1,2.77000000,,,561.93000000
"Kepler-666 b","Kepler-666",1,2.40000000,,,1508.71000000
"Kepler-166 b","Kepler-166",1,2.27000000,,,603.53000000
"K2-85 b","K2-85",1,1.40000000,0.01006833,,97.21790000
"K2-54 b","K2-54",1,2.61169250,,,174.95500000
"K2-72 c","K2-72",1,1.16000000,,,66.43210000
"K2-72 d","K2-72",1,1.01000000,,,66.43210000
"K2-72 e","K2-72",1,1.29000000,,,66.43210000
"Kepler-667 b","Kepler-667",1,4.73000000,,,2302.45000000
"K2-77 b","K2-77",1,2.49960270,,,141.73100000
"K2-79 b","K2-79",1,4.15000000,0.01856348,"G1",256.01100000
"K2-80 b","K2-80",1,2.01000000,,,200.80200000
"K2-80 c","K2-80",1,1.47000000,,,200.80200000
"K2-81 b","K2-81",1,1.97000000,,,252.31800000
"K2-83 b","K2-83",1,1.24400000,,,125.52900000
"Kepler-668 b","Kepler-668",1,2.70000000,,,784.61800000
"K2-83 c","K2-83",1,1.48300000,,,125.52900000
"K2-174 b","K2-174",1,2.60000000,,,99.92930000
"K2-84 b","K2-84",1,2.41000000,,,284.87600000
"K2-84 c","K2-84",1,2.03000000,,,284.87600000
"K2-86 b","K2-86",1,1.96000000,,,258.69900000
"Kepler-669 b","Kepler-669",1,4.83000000,,,2063.41000000
"K2-87 b","K2-87",1,7.60000000,,,491.24200000
"K2-88 b","K2-88",1,1.23000000,,,110.56100000
"K2-89 b","K2-89",1,0.61500000,,,86.03860000
"K2-111 b","K2-111",1,1.83700000,0.01683298,"G2",200.39400000
"K2-90 b","K2-90",1,2.60000000,,,134.18800000
"K2-90 c","K2-90",1,1.30000000,,,134.18800000
"Kepler-670 b","Kepler-670",1,13.18000000,,,939.74400000
"K2-91 b","K2-91",1,1.10000000,,,62.57850000
"K2-354 b","K2-354",1,1.56000000,,,91.72200000
"K2-180 b","K2-180",1,2.46597575,0.03590000,,203.89600000
"K2-117 b","K2-117",1,2.03000000,,,101.63200000
"K2-97 b","K2-97",1,13.45077684,0.54900000,,878.43000000
"K2-181 b","K2-181",1,2.69000000,,,360.91100000
"K2-182 b","K2-182",1,2.71257333,0.06600000,,154.83000000
"K2-98 b","K2-98",1,5.06645928,0.10700000,,518.62500000
"K2-371 b","K2-371",1,13.02400000,,,442.81300000
"Kepler-671 b","Kepler-671",1,2.69000000,,,1168.26000000
"K2-330 b","K2-330",1,2.77000000,,,160.12500000
"K2-268 c","K2-268",1,2.69000000,,,327.78300000
"K2-114 b","K2-114",1,10.59248676,2.01000000,,475.75800000
"K2-115 b","K2-115",1,11.80305668,1.01000000,,413.59100000
"K2-372 b","K2-372",1,2.94500000,,,463.88000000
"K2-269 b","K2-269",1,1.57000000,,,360.76000000
"K2-419 A b","K2-419 A",2,10.55000000,0.61700000,,268.68500000
"K2-105 b","K2-105",1,3.40000000,0.04845382,,197.98900000
"K2-270 c","K2-270",1,2.95000000,,,280.51800000
"K2-183 c","K2-183",1,2.30000000,,,329.04100000
"K2-332 b","K2-332",1,2.20000000,,,123.20200000
"K2-184 b","K2-184",1,1.47000000,,,75.58570000
"K2-271 b","K2-271",1,7.28000000,,,564.45400000
"K2-108 b","K2-108",1,5.33000000,,,477.29500000
"K2-335 b","K2-335",1,2.21000000,,,557.99300000
"K2-336 b","K2-336",1,1.22000000,,,239.28900000
"K2-337 b","K2-337",1,2.62000000,,,421.63600000
"K2-119 b","K2-119",1,2.53000000,,,365.58100000
"K2-338 b","K2-338",1,1.03000000,,,156.95100000
"K2-272 b","K2-272",1,3.13000000,,,423.06500000
"K2-121 b","K2-121",1,7.16000000,0.16046394,,169.39800000
"K2-273 b","K2-273",1,3.05000000,,,308.10500000
"K2-340 b","K2-340",1,3.36000000,,,738.13600000
"Kepler-571 b","Kepler-571",1,2.64000000,,,723.87500000
"K2-146 b","K2-146",1,2.05000000,0.01816000,,79.30020000
"EPIC 211945201 b","EPIC 211945201",1,5.76000000,,,181.69000000
"K2-104 b","K2-104",1,1.79000000,,,189.28900000
"K2-100 b","K2-100",1,3.88000000,0.06859047,"G0 V",188.95900000
"K2-375 b","K2-375",1,2.24300000,,,696.10000000
"Kepler-672 b","Kepler-672",1,2.50000000,,,1033.93000000
"K2-122 b","K2-122",2,1.16000000,,,72.04440000
"K2-274 b","K2-274",1,2.08000000,,,228.32700000
"K2-123 b","K2-123",1,2.76000000,,,161.55500000
"K2-345 b","K2-345",1,2.11000000,,,162.40800000
"K2-276 b","K2-276",1,3.77000000,,,488.15200000
"K2-346 b","K2-346",1,2.26000000,,,105.58000000
"K2-124 b","K2-124",1,2.90000000,,,140.38500000
"K2-187 d","K2-187",1,2.40000000,,,330.91600000
"K2-347 b","K2-347",1,2.41000000,,,320.33600000
"K2-188 c","K2-188",1,2.83000000,,,446.82100000
"EPIC 212297394 c","EPIC 212297394",1,2.27000000,,,418.39500000
"Kepler-538 b","Kepler-538",2,2.21500000,0.04058794,,155.95600000
"K2-277 b","K2-277",1,2.18575124,,,113.12300000
"K2-189 c","K2-189",1,2.31000000,,,242.11300000
"K2-278 b","K2-278",1,2.98000000,,,786.43900000
"K2-349 b","K2-349",1,1.38000000,,,453.56700000
"K2-350 c","K2-350",1,2.74000000,,,489.36800000
"Kepler-594 b","Kepler-594",1,2.18000000,,,769.20000000
"K2-126 b","K2-126",1,1.97000000,,,102.95300000
"K2-190 b","K2-190",1,1.35673729,,,160.67900000
"K2-191 b","K2-191",1,1.57889322,,,287.18800000
"K2-110 b","K2-110",1,2.59200000,0.05002699,,116.47400000
"K2-351 b","K2-351",1,2.54000000,,,694.73400000
"K2-127 b","K2-127",1,8.37000000,,,709.99900000
"K2-192 b","K2-192",1,1.52000000,,,221.75300000
"K2-378 b","K2-378",1,2.88000000,,,687.97300000
"Kepler-180 c","Kepler-180",1,3.01000000,,,695.65000000
"K2-193 b","K2-193",1,3.95000000,,,411.92300000
"EPIC 212587672 c","EPIC 212587672",1,2.32000000,,,320.07000000
"Kepler-154 d","Kepler-154",1,3.84000000,,,915.21200000
"K2-194 b","K2-194",1,3.64229858,,,629.51000000
"K2-195 b","K2-195",1,3.13000000,,,315.01400000
"K2-197 b","K2-197",1,2.56000000,,,247.63700000
"EPIC 212737443 b","EPIC 212737443",1,2.58600000,,"K3",336.25000000
"Kepler-52 c","Kepler-52",1,1.84000000,0.14284437,,321.54200000
"K2-279 b","K2-279",1,1.21000000,,,182.98300000
"K2-99 b","K2-99",1,11.88151954,0.87000000,,519.22900000
"K2-200 b","K2-200",1,1.36439870,,,184.13100000
"K2-275 b","K2-275",1,2.34000000,,,123.43800000
"K2-275 c","K2-275",1,2.21000000,,,123.43800000
"K2-198 c","K2-198",1,1.42300000,,,110.56700000
"K2-198 d","K2-198",1,2.43800000,,,110.56700000
"K2-198 b","K2-198",1,4.18900000,,,110.56700000
"K2-199 b","K2-199",1,1.73000000,0.02170983,,107.51800000
"K2-199 c","K2-199",1,2.85000000,0.03901476,,107.51800000
"Kepler-673 b","Kepler-673",1,6.54000000,,,918.21000000
"K2-173 b","K2-173",1,1.60826194,,,228.64100000
"Kepler-501 b","Kepler-501",1,4.30000000,,,1125.24000000
"Kepler-181 c","Kepler-181",1,1.99000000,,,609.28300000
"K2-179 b","K2-179",1,2.51267885,,,190.81000000
"Kepler-674 b","Kepler-674",1,1.69000000,,,342.25400000
"K2-377 b","K2-377",1,1.69300000,,,195.14900000
"Kepler-730 c","Kepler-730",1,1.56926000,,,1935.04000000
"Kepler-279 e","Kepler-279",1,,0.17619570,,1037.40000000
"Kepler-289 e","Kepler-289",1,,0.05474652,,704.43800000
"Kepler-675 b","Kepler-675",1,2.44000000,,,665.68000000
"Kepler-676 b","Kepler-676",1,3.04000000,,,295.19600000
"Kepler-1649 c","Kepler-1649",1,1.06000000,,,92.19130000
"Kepler-677 b","Kepler-677",1,5.38000000,,,1954.08000000
"Kepler-678 b","Kepler-678",1,5.14000000,,,1826.15000000
"Kepler-595 c","Kepler-595",1,1.00900000,0.01038291,,643.00900000
"Kepler-483 b","Kepler-483",1,3.21000000,,,860.35500000
"Kepler-182 c","Kepler-182",1,3.43000000,,,1549.09000000
"Kepler-572 b","Kepler-572",1,2.58000000,,,504.66700000
"Kepler-231 c","Kepler-231",1,1.93000000,,,316.61800000
"Kepler-197 c","Kepler-197",2,1.23000000,,,330.57500000
"Kepler-679 b","Kepler-679",1,3.01000000,,,922.24400000
"Kepler-680 b","Kepler-680",1,2.42000000,,,1492.48000000
"Kepler-595 b","Kepler-595",1,3.70800000,0.05474625,,643.00900000
"Kepler-155 b","Kepler-155",1,2.09000000,,,293.49900000
"Kepler-100 c","Kepler-100",1,2.20000000,0.02218167,,304.64500000
"Kepler-1704 b","Kepler-1704",1,11.94877343,4.16000000,,835.45500000
"Kepler-232 b","Kepler-232",1,3.08000000,,,1349.13000000
"Kepler-681 b","Kepler-681",1,3.08000000,,,686.92300000
"Kepler-573 b","Kepler-573",1,2.79000000,,,771.47100000
"Kepler-620 b","Kepler-620",1,3.32000000,,,1355.28000000
"Kepler-233 b","Kepler-233",1,2.43000000,,,856.41700000
"Kepler-554 b","Kepler-554",1,4.29000000,,,690.52500000
"Kepler-596 b","Kepler-596",1,3.46000000,,,1023.85000000
"Kepler-11 c","Kepler-11",1,2.87000000,0.00900000,,646.34600000
"Kepler-682 b","Kepler-682",1,7.37000000,,,1979.25000000
"Kepler-574 b","Kepler-574",1,2.39000000,,,682.89600000
"Kepler-156 b","Kepler-156",1,2.30000000,,,443.48300000
"Kepler-9 c","Kepler-9",1,8.08000000,0.09407545,,628.25700000
"Kepler-234 c","Kepler-234",1,3.51000000,,,1733.10000000
"Kepler-146 c","Kepler-146",1,3.13000000,,,716.79700000
"Kepler-457 d","KOI-7892",1,2.98467257,,,1072.30000000
"Kepler-30 c","Kepler-30",1,12.30000000,2.01000000,,914.22100000
"Kepler-158 c","Kepler-158",1,1.90000000,,,315.17700000
"KOI-7913 b","KOI-7913 A",2,2.34000000,,"K6 V",271.27700000
"Kepler-80 c","Kepler-80",1,2.74000000,0.02120631,"K5",369.45100000
"Kepler-150 d","Kepler-150",1,2.79000000,,,891.09200000
"Kepler-633 c","Kepler-633",1,2.29600000,,,680.54000000
"Kepler-159 c","Kepler-159",1,3.41000000,,,373.74400000
"Kepler-202 c","Kepler-202",1,1.85000000,,,285.11100000
"Kepler-203 c","Kepler-203",1,2.47000000,,,703.30200000
"Kepler-170 c","Kepler-170",1,2.86000000,,,738.65700000
"Kepler-172 c","Kepler-172",1,2.86000000,,,828.59200000
"Kepler-205 c","Kepler-205",1,1.64000000,,,159.72000000
"Kepler-196 c","Kepler-196",1,2.24000000,,,451.31200000
"Kepler-245 d","Kepler-245",1,3.03000000,,,861.52700000
"Kepler-28 c","Kepler-28",1,1.85700000,0.00648148,,438.35900000
"Kepler-81 c","Kepler-81",1,2.37000000,,,348.29100000
"Kepler-82 c","Kepler-82",1,5.34000000,0.04373407,,904.32600000
"Kepler-712 c","Kepler-712",1,4.85000000,,,872.49300000
"Kepler-247 d","Kepler-247",1,3.94000000,,,663.71100000
"Kepler-184 c","Kepler-184",1,1.97000000,,,610.32600000
"Kepler-210 b","Kepler-210",1,2.94000000,,,232.75000000
"Kepler-248 b","Kepler-248",1,3.02000000,,,738.79200000
"Kepler-83 d","Kepler-83",2,1.94000000,,,400.40900000
"Kepler-1711 b","Kepler-1711",1,1.92300000,,,590.26800000
"Kepler-174 c","Kepler-174",1,1.49000000,,,384.75700000
"Kepler-186 d","Kepler-186",1,1.40000000,,"M1",177.59400000
"Kepler-55 b","Kepler-55",1,2.43000000,,,578.79600000
"Kepler-251 d","Kepler-251",1,2.77000000,,,924.62500000
"Kepler-253 d","Kepler-253",1,3.17000000,,,838.59500000
"Kepler-561 c","Kepler-561",1,2.68000000,,,621.37800000
"Kepler-215 b","Kepler-215",1,1.62000000,,,485.99700000
"Kepler-62 b","Kepler-62",1,1.31000000,0.03000000,"K2 V",300.87400000
"Kepler-192 c","Kepler-192",1,2.79000000,,,651.67400000
"Kepler-33 f","Kepler-33",1,4.46000000,,,1209.16000000
